compound_name,class_index
Ag2.868S1I1_221,0
Ag3S1I0.05Br0.95_221,1
Ag3S1I0.17Br0.83_221,2
Ag3S1I0.25Br0.75_221,3
Ag3S1I0.4Br0.6_221,4
Ag3S1I0.67Br0.33_221,5
Ag3S1I0.6Br0.4_221,6
Ag3S1I0.8Br0.2_221,7
Ag3SBr_221,8
Ag3SI_221,9
AlCo3C_221,10
AlFe3C_221,11
AlPt3C_221,12
Ba0.015Sr0.975Mo1O3_221,13
Ba0.01Sr0.1La0.89Mg0.1Al0.9O2.895_221,14
Ba0.025Nb0.5Fe0.5Pb0.975O3_221,15
Ba0.02La1.98Co2O6_167,16
Ba0.03Sr0.1La0.87Mg0.1Al0.9O2.8851_221,17
Ba0.046Sr0.947Mo1O3_221,18
Ba0.05La0.95Ti0.05Cr0.95O3_221,19
Ba0.05Nb0.5Fe0.5Pb0.95O3_221,20
Ba0.05Sr0.95Ti0.5Mo0.5O3_221,21
Ba0.06La0.94Ti0.06Cr0.94O3_221,22
Ba0.06La1.94Co2O6_167,23
Ba0.06Na0.47Ti1Bi0.47O3_221,24
Ba0.06Na0.47Ti1Bi0.47O3_99,25
Ba0.071Sr0.922Mo1O3_221,26
Ba0.075Nb0.5Fe0.5Pb0.925O3_221,27
Ba0.07La0.93Ti0.07Cr0.93O3_221,28
Ba0.07Na0.465Ti1Bi0.465O3_99,29
Ba0.08La1.92Co2O6_167,30
Ba0.097Sr0.9Mo1O3_221,31
Ba0.09Ti0.16Nb0.56Zn0.28Pb0.91O3_99,32
Ba0.09Ti0.17Nb0.554Zn0.276Pb0.91O3_99,33
Ba0.09Ti0.18Nb0.547Zn0.273Pb0.91O3_99,34
Ba0.09Ti0.19Nb0.54Zn0.27Pb0.91O3_99,35
Ba0.11Ti0.2Nb0.533Zn0.267Pb0.89O3_99,36
Ba0.12La0.88Ti0.12Cr0.88O3_221,37
Ba0.12La1.88Co2O6_167,38
Ba0.12Na0.425Sr0.03Ti1Bi0.425O3_221,39
Ba0.14La0.86Ti0.14Cr0.86O3_221,40
Ba0.15Ca0.05La0.8Mn1O3_221,41
Ba0.15La0.85In1O3_221,42
Ba0.15Nb0.5Fe0.5Pb0.85O3_221,43
Ba0.168Ca1.164La2.668Mn4O12_62,44
Ba0.16La0.84Ti0.16Cr0.84O3_221,45
Ba0.16La1.84Co2O6_167,46
Ba0.18La0.82Ti0.18Cr0.82O3_221,47
Ba0.1Ca0.3La1.6Mn2O6_167,48
Ba0.1Ca0.6La1.3Mn2O6_167,49
Ba0.1Ca0.9La1Mn2O6_74,50
Ba0.1La0.9In1O3_221,51
Ba0.1La0.9Mn1O3_221,52
Ba0.1La0.9Ti0.1Cr0.9O3_221,53
Ba0.1La1.9Co2O6_167,54
Ba0.1Mg0.167Ti0.5Nb0.333Pb0.9O3_99,55
Ba0.1Nb0.5Fe0.5Pb0.9O3_221,56
Ba0.1Pr0.15Fe1Bi0.75O3_221,57
Ba0.1Sr0.4La0.5Mn1O3_123,58
Ba0.1Sr0.4La0.5Mn1O3_221,59
Ba0.1Sr0.4La1.2Mn2O6_167,60
Ba0.1Sr0.5La0.4Ta0.2Co0.8O3_221,61
Ba0.1Zr0.4Ti0.6Pb0.9O3_99,62
Ba0.1Zr0.65Ti0.35Pb0.9O3_221,63
Ba0.22La0.78Ti0.22Cr0.78O3_221,64
Ba0.22Sr0.44La1.34Mg0.2Mn1.8O6_74,65
Ba0.22Sr0.44La1.34Mn1.6Co0.4O6_74,66
Ba0.22Sr0.44La1.34Mn1.8Co0.2O6_74,67
Ba0.22Sr0.44La1.34Mn2O6_74,68
Ba0.23Mg0.29Nb0.71Pb0.77O3_221,69
Ba0.2475La0.0025Ti0.25Fe0.75Bi0.75O3_221,70
Ba0.248Sr0.752Ti0.942Sn0.058O3_221,71
Ba0.2496Sr0.7488Zr0.2832Ti0.7152O3_221,72
Ba0.24La1.76Co2O6_167,73
Ba0.256Sr0.744Ti1O3_221,74
Ba0.25Ca0.1La0.65Mn1O3_221,75
Ba0.25Fe1Bi0.75O3_99,76
Ba0.25La0.0075Ti0.25Fe0.75Bi0.7425O3_221,77
Ba0.25La0.75Co1O3_221,78
Ba0.25La0.75Mn1O3_221,79
Ba0.25La1.75Mn2O6_167,80
Ba0.25Sr0.75Tc1O3_221,81
Ba0.26La0.74Ti0.26Cr0.74O3_221,82
Ba0.26La1.34Mn2Zn0.4O6_167,83
Ba0.282Sr0.718Ti0.937Sn0.063O3_221,84
Ba0.28La0.72Co1O3_221,85
Ba0.28Sr0.57Co1Bi0.15O2.598_221,86
Ba0.28Sr0.57Co1Bi0.15O2.607_221,87
Ba0.28Sr0.57Co1Bi0.15O2.676_221,88
Ba0.28Sr0.57Fe0.25Co0.75Bi0.15O2.721_221,89
Ba0.28Sr0.57Fe0.25Co0.75Bi0.15O2.724_221,90
Ba0.28Sr0.57Fe0.5Co0.5Bi0.15O2.652_221,91
Ba0.28Sr0.57Fe0.5Co0.5Bi0.15O2.823_221,92
Ba0.28Sr0.57Fe0.75Co0.25Bi0.15O2.706_221,93
Ba0.28Sr0.57Fe0.75Co0.25Bi0.15O2.775_221,94
Ba0.28Sr0.57Fe1Bi0.15O2.658_221,95
Ba0.28Sr0.57Fe1Bi0.15O2.853_221,96
Ba0.2Ca0.2La1.6Mn1.8Co0.2O6_167,97
Ba0.2Ca0.2La1.6Mn1.9Co0.1O6_167,98
Ba0.2Ca0.2La1.6Mn2O6_167,99
Ba0.2Ca0.5La1.3Mn2O6_167,100
Ba0.2Ca0.8La1Mn2O6_74,101
Ba0.2Fe0.95Co0.05Bi0.8O3_99,102
Ba0.2Fe0.97Co0.03Bi0.8O3_123,103
Ba0.2Fe1Bi0.8O2.799F0.201_99,104
Ba0.2Fe1Bi0.8O2.9001_99,105
Ba0.2Fe1Bi0.8O3_99,106
Ba0.2La0.8Mn1O3_221,107
Ba0.2La0.8Ti0.2Cr0.8O3_221,108
Ba0.2La1.8Co2O6_167,109
Ba0.2La3.8In4O12_62,110
Ba0.2La3.8Mg0.8Ga3.2O10.928_62,111
Ba0.2La3.8Mn4O12_62,112
Ba0.2La3.8Ti0.2Mn3.8O12_62,113
Ba0.2Mg0.167Ti0.5Nb0.333Pb0.8O3_99,114
Ba0.2Nb0.5Fe0.5Pb0.8O3_221,115
Ba0.2Sr0.3La0.5Mn1O3_123,116
Ba0.2Sr0.3La0.5Mn1O3_221,117
Ba0.2Sr0.4Ca1.4La2Mn4O12_62,118
Ba0.2Sr0.4La0.4Ta0.2Co0.8O3_221,119
Ba0.2Sr0.4La1.2Mn2O6_167,120
Ba0.2Sr0.6La1.2Mn2O6_167,121
Ba0.2Sr0.8Ca1La2Mn4O12_62,122
Ba0.2Sr0.8Fe1O2.679_221,123
Ba0.2Sr0.8Fe1O3_221,124
Ba0.2Sr0.8Ti1O3_221,125
Ba0.2Sr1.2Ca0.6La2Mn4O12_62,126
Ba0.2Ti0.1Fe0.9Bi0.8O2.949_99,127
Ba0.2Zr0.4Ti0.6Pb0.8O3_99,128
Ba0.2Zr0.65Ti0.35Pb0.8O3_221,129
Ba0.30614Ti0.30614Fe0.69386Bi0.59508O3_221,130
Ba0.32La0.68Ti0.32Cr0.68O3_221,131
Ba0.332Ca0.332La1.334Mn2O6_167,132
Ba0.332Ca1La2.668Mn4O12_62,133
Ba0.333Ca0.333La0.333Ti0.667Zn0.333O2.649_221,134
Ba0.333La0.667Mg0.067Ti0.667Cu0.266O3_221,135
Ba0.333La0.667Mn0.85Cr0.15O3_221,136
Ba0.333La0.667Ti0.667Cd0.067Cu0.266O3_221,137
Ba0.333La0.667Ti0.667Zn0.067Cu0.266O3_221,138
Ba0.33La0.67Mn1O3_221,139
Ba0.33La0.67Ti0.05Mn0.95O3_221,140
Ba0.33La0.67Ti0.15Mn0.85O3_221,141
Ba0.33La0.67Ti0.4Mn0.6O3_221,142
Ba0.33La0.67Ti0.6Mn0.4O3_221,143
Ba0.34La0.66Ti0.34Cr0.66O3_221,144
Ba0.34La1.66Mn1.8Cu0.2O6_167,145
Ba0.34La1.66Mn1.8Zn0.2O6_167,146
Ba0.35937Ti0.35937Fe0.64063Bi0.54824O3_221,147
Ba0.35La0.65Co1O3_221,148
Ba0.35La1.65Mn2O6_167,149
Ba0.36La0.64Ti0.36Cr0.64O3_221,150
Ba0.36La1.34Mn2Zn0.3O6_167,151
Ba0.36La1.64Co2O6_167,152
Ba0.36La1.64Mn2O6_167,153
Ba0.36Sr0.64La0.1Sm0.9Fe2O6_167,154
Ba0.37La1.63Mn2O6_167,155
Ba0.38Ca0.18La0.44Ti0.57Mn0.43O2.907_221,156
Ba0.38Ca0.18La0.44Ti0.58Ni0.42O2.85_221,157
Ba0.38La0.62Ti0.38Cr0.62O3_221,158
Ba0.38Sr0.12La0.34Nd0.16Fe1O2.994_221,159
Ba0.392La1.608Mn1.84Cu0.16O6_167,160
Ba0.392La1.608Mn1.84Zn0.16O6_167,161
Ba0.3Ca0.4La1.3Mn2O6_167,162
Ba0.3Fe1Bi0.7O2.7F0.3_99,163
Ba0.3Fe1Bi0.7O2.85_99,164
Ba0.3La0.7Co1O3_221,165
Ba0.3La0.7Mn0.1Co0.9O3_221,166
Ba0.3La0.7Mn0.2Co0.8O3_221,167
Ba0.3La0.7Mn0.4Co0.6O3_221,168
Ba0.3La0.7Mn1O3_221,169
Ba0.3La0.7Ti0.3Cr0.7O3_221,170
Ba0.3La1.3Mn2O6_167,171
Ba0.3La1.7Co2O6_167,172
Ba0.3La1.7Mn2O6_167,173
Ba0.3La3.7Mn4O12_62,174
Ba0.3Na0.152La1.42Mn2O5.94_167,175
Ba0.3Na0.7Ti0.3Nb0.7O3_221,176
Ba0.3Nb0.5Fe0.5Pb0.7O3_221,177
Ba0.3Sr0.4La1.2Mn2O6_167,178
Ba0.3Zr0.4Ti0.6Pb0.7O3_99,179
Ba0.3Zr0.65Ti0.35Pb0.7O3_221,180
Ba0.414Mg0.28Nb0.72Pb0.586O3_221,181
Ba0.42La0.58Ti0.42Cr0.58O3_221,182
Ba0.437Sr0.563Ti1O3_221,183
Ba0.444La1.556Mn1.88Cu0.12O6_167,184
Ba0.444La1.556Mn1.88Zn0.12O6_167,185
Ba0.44La0.56Ti0.44Cr0.56O3_221,186
Ba0.44Nd1.56Co2O6_74,187
Ba0.44Sr0.88La2.68Mg0.8Mn3.2O12_62,188
Ba0.44Sr0.88La2.68Mn2.8Co1.2O12_62,189
Ba0.44Sr0.88La2.68Mn4O12_62,190
Ba0.45La0.55Co1O3_221,191
Ba0.45La1.55Mn2O6_167,192
Ba0.46Ca0.2La1.04Y0.3Mn2O6_167,193
Ba0.46Ca0.2La1.14Y0.2Mn2O6_167,194
Ba0.46Ca0.2La1.24Y0.1Mn2O6_167,195
Ba0.46Ca0.2La1.34Mn2O6_167,196
Ba0.46La0.54Ti0.46Cr0.54O3_221,197
Ba0.46Na0.056La1.44Mn2O6_167,198
Ba0.48Ca0.51Ti0.84Sn0.16O3_99,199
Ba0.48La0.52Mn0.51Ru0.49O3_221,200
Ba0.48La0.52Ti0.48Cr0.52O3_221,201
Ba0.496La1.504Mn1.92Cu0.08O6_167,202
Ba0.496La1.504Mn1.92Zn0.08O6_167,203
Ba0.4Ca0.1La0.5Mn1O3_123,204
Ba0.4Ca0.2La1.4Mn1.7Cr0.3O6_167,205
Ba0.4Ca0.2La1.4Mn1.8Cr0.2O6_167,206
Ba0.4Ca0.2La1.4Mn2O6_167,207
Ba0.4Ca0.2Nd0.4Ti0.6Zn0.4O2.898_221,208
Ba0.4Ca0.4La1.2Mn2O6_167,209
Ba0.4Ca1.2La2.4Mn4O12_62,210
Ba0.4La0.6Co1O3_221,211
Ba0.4La0.6Fe0.1Co0.9O3_221,212
Ba0.4La0.6Mn0.1Co0.9O3_221,213
Ba0.4La0.6Ti0.4Cr0.6O3_221,214
Ba0.4La1.6Co2O6_167,215
Ba0.4La1.6Co2O6_74,216
Ba0.4La1.6Fe1.6Co0.4O6_167,217
Ba0.4La1.6Mn1.6Fe0.4O6_167,218
Ba0.4La1.6Mn1.7Fe0.3O6_167,219
Ba0.4La1.6Mn1.8Fe0.2O6_167,220
Ba0.4La1.6Mn1.9Fe0.1O6_167,221
Ba0.4La1.6Mn2O6_167,222
Ba0.4La3.6In4O12_62,223
Ba0.4La3.6Mg1.8Ti2.2O12_14,224
Ba0.4La3.6Mg2.5334Nb1.4666O12_14,225
Ba0.4La3.6Mg2Ti1.8W0.2O12_14,226
Ba0.4La3.6Mn4O12_62,227
Ba0.4La3.6Ti0.4Mn3.6O12_62,228
Ba0.4Nd3.6Mn4O12_62,229
Ba0.4Pr3.6Co4O12_62,230
Ba0.4Pr3.6Mn4O12_62,231
Ba0.4Sr0.1La0.5Mn1O3_221,232
Ba0.4Sr0.35Ca0.25Ti1O3_221,233
Ba0.4Sr0.3Ca0.3Ti1O3_221,234
Ba0.4Sr0.43Ca0.17Ti1O3_221,235
Ba0.4Sr0.45Ca0.15Ti1O3_221,236
Ba0.4Sr0.4Ca0.2Ti1O3_221,237
Ba0.4Sr0.4La1.2Mn2O6_167,238
Ba0.4Sr0.55Ca0.05Ti1O3_221,239
Ba0.4Sr0.5Ca0.1Ti1O3_221,240
Ba0.4Sr0.6Ti1H0.294O2.706_221,241
Ba0.4Sr0.6Ti1O3_221,242
Ba0.4Sr0.8Nd2.8Mn4O12_62,243
Ba0.4Sr1.6La2Zn2Sb2O12_14,244
Ba0.4Sr3.6Ca2W2O12_14,245
Ba0.4Sr3.6Ho2Ru2O12_14,246
Ba0.4Sr3.6Ru4O12_62,247
Ba0.4Sr3.6Sn4O12_62,248
Ba0.4Sr3.6Ta2In2O12_14,249
Ba0.4Sr3.6Ti0.4Ru3.6O12_62,250
Ba0.4Sr3.6Y2Ir2O12_14,251
Ba0.4Sr3.6Y2Os2O12_14,252
Ba0.4Zr0.4Ti0.6Pb0.6O3_99,253
Ba0.4Zr0.65Ti0.35Pb0.6O3_221,254
Ba0.50124Ti0.50124Fe0.49876Bi0.34492O3_221,255
Ba0.50127Ti0.50127Fe0.49873Bi0.34453O3_221,256
Ba0.51745Ti0.51745Fe0.48254Bi0.44464O3_221,257
Ba0.51Ca0.48Ti0.83Sn0.17O3_99,258
Ba0.52Sr0.48La0.08Nd0.92Fe2O5.964_167,259
Ba0.5472Na0.2208La0.2016Eu0.0192Ti0.9984O2.9952_221,260
Ba0.548La1.452Mn1.96Cu0.04O6_167,261
Ba0.548La1.452Mn1.96Zn0.04O6_167,262
Ba0.54La1.46Sc0.2Mn1.8O6_167,263
Ba0.54La1.46Sc2O5.73_74,264
Ba0.552La1.448Sc0.16Mn1.84O6_167,265
Ba0.564La1.436Sc0.12Mn1.88O6_167,266
Ba0.575Sr0.425Sn1O3_123,267
Ba0.576La1.424Sc0.08Mn1.92O6_167,268
Ba0.57Ca0.43Ti0.87Sn0.13O3_99,269
Ba0.588La1.412Sc0.04Mn1.96O6_167,270
Ba0.592Sr0.408Ti1O3_221,271
Ba0.5952Na0.1968La0.1776Eu0.0192Ti0.9984O3_221,272
Ba0.5La0.5Co1O2.871_221,273
Ba0.5La0.5Co1O2.88954_221,274
Ba0.5La0.5Co1O2.90931_221,275
Ba0.5La0.5Co1O3_221,276
Ba0.5La0.5Fe0.5Cu0.5O2.67_221,277
Ba0.5La0.5Fe1O2.955_221,278
Ba0.5La0.5Mg0.25Ti0.75O3_221,279
Ba0.5La0.5Mn0.05Co0.95O3_221,280
Ba0.5La0.5Mn0.5Ru0.5O3_221,281
Ba0.5La0.5Mn1O3_221,282
Ba0.5La0.5Ti0.5Cr0.5O3_221,283
Ba0.5La0.5Ti0.5Cu0.5O3_221,284
Ba0.5La1.3Mn2O6_167,285
Ba0.5La1.5Co2O6_167,286
Ba0.5La1.5Mn2O6_167,287
Ba0.5La3.5Ti0.5Mn3.5O12_62,288
Ba0.5Nd0.5Fe0.75Co0.25O3_221,289
Ba0.5Nd0.5Fe1O3_221,290
Ba0.5Nd0.5Mn0.75Co0.25O2.7_221,291
Ba0.5Nd0.5Mn1O2.7_221,292
Ba0.5Sr0.5Fe0.266Co0.539Mo0.195O2.814_221,293
Ba0.5Sr0.5Fe0.2Co0.8O3_221,294
Ba0.5Sr0.5Fe0.5Co0.5O2.67_221,295
Ba0.5Sr0.5Mo1O3_221,296
Ba0.5Sr0.5Pb1O3_221,297
Ba0.5Sr0.5Sn1O3_123,298
Ba0.5Sr0.5Sn1O3_221,299
Ba0.5Sr0.5Ti0.5Mo0.5O3_221,300
Ba0.5Sr0.5Zr0.05Ti0.95O3_221,301
Ba0.5Sr3.5Er2Mo2O12_14,302
Ba0.5Sr3.5Y2Ru2O12_14,303
Ba0.5Ti0.5Mn0.5Bi0.5O3_221,304
Ba0.5Zr0.4Ti0.6Pb0.5O3_221,305
Ba0.5Zr0.4Ti0.6Pb0.5O3_99,306
Ba0.62615Ti0.62615Fe0.37384Bi0.32097O3_221,307
Ba0.648Na0.1728La0.1536Eu0.0192Ti0.9984O3_221,308
Ba0.64La1.34Mn2O6_167,309
Ba0.65La1.34Mn2O6_167,310
Ba0.65Sc0.35Ti0.65Bi0.35O3_221,311
Ba0.6667La0.3333Fe1O2.532_221,312
Ba0.6667La0.3333Fe1O2.535_221,313
Ba0.6667La0.3333Fe1O2.547_221,314
Ba0.6667La0.3333Fe1O2.553_221,315
Ba0.6667La0.3333Fe1O2.745_221,316
Ba0.6667La0.3333Fe1O2.763_221,317
Ba0.6667La0.3333Fe1O2.832_221,318
Ba0.6667La0.3333Fe1O2.844_221,319
Ba0.6667La0.3333Fe1O2.85_221,320
Ba0.6667La0.3333Fe1O2.937_221,321
Ba0.6667La0.3333Fe1O2.961_221,322
Ba0.6667La0.3333Fe1O2.964_221,323
Ba0.6667La0.3333Fe1O2.976_221,324
Ba0.6667Nd0.3333Fe1O2.841_221,325
Ba0.6667Nd0.3333Fe1O2.88_221,326
Ba0.666La1.334Mn1.8Cr0.2O6_167,327
Ba0.666La1.334Mn1.96Cr0.04O6_167,328
Ba0.666La1.334Mn1.9Cr0.1O6_167,329
Ba0.666La1.334Mn2O6_167,330
Ba0.66La0.68Nd0.66Mn2O5.952_167,331
Ba0.66La0.68Pr0.66Mn2O5.94_167,332
Ba0.66La0.68Sm0.66Mn2O5.892_167,333
Ba0.66La1.34Mn1.7Sn0.3O6_167,334
Ba0.66La1.34Mn1.8Cr0.2O6_167,335
Ba0.66La1.34Mn1.8Sn0.2O6_167,336
Ba0.66La1.34Mn1.9Sn0.1O6_167,337
Ba0.66La1.34Mn2O5.8902_167,338
Ba0.66La1.34Mn2O6_167,339
Ba0.66La3.34Cr2Fe2O9.756_62,340
Ba0.66La3.34Cr2Fe2O9.804_62,341
Ba0.66La3.34Cr2Fe2O9.852_62,342
Ba0.67Sr0.33Ti1O3_99,343
Ba0.696Na0.1488La0.096Eu0.0192Ti0.9984O2.9952_221,344
Ba0.6Ca0.2La1.2Mn2O6_167,345
Ba0.6Ca0.4La1Mn2O6_74,346
Ba0.6Ca1.4La2Mn4O12_62,347
Ba0.6Ca3.4La2Nb2O12_14,348
Ba0.6La0.4Fe0.8Co0.2O2.7_221,349
Ba0.6La0.4In1O2.7_221,350
Ba0.6La0.4Ti0.6Cr0.4O3_221,351
Ba0.6La1.1Eu0.3Mn2O6_167,352
Ba0.6La1.2Eu0.2Mn2O6_167,353
Ba0.6La1.3Eu0.1Mn2O6_167,354
Ba0.6La1.3Mn2O6_167,355
Ba0.6La1.4Co2O6_167,356
Ba0.6La1.4Mg0.7Ti1.3O6_74,357
Ba0.6La1.4Mn2O5.934_167,358
Ba0.6La1.4Mn2O6_167,359
Ba0.6La1Y0.4Mn1.6Fe0.4O6_74,360
Ba0.6La3.4In4O12_62,361
Ba0.6Na0.4Ti0.6Nb0.4O3_221,362
Ba0.6Sr0.2La1.2Mn2O6_167,363
Ba0.6Sr0.39Ti0.74Sn0.26O3_221,364
Ba0.6Sr0.4Fe1O3_221,365
Ba0.6Sr0.4Sn1O3_221,366
Ba0.6Sr0.4Zr0.05Ti0.95O3_221,367
Ba0.6Sr0.56La0.84Nb0.06Fe1.24Co0.7O6_167,368
Ba0.71Fe0.86Bi0.43O2.6451_221,369
Ba0.72035Ti0.72035Fe0.27964Bi0.22739O3_221,370
Ba0.746Sr0.15Ca0.1Y0.004Ti1O3_99,371
Ba0.75Sr0.25Sn1O3_221,372
Ba0.775Dy0.15Ti0.9Sn0.1O3_221,373
Ba0.7968Na0.096La0.0768Eu0.0192Ti0.9984O3_221,374
Ba0.7Fe0.9Bi0.4O2.67_221,375
Ba0.7Gd0.3Mg0.15Ti0.85O3_221,376
Ba0.7La0.3Mg0.15Ti0.85O3_221,377
Ba0.7La1.3Mn2O6_167,378
Ba0.7Na0.3Ti0.7Nb0.3O3_221,379
Ba0.7Sr0.09Ca0.21Ti1O3_99,380
Ba0.7Sr0.12Ca0.18Ti1O3_99,381
Ba0.7Sr0.15Ca0.15Ti1O3_99,382
Ba0.7Sr0.18Ca0.12Ti1O3_99,383
Ba0.7Sr0.24Ca0.06Ti1O3_99,384
Ba0.7Sr0.3Zr0.05Ti0.95O3_221,385
Ba0.7Sr0.3Zr0.05Ti0.95O3_99,386
Ba0.7Ti0.7Fe0.3Bi0.3O3_221,387
Ba0.81Ca0.19Ti0.6Sn0.4O3_99,388
Ba0.829Sr0.171Ce0.11Ti0.89O3_221,389
Ba0.82Ca0.18Ti1O3_221,390
Ba0.851Y0.517Zr0.632O2.889_221,391
Ba0.854Ti0.875Zn0.125Bi0.146O3_99,392
Ba0.856Sr0.428La2.712Co4O12_62,393
Ba0.85Ca0.15Zr0.1Ti0.9O3_221,394
Ba0.85Dy0.1Ti0.9Sn0.1O3_221,395
Ba0.85Sr0.15Ti1O3_99,396
Ba0.86937Ti0.86937Fe0.13063Bi0.07175O3_221,397
Ba0.86Ca0.14Ti1O3_221,398
Ba0.875Ti0.875Nb0.0417Zn0.0833Bi0.125O3_221,399
Ba0.87Ca0.13Ti0.81Sn0.19O3_99,400
Ba0.88Ca0.12Ti0.93O2.79_99,401
Ba0.88Ca0.12Ti0.96O2.88_99,402
Ba0.88Ca0.12Ti1O3_99,403
Ba0.88Nd3.12Co4O12_62,404
Ba0.8992Na0.0496La0.0296Eu0.02Ti1O2.9984_99,405
Ba0.89Fe0.74Bi0.37O2.5551_221,406
Ba0.8Ca0.2La1Mn2O6_74,407
Ba0.8Ca0.2Zr1O3_221,408
Ba0.8Ca0.8La2.4Mn4O12_62,409
Ba0.8Ca1.2La2Mn4O12_62,410
Ba0.8Fe0.8Bi0.4O2.601_221,411
Ba0.8Gd0.2Mg0.1Ti0.9O3_221,412
Ba0.8La0.2In1O2.598_221,413
Ba0.8La0.2Ti0.8Cr0.2O3_221,414
Ba0.8La1.2Fe1.6Co0.4O5.7_167,415
Ba0.8La1.2Mn2O6_167,416
Ba0.8La3.2Fe3.2Co0.8O12_62,417
Ba0.8Pr2.8Mn4O12_62,418
Ba0.8Pr3.2Co4O12_62,419
Ba0.8Pr3.2Mn4O12_62,420
Ba0.8Sc0.2Ti0.8Bi0.2O3_221,421
Ba0.8Sr0.15Ti1Zn0.05O3_99,422
Ba0.8Sr0.17Ti1Zn0.03O3_99,423
Ba0.8Sr0.2Fe1O3_221,424
Ba0.8Sr0.2Hf1O3_221,425
Ba0.8Sr0.2Sn1O3_221,426
Ba0.8Sr0.2Ti1H0.195O2.805_221,427
Ba0.8Sr0.2Ti1O3_99,428
Ba0.8Sr0.2Zr0.05Ti0.95O3_99,429
Ba0.8Sr0.48La0.72Nb0.08Fe1.12Co0.8O6_167,430
Ba0.8Sr0.4Nd2.8Mn4O12_62,431
Ba0.8Sr1.2La2Zn2Sb2O12_14,432
Ba0.8Sr3.2Ca2W2O12_14,433
Ba0.8Sr3.2Hf4O12_62,434
Ba0.8Sr3.2Ho2Ru2O12_14,435
Ba0.8Sr3.2Sn4O12_62,436
Ba0.8Sr3.2Ta2In2O12_14,437
Ba0.8Sr3.2Y2Ir2O12_14,438
Ba0.8Sr3.2Y2Os2O12_14,439
Ba0.905Ca0.079Ti1O2.992_99,440
Ba0.914Ca0.113Ti0.973O2.951_99,441
Ba0.925Ti0.925Nb0.025Zn0.05Bi0.075O3_221,442
Ba0.92La0.08Ti0.92Cr0.08O3_221,443
Ba0.92La1.08Mn1.048Ru0.952O6_74,444
Ba0.92Na0.04La0.0192Eu0.02Ti1O3_99,445
Ba0.92Ti0.92Fe0.08Bi0.08O3_221,446
Ba0.92Ti0.9O2.89_99,447
Ba0.936Ti0.923Zn0.077Bi0.064O3_99,448
Ba0.936Ti0.961Zn0.039Bi0.064O3_221,449
Ba0.936Ti0.961Zn0.039Bi0.064O3_99,450
Ba0.93Mg0.21Ti0.79O2.97_221,451
Ba0.93Sc0.07Ti0.93Bi0.07O3_221,452
Ba0.93Sc0.07Ti0.93Bi0.07O3_99,453
Ba0.942Sm0.09997Ti0.942O3_99,454
Ba0.948Nb1O3_221,455
Ba0.9496Na0.0248La0.0048Eu0.02Ti1O3_99,456
Ba0.94Ca0.06Ti1O3_221,457
Ba0.94Gd0.06Mg0.03Ti0.97O3_221,458
Ba0.94La0.04Ti1O3_221,459
Ba0.94La0.06Ti0.94Cr0.06O3_221,460
Ba0.94Ti0.94Fe0.06Bi0.06O3_99,461
Ba0.95Ca0.05Zr0.1Ti0.9O3_221,462
Ba0.95Ca0.05Zr0.1Ti0.9O3_99,463
Ba0.95Dy0.05Zr0.25Ti0.75O3_221,464
Ba0.95Fe0.7Bi0.35O2.5251_221,465
Ba0.95La0.05Ti0.95Cr0.05O3_221,466
Ba0.95Sr0.05Sn1O3_221,467
Ba0.95Sr0.05Ti1O3_99,468
Ba0.95Ti0.98Co0.02Pb0.05O3_99,469
Ba0.95Ti0.995Co0.005Pb0.05O3_99,470
Ba0.95Ti0.997Co0.003Pb0.05O3_99,471
Ba0.95Ti0.999Co0.001Pb0.05O3_99,472
Ba0.95Ti0.99Co0.01Pb0.05O3_99,473
Ba0.95Ti1Pb0.05O3_99,474
Ba0.961Ti0.937Zn0.063Bi0.039O3_221,475
Ba0.961Ti0.937Zn0.063Bi0.039O3_99,476
Ba0.9694La0.25Sn0.75O2.844_221,477
Ba0.96Bi0.86O3_221,478
Ba0.96La0.0267Ti1O3_99,479
Ba0.96La0.04Ti0.96Cr0.04O3_221,480
Ba0.96Nd0.04Ti1O3_99,481
Ba0.972Tb0.183Zr0.83O2.907_221,482
Ba0.973Na0.0074Y0.024Ti0.988Bi0.0074O3_99,483
Ba0.975Dy0.025Zr0.25Ti0.75O3_221,484
Ba0.975Ti0.975Nb0.00833Zn0.01667Bi0.025O3_99,485
Ba0.975Yb0.191Zr0.814O2.889_221,486
Ba0.9798Nd0.25Sn0.75O2.856_221,487
Ba0.979Ho0.192Zr0.817O2.901_221,488
Ba0.979Na0.0075Y0.012Ti0.994Bi0.0075O3_99,489
Ba0.979Na0.01Y0.002Ti0.999Bi0.01O3_99,490
Ba0.97Nb1O3_221,491
Ba0.97Tm0.192Zr0.819O2.895_221,492
Ba0.97Y0.19Zr0.81O2.874_221,493
Ba0.982Na0.0075Y0.006Ti0.997Bi0.0075O3_99,494
Ba0.984Er0.193Zr0.821O2.916_221,495
Ba0.984Na0.0075Y0.002Ti0.999Bi0.0075O3_99,496
Ba0.9852Sm0.25Sn0.75O2.874_221,497
Ba0.985Na0.015Ti0.985Nb0.015O3_99,498
Ba0.985Pr0.213Zr0.802O2.91_221,499
Ba0.9889Fe0.6022Bi0.3886O2.6649_221,500
Ba0.989Na0.005Y0.002Ti0.999Bi0.005O3_99,501
Ba0.98Ca0.02Ti1O3_221,502
Ba0.98Gd0.204Zr0.816O2.919_221,503
Ba0.98Sr0.02Ta0.98W0.02N0.9999O2.0001_221,504
Ba0.98Ti0.98Fe0.02Bi0.02O3_99,505
Ba0.98Zr0.83In0.17O2.895_221,506
Ba0.9901Gd0.25Sn0.75O2.874_221,507
Ba0.9904In0.25Sn0.75O2.874_221,508
Ba0.9913Y0.25Sn0.75O2.874_221,509
Ba0.9914Fe0.6987Bi0.2901O2.6403_221,510
Ba0.992Ti1O3_99,511
Ba0.9942Fe0.8024Bi0.1892O2.6145_221,512
Ba0.994Na0.0025Y0.002Ti0.999Bi0.0025O3_99,513
Ba0.994Sr0.006Ce0.063Ti0.937O3_221,514
Ba0.9965Na0.00125Y0.002Ti0.999Bi0.00125O3_99,515
Ba0.996Y0.004Ti1O3_99,516
Ba0.9983Sc0.25Sn0.75O2.874_221,517
Ba0.9997Fe0.8734Bi0.0974O2.5881_221,518
Ba0.99Sr0.01Sn1O3_221,519
Ba0.99Sr0.01Ta0.99W0.01N0.9999O2.0001_221,520
Ba0.9Ca0.1Ti0.97Fe0.03O2.8607_99,521
Ba0.9Ca0.1Ti0.97Fe0.03O2.9517_99,522
Ba0.9Ca0.1Ti1O3_221,523
Ba0.9La0.067Ti1O3_221,524
Ba0.9La0.1Mg0.05Ti0.95O3_221,525
Ba0.9La0.1Ti0.9Cr0.1O3_221,526
Ba0.9Nd0.1Ti1O3_221,527
Ba0.9Sm0.067Ti1O3_99,528
Ba0.9Sr0.1Sn1O3_221,529
Ba0.9Sr0.1Ti1O3_99,530
Ba0.9Sr0.1Zr0.05Ti0.95O3_99,531
Ba0.9Ti0.9Nb0.0333Zn0.0667Bi0.1O3_221,532
Ba0.9Y0.12Zr0.88O2.835_221,533
Ba1.0688Sr2.9312Zr3.9168Ti0.0832O12_62,534
Ba1.076Sr2.924Zr3.6032Ti0.3968O12_62,535
Ba1.1272Sr2.8728Zr3.9328Ti0.0672O12_62,536
Ba1.152Sr2.848Zr3.8064Ta0.0416Ti0.152O12_62,537
Ba1.2La1.6Y1.2Mn2.8Fe1.2O12_62,538
Ba1.2La2.4Pr0.4Mn2.8Ni1.2O12_62,539
Ba1.2La2.4Pr0.4Mn3.2Ni0.8O12_62,540
Ba1.2La2.4Pr0.4Mn3.6Ni0.4O12_62,541
Ba1.2La2.4Pr0.4Mn4O12_62,542
Ba1.2La2.4Y0.4Mn3.6Fe0.4O12_62,543
Ba1.2Pr2.8Co4O12_62,544
Ba1.2Pr2.8Mn4O12_62,545
Ba1.2Sr0.32La0.48Nb0.12Fe0.88Co1O6_167,546
Ba1.2Sr0.8Hf2O6_140,547
Ba1.2Sr2.8Ca2W2O12_14,548
Ba1.2Sr2.8Ho2Ru2O12_14,549
Ba1.2Sr2.8Y2Ir2O12_14,550
Ba1.32La2.28Eu0.4Mn3.4Fe0.6O12_62,551
Ba1.32La2.68Mn3.4Fe0.6O12_62,552
Ba1.32Pr2.68Mn4O12_62,553
Ba1.5Sr2.5Er2Mo2O12_14,554
Ba1.6Ca0.4Zr2O6_140,555
Ba1.6Pr2.4Co4O12_62,556
Ba1.6Sr2.4Ca2W2O12_14,557
Ba1Be0.33Ir0.67O3_221,558
Ba1Bi0.05Sb0.25Pb0.7O3_221,559
Ba1Bi0.25Pb0.75O3_123,560
Ba1Bi0.2Pb0.8O3_123,561
Ba1Bi1O2.82_221,562
Ba1Ca0.335Mn0.165Nb0.5O2.754_221,563
Ba1Ca0.335Nb0.5Co0.165O2.7525_221,564
Ba1Ca0.335Nb0.5Fe0.165O2.775_221,565
Ba1Ca0.33Ta0.67O3_221,566
Ba1Ce0.02Ti0.98O3_99,567
Ba1Ce0.1Zr0.9O3_221,568
Ba1Ce0.2Y0.1Zr0.7H0.00804O2.9541_221,569
Ba1Ce0.4Zr0.6O3_221,570
Ba1Ce0.5Nb0.5O3_221,571
Ba1Ce0.7Y0.05Zr0.2Zn0.05O3_221,572
Ba1Ce0.7Y0.15Zr0.1Zn0.05O3_221,573
Ba1Ce0.7Y0.1Zr0.15Zn0.05O3_221,574
Ba1Ce0.7Zr0.3O3_221,575
Ba1Ce0.8Y0.2O2.79_221,576
Ba1Ce0.8Y0.2O2.871_221,577
Ba1Ce0.8Y0.2O2.91_221,578
Ba1Ce0.8Y0.2O3_221,579
Ba1Ce0.8Zr0.2O3_221,580
Ba1Co0.5Mo0.5O3_221,581
Ba1Co0.5W0.5O3_221,582
Ba1Dy0.05Zr0.95O2.976_221,583
Ba1Dy0.15Zr0.85O2.925_221,584
Ba1Dy0.1Zr0.9O2.949_221,585
Ba1Dy0.2Zr0.8O2.9025_221,586
Ba1Dy0.5Nb0.5O3_221,587
Ba1Dy0.5Sb0.5O3_221,588
Ba1Er0.5Nb0.5O3_221,589
Ba1Eu0.5Nb0.5O3_221,590
Ba1Eu0.5Sb0.5O3_221,591
Ba1Fe0.25Sn0.75O2.874_221,592
Ba1Fe1O2.001F0.999_221,593
Ba1Fe1O2.01F0.99_221,594
Ba1Gd0.5Nb0.5O3_221,595
Ba1Ho0.5Nb0.5O3_221,596
Ba1In0.5Bi0.5O3_123,597
Ba1In0.5Fe0.5O2.499F0.318_221,598
Ba1In0.5Sb0.5O3_221,599
Ba1In0.5Sn0.5H0.1488O2.826_221,600
Ba1In0.5Sn0.5H0.2256O2.862_221,601
Ba1In0.5Sn0.5H0.2688O2.88_221,602
Ba1In0.5Sn0.5H0.3072O2.889_221,603
Ba1In0.5Sn0.5H0.3504O2.925_221,604
Ba1In0.5Sn0.5H0.3744O2.937_221,605
Ba1In0.5Sn0.5H0.3768O2.937_221,606
Ba1In0.5Sn0.5O2.751_221,607
Ba1In0.6667W0.3333O3_221,608
Ba1In0.667Mo0.333O3_221,609
Ba1In0.667W0.333O3_221,610
Ba1In0.8082Ir0.1918O2.7468_221,611
Ba1In0.95Mo0.05O2.58_221,612
Ba1Li0.188Nb0.812N0.198O2.802_221,613
Ba1Li0.201Ta0.799N0.192O2.808_221,614
Ba1Li0.5W0.5O2.499F0.501_221,615
Ba1Lu0.5Nb0.5O3_221,616
Ba1Lu0.667Mo0.333O3_221,617
Ba1Mg0.192Nb0.808N0.471O2.529_221,618
Ba1Mg0.283Zr0.15Nb0.567O3_221,619
Ba1Mg0.317Zr0.05Nb0.633O3_221,620
Ba1Mg0.33333Nb0.66667O3_221,621
Ba1Mg0.333Nb0.667O3_221,622
Ba1Mg0.333Ta0.267Nb0.4O3_221,623
Ba1Mg0.333Ta0.5Nb0.167O3_221,624
Ba1Mg0.333Ta0.667O3_221,625
Ba1Mg0.3Zr0.1Nb0.6O3_221,626
Ba1Mn0.5Nb0.5O3_221,627
Ba1Na0.183Ta0.817N0.297O2.703_221,628
Ba1Na0.209Nb0.791N0.246O2.754_221,629
Ba1Na0.25Ir0.75O2.979_221,630
Ba1Na0.25Nb0.45Fe0.3O3_221,631
Ba1Na0.25Nb0.6Fe0.15O3_221,632
Ba1Na0.25Nb0.7Fe0.05O3_221,633
Ba1Na0.5Ir0.5O2.511_221,634
Ba1Nb0.5Co0.5O3_221,635
Ba1Nb0.5Fe0.5O3_221,636
Ba1Nb0.5In0.5O3_221,637
Ba1Nb0.5V0.5O3_221,638
Ba1Nb0.667Zn0.333O3_221,639
Ba1Nb0.92O2.76_221,640
Ba1Nb1N0.9999O2.0001_221,641
Ba1Nb1N0.999O2.001_221,642
Ba1Nd0.5Nb0.5O3_221,643
Ba1Ni0.5Mo0.5O3_221,644
Ba1Ni0.5W0.5O3_221,645
Ba1Pr0.2Zr0.8O2.94_221,646
Ba1Pr0.5Nb0.5O3_221,647
Ba1Pr0.9Y0.1O2.949_221,648
Ba1Pr1O2.994_221,649
Ba1Sc0.05Ta0.95N0.9O2.1_221,650
Ba1Sc0.4Sn0.6O3_221,651
Ba1Sc0.5Nb0.5O3_221,652
Ba1Sc0.5Ta0.5O3_221,653
Ba1Sc0.5Ti0.5O2.82_221,654
Ba1Sc0.658Ti0.342O2.649_221,655
Ba1Sc0.661Ti0.339O2.649_221,656
Ba1Sc0.6Ti0.4O2.79_221,657
Ba1Sc0.7Ti0.3O2.82_221,658
Ba1Sc1H1.02O1.98_221,659
Ba1Sm0.5Nb0.5O3_221,660
Ba1Sm0.5Sb0.5O3_221,661
Ba1Sn0.85Sb0.15O3_221,662
Ba1Sn0.95Sb0.05O3_221,663
Ba1Sn0.99Sb0.01O3_221,664
Ba1Sn0.9Sb0.1O3_221,665
Ba1Sr0.2Nd2.8Mn4O12_62,666
Ba1Sr0.4La0.6Nb0.1Fe1Co0.9O6_167,667
Ba1Ta0.01Sn0.99O3_221,668
Ba1Ta0.02Ti0.96Fe0.02O3_99,669
Ba1Ta0.03Sn0.97O3_221,670
Ba1Ta0.04Sn0.96O3_221,671
Ba1Ta0.06Sn0.94O3_221,672
Ba1Ta0.5Co0.5O3_221,673
Ba1Ta0.5Fe0.5O3_221,674
Ba1Ta0.5Mn0.5O3_221,675
Ba1Ta0.5Nb0.167Zn0.333O3_221,676
Ba1Ta0.5Ti0.25Zn0.25O3_221,677
Ba1Ta1N0.9999O2.0001_221,678
Ba1Ta1N0.999O2.001_221,679
Ba1Tb0.5Nb0.15Sn0.35O2.934_221,680
Ba1Tb0.5Nb0.5O3_221,681
Ba1Tb0.5Sb0.5O3_221,682
Ba1Tb0.5Sn0.5O2.958_221,683
Ba1Ti0.097Nb0.603Zn0.3O3_221,684
Ba1Ti0.1Co0.9O2.601_221,685
Ba1Ti0.2Co0.8O2.607_221,686
Ba1Ti0.46Nb0.54O3_221,687
Ba1Ti0.47Nb0.53O3_221,688
Ba1Ti0.53Nb0.47O3_221,689
Ba1Ti0.5Mo0.5O3_221,690
Ba1Ti0.825Mo0.175O3_221,691
Ba1Ti0.83661Sn0.16339O3_221,692
Ba1Ti0.868Nb0.132O3_221,693
Ba1Ti0.869Nb0.131O3_221,694
Ba1Ti0.87463Sn0.12537O3_221,695
Ba1Ti0.875Nb0.125O3_221,696
Ba1Ti0.90708Sn0.09292O3_221,697
Ba1Ti0.926Fe0.074O3_221,698
Ba1Ti0.9335Sn0.0665O3_99,699
Ba1Ti0.93677Sn0.06323O3_99,700
Ba1Ti0.94772Sn0.05228O3_221,701
Ba1Ti0.94978Sn0.05022O3_99,702
Ba1Ti0.94Sn0.05O3_99,703
Ba1Ti0.95Cr0.05O3_221,704
Ba1Ti0.95Cr0.05O3_99,705
Ba1Ti0.96466Sn0.03534O3_99,706
Ba1Ti0.96Sn0.04O3_99,707
Ba1Ti0.975Cr0.025O3_221,708
Ba1Ti0.975Cr0.025O3_99,709
Ba1Ti0.976Nb0.016Zn0.008O3_99,710
Ba1Ti0.995Cr0.005O3_221,711
Ba1Ti0.995Cr0.005O3_99,712
Ba1Ti1H0.138O2.712F0.15_221,713
Ba1Ti1H0.1848O2.8152_221,714
Ba1Ti1H0.264N0.2028O2.5332_99,715
Ba1Ti1H0.264O2.517F0.219_221,716
Ba1Ti1H0.27O2.73_221,717
Ba1Ti1H0.288O2.712_221,718
Ba1Ti1H0.306N0.1995O2.4945_99,719
Ba1Ti1H0.483O2.517_221,720
Ba1Ti1H0.489O2.511_221,721
Ba1Ti1H0.555O2.445_221,722
Ba1Ti1H0.6171O2.73_221,723
Ba1Ti1N0.336O2.511_99,724
Ba1Ti1O2.751_221,725
Ba1Ti1O2.751_99,726
Ba1Ti1O2.91_99,727
Ba1Tm0.5Nb0.5O3_221,728
Ba1U0.3333In0.6667O3_221,729
Ba1Y0.056Ti0.944O3_99,730
Ba1Y0.058Ti0.942O3_99,731
Ba1Y0.05Sn0.95O2.976_221,732
Ba1Y0.062Ti0.938O3_99,733
Ba1Y0.064Ti0.936O3_99,734
Ba1Y0.06Ti0.94O3_99,735
Ba1Y0.125Sn0.875O2.937_221,736
Ba1Y0.1Fe0.75Co0.15O2.5101_221,737
Ba1Y0.1Fe0.85Co0.05O2.5701_221,738
Ba1Y0.1Fe0.8Co0.1O2.5299_221,739
Ba1Y0.1Fe0.8Co0.1O2.55_221,740
Ba1Y0.1Fe0.9O2.6001_221,741
Ba1Y0.1Fe0.9O2.6199_221,742
Ba1Y0.25Sn0.75O2.874_221,743
Ba1Y0.4Sn0.6O2.799_221,744
Ba1Y0.5Nb0.5O3_221,745
Ba1Y0.5Sn0.5O2.751_221,746
Ba1Y0.5Ta0.5O3_221,747
Ba1Y0.66667C0.33333O2.66667_221,748
Ba1Yb0.05Zr0.9In0.05O2.97_221,749
Ba1Yb0.08Zr0.92O2.97_221,750
Ba1Yb0.5Nb0.5O3_221,751
Ba1Yb0.5Ta0.5O3_221,752
Ba1Zr0.045Ti0.93578Mn0.01O3_221,753
Ba1Zr0.1Ti0.89Mn0.00999O3_221,754
Ba1Zr0.25In0.75O2.589_221,755
Ba1Zr0.25Ti0.75O3_221,756
Ba1Zr0.5Fe0.5O2.751_221,757
Ba1Zr0.5In0.5H0.432O2.964_221,758
Ba1Zr0.5In0.5H0.456O2.979_221,759
Ba1Zr0.5In0.5O2.679_221,760
Ba1Zr0.5In0.5O2.721_221,761
Ba1Zr0.5In0.5O2.736_221,762
Ba1Zr0.5In0.5O2.979_221,763
Ba1Zr0.5Sn0.5O3_221,764
Ba1Zr0.625In0.375O2.781_221,765
Ba1Zr0.737Ti0.263O3_221,766
Ba1Zr0.75In0.25O2.82_221,767
Ba1Zr0.75In0.25O2.901_221,768
Ba1Zr0.8Fe0.2O2.901_221,769
Ba1Zr0.8Sc0.2H0.1908O2.9955_221,770
Ba1Zr0.8Sc0.2O2.901_221,771
Ba1Zr0.95Bi0.05O3_221,772
Ba1Zr0.9999Bi0.0001O3_221,773
Ba1Zr0.999Bi0.001O3_221,774
Ba1Zr0.99Bi0.01O3_221,775
Ba1Zr0.9Bi0.1O3_221,776
Ba1Zr0.9Ga0.1O2.979_221,777
Ba1Zr0.9In0.05Ga0.05O2.97_221,778
Ba1Zr1O2.979_221,779
Ba1Zr1O2.991_221,780
Ba2.24Ce3.544Pr1.76O12_62,781
Ba2.5Ce3.6Pr1.5O12_62,782
Ba2.84Ce3.68Pr1.16O12_62,783
Ba2.8Sr1.2Pr2Ru2O12_14,784
Ba2Bi0.2Pb1.8O6_140,785
Ba2Bi0.3Pb1.7O6_140,786
Ba2Bi0.3Sb0.3Pb1.4O6_140,787
Ba2Bi0.4Pb1.6O6_140,788
Ba2Bi0.56Pb1.44O6_140,789
Ba2Bi0.5Pb1.5O6_140,790
Ba2Bi0.6Pb1.4O6_140,791
Ba2BiPbO6_140,792
Ba2CaUO6_14,793
Ba2Ce0.4In1.6O5.24_55,794
Ba2Ce0.4Y0.2Zr1.4H0.204O6_167,795
Ba2Ce0.8Zr0.8Sc0.4O6_74,796
Ba2Ce0.8Zr1.2O6_167,797
Ba2Ce0.9Y0.3Zr0.8O5.88_167,798
Ba2Ce1.1Y0.3Zr0.6O5.85_167,799
Ba2Ce1.4Y0.6O5.7_167,800
Ba2Ce1.5Y0.5O5.748_167,801
Ba2Ce1.6Y0.4H0.408O6_167,802
Ba2Ce1.6Y0.4O5.76_167,803
Ba2Ce1.6Y0.4O5.796_167,804
Ba2Ce1.6Y0.4O5.802_167,805
Ba2Ce1.6Y0.4O5.82_167,806
Ba2Ce1.6Y0.4O5.838_167,807
Ba2Ce1.6Zr0.4O6_167,808
Ba2Ce1.7Y0.3O5.85_167,809
Ba2Ce1.8Y0.2O5.7_167,810
Ba2Ce1.8Y0.2O5.88_167,811
Ba2CeBiO6_62,812
Ba2CePbO6_167,813
Ba2CeSbO6_12,814
Ba2Er1.3334Mo0.6666O6_140,815
Ba2Ho1.3334Mo0.6666O6_140,816
Ba2LaIrO6_14,817
Ba2LaRuO6_12,818
Ba2LaSbO6_14,819
Ba2LaTaO6_14,820
Ba2LaUO6_14,821
Ba2LuIrO6_14,822
Ba2Nb0.2Fe0.4Co1.4O6_167,823
Ba2NdRuO6_12,824
Ba2NdUO6_14,825
Ba2Pr0.8Zr1.2O5.883_167,826
Ba2Pr1.8Y0.2O5.988_167,827
Ba2Pr1Cu0.1Ru0.9O6_12,828
Ba2Pr1Nb0.2Sn0.8O6_167,829
Ba2Pr1Ru0.7Ir0.3O6_12,830
Ba2Pr1Ru0.8Ir0.2O6_12,831
Ba2Pr1Sn0.4Sb0.6O6_167,832
Ba2Pr2O5.946_167,833
Ba2PrIrO6_62,834
Ba2PrNbO6_14,835
Ba2PrPbO6_74,836
Ba2PrRuO6_12,837
Ba2PrRuO6_14,838
Ba2PrSnO6_167,839
Ba2ScIrO6_12,840
Ba2SmUO6_14,841
Ba2Sr2Yb0.2Ce1.9Zr1.9O11.904_62,842
Ba2SrUO6_14,843
Ba2Tb1.333W0.667O6_12,844
Ba2Tb1.958O6_167,845
Ba2YIrO6_12,846
Ba2YReO6_14,847
Ba3.32Ce3.8Pr0.68O12_62,848
Ba3.644U3.636O12_62,849
Ba3.68Sr0.84U3.48O12_62,850
Ba3.88La0.12Ce3.48Y0.52O11.64_62,851
Ba3.94Ce0.788Pr3.152O12_62,852
Ba3.952U3.956O12_62,853
Ba3.964Ce1.584Pr2.376O12_62,854
Ba3.98Ce2.388Pr1.596O12_62,855
Ba3.996Ce3.196Pr0.8O12_62,856
Ba3GeO_62,857
Ba3Pb1N0.826_221,858
Ba3PbO_221,859
Ba3Sn1N0.64_221,860
Ba3SnO_221,861
Ba4Ce0.8Pr3.2O12_62,862
Ba4Ce1.2In2.8O10.72_62,863
Ba4Ce1.6In2.4O10.92_62,864
Ba4Ce1.6Pr2.4O12_62,865
Ba4Ce1.6Zr1.6Sc0.8O11.76_62,866
Ba4Ce2.4In1.6O11.24_62,867
Ba4Ce2.4Pr1.6O12_62,868
Ba4Ce2.8In1.2O12_62,869
Ba4Ce2.8Y0.2Zr0.4Zn0.6O11.76_62,870
Ba4Ce2.8Y0.8Zr0.2Zn0.2O12_62,871
Ba4Ce2.8Y1Zn0.2O12_62,872
Ba4Ce2In2O11_62,873
Ba4Ce2Zr1.4Sc0.4Zn0.2O11.796_62,874
Ba4Ce3.2In0.8O11.48_62,875
Ba4Ce3.2Pr0.8O12_62,876
Ba4Ce3.2Y0.8O11.8_62,877
Ba4Ce3.4Pr0.6O12_62,878
Ba4Ce3.6Gd0.4O11.7996_62,879
Ba4Ce3.6In0.4O11.76_62,880
Ba4Ce3.6Y0.4H0.56O11.8_62,881
Ba4Ce3.6Y0.4O11.76_62,882
Ba4Ce3.6Y0.4O11.864_62,883
Ba4Ce3.6Y0.4O11.8_62,884
Ba4Pr2.68Bi1.32O12_62,885
Ba4Pr3.6Y0.4O11.816_62,886
Ba4Pr3BiO12_62,887
Ba4Tb2Pb2O11.712_62,888
BaAmO3_221,889
BaBiO3_14,890
BaCeO3_167,891
BaCeO3_221,892
BaCeO3_62,893
BaFeO3_221,894
BaIrO3_123,895
BaLaInIrO6_62,896
BaLaMnSbO6_14,897
BaLiF3_221,898
BaLiH3_221,899
BaMoO3_221,900
BaNbO3_221,901
BaNdNiSbO6_14,902
BaNpO3_221,903
BaOsO3_221,904
BaPaO3_221,905
BaPbO3_140,906
BaPbO3_221,907
BaPrO3_167,908
BaPrO3_221,909
BaPrO3_62,910
BaPrTaCoO6_14,911
BaPuO3_221,912
BaPuO3_62,913
BaSnO3_221,914
BaSr2UO6_14,915
BaSr3(SnO3)4_62,916
BaSr3Lu2(BiO6)2_14,917
BaSr3Y2(RuO6)2_14,918
BaSrLuBiO6_14,919
BaTbO3_140,920
BaTbO3_167,921
BaTbO3_221,922
BaTbO3_74,923
BaThO3_221,924
BaThO3_62,925
BaTiO3_221,926
BaTiO3_99,927
BaUO3_221,928
BaVO3_221,929
BaZrO3_221,930
BiRhO3_62,931
Ca0.02La1.98Mn2O6_167,932
Ca0.05Fe1Bi0.95O2.9751_221,933
Ca0.05Ti1Pb0.95O3_99,934
Ca0.07Fe1Bi0.93O2.9649_221,935
Ca0.08La1.92Co2O6_167,936
Ca0.12La1.88Co2O6_167,937
Ca0.1Fe1Bi0.9O2.9499_221,938
Ca0.1Fe1Bi0.9O3_221,939
Ca0.1La1.9Mn2O6_167,940
Ca0.28Y3.72Mn4O12_62,941
Ca0.2Fe4Bi3.8O12_62,942
Ca0.2La1.4Mn1.7Al0.15Sn0.15Pb0.4O6_167,943
Ca0.2La1.4Mn1.8Al0.1Sn0.1Pb0.4O6_167,944
Ca0.2La1.4Mn1.9Al0.05Sn0.05Pb0.4O6_167,945
Ca0.2La1.4Mn2Ag0.4O6_167,946
Ca0.2La1.4Mn2Pb0.4O6_167,947
Ca0.2La1.8Ti1Cr1O6_167,948
Ca0.2La3.8Fe4O12_62,949
Ca0.2La3.8Mn4O12_62,950
Ca0.2Nd3.6Mn4O12_62,951
Ca0.2Y3.8Ti4O12_62,952
Ca0.388La3.476Mn3.944O12_62,953
Ca0.388Ti1Pb0.612O3_99,954
Ca0.3La3.7Mn4O12_62,955
Ca0.42Ti1Pb0.58O3_99,956
Ca0.432Sm3.568Co4O12_62,957
Ca0.48Mn0.48Fe3.52Bi3.52O12_62,958
Ca0.48Nd3.52Mn4O12_62,959
Ca0.4Fe1Bi0.6O3_99,960
Ca0.4La1.4Tb0.2Co2O6_167,961
Ca0.4La1.6Mn2O6_167,962
Ca0.4La1.6Ti1Cr1O6_167,963
Ca0.4La3.6Co2Ir2O12_14,964
Ca0.4La3.6Cr4O12_62,965
Ca0.4La3.6Fe4O12_62,966
Ca0.4La3.6Mg1.8Ti2.2O12_14,967
Ca0.4La3.6Mn4O12_62,968
Ca0.4Nd3.4Mn4O12_62,969
Ca0.4Nd3.6Co4O11.472_62,970
Ca0.4Nd3.6Co4O11.568_62,971
Ca0.4Nd3.6Co4O11.76_62,972
Ca0.4Pr3.6Co4O12_62,973
Ca0.4Pr3.6Fe4O12_62,974
Ca0.4Pr3.6Mn4O12_62,975
Ca0.4Y3.6Ti4O12_62,976
Ca0.50032Er1.49968Mn2O6_62,977
Ca0.50388Tb1.49612Mn2O6_62,978
Ca0.5054Y1.4946Mn2O6_62,979
Ca0.51024Ho1.48976Mn2O6_62,980
Ca0.532La2.668Mn4Zn0.8O12_62,981
Ca0.5Fe1Bi0.5O3_221,982
Ca0.5Fe1Bi0.5O3_99,983
Ca0.5La1Zr0.5O3_221,984
Ca0.5Ta1O3_221,985
Ca0.6144Dy1.3856Mn2O6_62,986
Ca0.66La3.34Cr2Fe2O9.66_62,987
Ca0.66La3.34Cr2Fe2O9.6_62,988
Ca0.6La0.8Zr0.6O3_221,989
Ca0.6La1.4Mn2O6_167,990
Ca0.6La3.4Fe4O12_62,991
Ca0.6La3.4Mn4O12_62,992
Ca0.6Nd3.2Mn4O12_62,993
Ca0.6Tb3.4Mn4O12_62,994
Ca0.6Y3.4Ti4O12_62,995
Ca0.75La1.25Mn2O6_167,996
Ca0.7La0.6Zr0.7O3_221,997
Ca0.7La0.9Mn2Bi0.4O6_167,998
Ca0.7La1.1Mn2Bi0.2O6_167,999
Ca0.7La1.2Mn2Bi0.1O6_167,1000
Ca0.7La1.3Mn2O6_167,1001
Ca0.7La3.3Mn4O12_62,1002
Ca0.8La0.4Zr0.8O3_221,1003
Ca0.8La1.2Mn0.2Co1.8O6_167,1004
Ca0.8La1.2Mn2O6_167,1005
Ca0.8La2.4Mn4O12_62,1006
Ca0.8La2.4Tb0.8Co4O12_62,1007
Ca0.8La2.668Mn4Zn0.532O12_62,1008
Ca0.8La2.6Mn4O12_62,1009
Ca0.8La2.8Mn4Ag0.4O12_62,1010
Ca0.8La2.8Mn4O12_62,1011
Ca0.8La2.8Tb0.4Co4O12_62,1012
Ca0.8La2.8Tb0.4Mn4O12_62,1013
Ca0.8La3.12Dy0.08Mn4O12_62,1014
Ca0.8La3.2Cr4O10.96_62,1015
Ca0.8La3.2Cr4O12_62,1016
Ca0.8La3.2Fe4O12_62,1017
Ca0.8La3.2Mn2.8Co1.2O12_62,1018
Ca0.8La3.2Mn3.2Co0.8O12_62,1019
Ca0.8La3.2Mn3.6Co0.4O12_62,1020
Ca0.8La3.2Mn4O12_62,1021
Ca0.8La3.2Ni3.2Te0.8O12_62,1022
Ca0.8La3.2Ti2Cr2O12_62,1023
Ca0.8La3Mn4O12_62,1024
Ca0.8Nb0.28Fe3.72Bi3.2O12_62,1025
Ca0.8Nb0.2Fe3.8Bi3.2O12_62,1026
Ca0.8Nb0.4Fe3.6Bi3.2O12_62,1027
Ca0.8Nd3.2Co4O11.244_62,1028
Ca0.8Nd3.2Co4O11.376_62,1029
Ca0.8Nd3.2Co4O11.64_62,1030
Ca0.8Nd3.2Mn4O12_62,1031
Ca0.8Nd3Mn4O12_62,1032
Ca0.8Pr3.2Co4O12_62,1033
Ca0.8Pr3.2Fe4O12_62,1034
Ca0.8Pr3.2Mn4O11.6916_62,1035
Ca0.8Y3.2Ti4O12_62,1036
Ca0.91Ta0.84O3_221,1037
Ca0.96La3.04Mn3.72Cr0.28O12_62,1038
Ca0.96Mn0.32Si0.64O2.58_221,1039
Ca0.9La0.2Zr0.9O3_221,1040
Ca1.028La2.972Mn4O12_62,1041
Ca1.24La2.76Mn3.84Fe0.16O12_62,1042
Ca1.256La2.736Mn4O12_62,1043
Ca1.2La0.4Pr2.4Mn2.8Fe1.2O12_62,1044
Ca1.2La0.4Pr2.4Mn3.2Fe0.8O12_62,1045
Ca1.2La0.4Pr2.4Mn3.6Fe0.4O12_62,1046
Ca1.2La0.4Pr2.4Mn4O12_62,1047
Ca1.2La0.7Pr2.1Mn4O12_62,1048
Ca1.2La0.8Ti2O6_167,1049
Ca1.2La2.8Cr4O12_62,1050
Ca1.2La2.8Mg1.4Ti2.6O12_62,1051
Ca1.2La2.8Mn1.2Cr2.8O12_62,1052
Ca1.2La2.8Mn2Co2O12_14,1053
Ca1.2La2.8Mn2Cr2O12_62,1054
Ca1.2La2.8Mn3.4Cr0.6O12_62,1055
Ca1.2La2.8Mn3.84Al0.032In0.128O12_62,1056
Ca1.2La2.8Mn3.84Al0.064In0.096O12_62,1057
Ca1.2La2.8Mn3.84Al0.096In0.064O12_62,1058
Ca1.2La2.8Mn3.84Al0.128In0.032O12_62,1059
Ca1.2La2.8Mn3.84Al0.16O12_62,1060
Ca1.2La2.8Mn3.84In0.16O12_62,1061
Ca1.2La2.8Mn4O12_62,1062
Ca1.2La2.8Ti2Cr2O12_62,1063
Ca1.2Nd2.8Co4O11.028_62,1064
Ca1.2Nd2.8Co4O11.22_62,1065
Ca1.2Nd2.8Mn4O12_62,1066
Ca1.2Pr2.8Mn3.6Fe0.4O12_62,1067
Ca1.2Pr2.8Mn4O12_62,1068
Ca1.2Ti2Pb0.8O6_55,1069
Ca1.2Y2.8Mn4O12_62,1070
Ca1.2Y2.8Ti4O12_62,1071
Ca1.32La0.68Nd2Mn4O12_62,1072
Ca1.32La1.34Nd1.34Mn4O12_62,1073
Ca1.32La1.48Y1.2Mn4O12_62,1074
Ca1.32La1.68Eu1Mn4O12_62,1075
Ca1.32La1.68Y1Mn4O12_62,1076
Ca1.32La1.6Eu1.08Mn4O12_62,1077
Ca1.32La1.88Nd0.8Mn4O12_62,1078
Ca1.32La1.88Y0.8Mn4O12_62,1079
Ca1.32La2.08Y0.6Mn4O12_62,1080
Ca1.32La2.28Dy0.4Mn3.6V0.4O12_62,1081
Ca1.32La2.28Nd0.4Mn4O12_62,1082
Ca1.32La2.28Y0.4Mn4O12_62,1083
Ca1.32La2.36Y0.32Mn4O12_62,1084
Ca1.32La2.48Y0.2Mn4O12_62,1085
Ca1.32La2.56Y0.12Mn4O12_62,1086
Ca1.32La2.68Fe4O12_62,1087
Ca1.32La2.68Mn3.2Cr0.8O12_62,1088
Ca1.32La2.68Mn3.2Cu0.8O12_62,1089
Ca1.32La2.68Mn3.2Fe0.8O12_62,1090
Ca1.32La2.68Mn3.4Co0.6O12_62,1091
Ca1.32La2.68Mn3.6Co0.4O12_62,1092
Ca1.32La2.68Mn3.6Cr0.4O12_62,1093
Ca1.32La2.68Mn3.88Co0.12O12_62,1094
Ca1.32La2.68Mn3.8Fe0.2O12_62,1095
Ca1.32La2.68Mn4O12_62,1096
Ca1.32La2.6Dy0.08Mn3.6V0.4O12_62,1097
Ca1.32La2.6Mn4O11.9_62,1098
Ca1.32La2.6Y0.08Mn4O12_62,1099
Ca1.32La2Dy0.68Mn3.6V0.4O12_62,1100
Ca1.32Nd2.68Mn4O12_62,1101
Ca1.32Pr2.68Mn4O12_62,1102
Ca1.32Tb2.68Mn4O12_62,1103
Ca1.332Eu2.668Ti2.668Zn1.332O12_62,1104
Ca1.332La0.6668Tb2Mn4O12_62,1105
Ca1.332La0.888Sm1.776Mn4O12_62,1106
Ca1.332La1.3332Tb1.3332Mn4O12_62,1107
Ca1.332La1.778Tb0.8888Mn4O12_62,1108
Ca1.332La2.2668Tb0.4Mn4O12_62,1109
Ca1.332La2.4668Tb0.2Mn4O12_62,1110
Ca1.332La2.5612Tb0.1068Mn4O12_62,1111
Ca1.332La2.668Mn3.4Cu0.6O12_62,1112
Ca1.332La2.668Mn3.4Zn0.6O12_62,1113
Ca1.332La2.668Mn4O12_62,1114
Ca1.332La2.668Ti2.668Zn1.332O12_62,1115
Ca1.332La2Tb0.6668Mn4O12_62,1116
Ca1.332Nd2.668Ti2.668Zn1.332O12_62,1117
Ca1.332Pr0.888Sm1.776Mn4O12_62,1118
Ca1.332Pr2.668Ti2.668Zn1.332O12_62,1119
Ca1.332Tb2.668Mn4O12_62,1120
Ca1.3332La2.6668Mn3.72In0.28O12_62,1121
Ca1.3332La2.6668Mn3.88In0.12O12_62,1122
Ca1.3332La2.6668Mn3.8In0.2O12_62,1123
Ca1.3332La2.6668Mn3.96In0.04O12_62,1124
Ca1.3332La2.6668Ni2.666W1.334O12_14,1125
Ca1.3332Nd2.6668Ni2.666W1.334O12_14,1126
Ca1.3332Pr2.6668Ni2.6666W1.3334O12_14,1127
Ca1.432La2.568Mn4O12_62,1128
Ca1.48La2.52Mn3.68Cr0.32O12_62,1129
Ca1.48La2.52Mn3.68Cu0.32O12_62,1130
Ca1.48La2.52Mn3.68Ni0.32O12_62,1131
Ca1.48La2.52Mn3.88Cu0.12O12_62,1132
Ca1.48La2.52Mn3.88Ni0.12O12_62,1133
Ca1.48La2.52Mn4O12_62,1134
Ca1.4La2.52Mn4O11.6F0.2_62,1135
Ca1.4La2.5Mn4O11.4F0.4_62,1136
Ca1.4La2.6Mn1.2Co2.8O12_62,1137
Ca1.4Pr2.6Mn4O12_62,1138
Ca1.4Ta4O12_62,1139
Ca1.4Ti2Pb0.6O6_55,1140
Ca1.52Y2.48Ti4O12_62,1141
Ca1.536La2.464Mn4O12_62,1142
Ca1.584La2.416Mn3.6Co0.4O12_62,1143
Ca1.5La1.1Pr1.4Mn4O12_62,1144
Ca1.5La1.7Pr0.8Mn4O12_62,1145
Ca1.5La2.5Mn4O12_62,1146
Ca1.5Pr2.5Mn4O12_62,1147
Ca1.688Ti4Pb2.312O12_62,1148
Ca1.68Mn4Bi2.32O12_62,1149
Ca1.6La0.8Nd0.8Ti4O12_62,1150
Ca1.6La2.4Co2Ir2O12_14,1151
Ca1.6La2.4Mn0.4Co3.6O12_62,1152
Ca1.6La2.4Mn4O11.096F0.696_62,1153
Ca1.6La2.4Mn4O12_62,1154
Ca1.6La2.4Ti2Cr2O12_62,1155
Ca1.6La2Mn4Ag0.4O12_62,1156
Ca1.6Nd2.4Co4O11.124_62,1157
Ca1.6Nd2.4Mn4O12_62,1158
Ca1.6Pr2.4Mn4O11.3844_62,1159
Ca1.6Pr2.4Mn4O12_62,1160
Ca1.6Ti1.6Fe2.4Bi2.4O12_62,1161
Ca1.776La2.224Mn2.324Ru1.676O12_62,1162
Ca1.88Ho2.12Mn3.88Cr0.12O12_62,1163
Ca1.88La2.12Mg1.06Ti2.94O12_62,1164
Ca1.88La2.12Mn4O12_62,1165
Ca1.88Mn2.12Fe2Re2O12_14,1166
Ca1.8La2Mn4O12_62,1167
Ca1.8Pr2.2Mn3.76Cr0.24O12_62,1168
Ca1.8Pr2.2Mn3.88Cr0.12O12_62,1169
Ca1.8Pr2.2Mn4O12_62,1170
Ca1.92Ho2.08Mn3.92Cr0.08O12_62,1171
Ca1.96Ho2.04Mn3.96Cr0.04O12_62,1172
Ca1H2.928Rh1_221,1173
Ca1Mn0.98Nb0.02O3_221,1174
Ca1Ti0.7Fe0.3O2.85_123,1175
Ca1Ti0.8Fe0.2O2.9001_221,1176
Ca1Ti0.9Fe0.1O2.9499_221,1177
Ca2.16La1.84Mg0.92Ti3.08O12_62,1178
Ca2.264Ti4Pb1.736O12_62,1179
Ca2.2La1.8Mn4O12_62,1180
Ca2.2Tb1.8Mn4O11.892_62,1181
Ca2.2Y1.8Mn4O12_62,1182
Ca2.332Nd0.996Ti4O12_62,1183
Ca2.48La1.52Mg0.76Ti3.24O12_62,1184
Ca2.48La1.52Mn4O12_62,1185
Ca2.4La0.5332Nd0.5332Ti4O12_62,1186
Ca2.4La1.6Fe2Re2O12_62,1187
Ca2.4La1.6Mn4O12_62,1188
Ca2.4La1.6Ti2Cr2O12_62,1189
Ca2.4Nd1.6Mn4O12_62,1190
Ca2.4Pr1.6Mn4O11.2716_62,1191
Ca2.4Sm1.6Mn4O12_62,1192
Ca2.4Tb1.6Mn4O11.88_62,1193
Ca2.5La1.5Mn4O12_62,1194
Ca2.666La2.668Ti2.666O12_14,1195
Ca2.668La1.332Fe4O12_62,1196
Ca2.668La1.332Mn4O12_62,1197
Ca2.68Dy1.32Ti2.68Mn1.32O12_62,1198
Ca2.68Gd1.32Ti2.68Mn1.32O12_62,1199
Ca2.68Ho1.32Ti2.68Mn1.32O12_62,1200
Ca2.68La1.32Mn4O12_62,1201
Ca2.68Tb1.32Mn4O11.94_62,1202
Ca2.68Y1.32Ti2.68Mn1.32O12_62,1203
Ca2.68Yb1.32Ti2.68Mn1.32O12_62,1204
Ca2.6Tb1.4Mn4O11.76_62,1205
Ca2.6Tb1.4Mn4O12_62,1206
Ca2.6Y1.4Mn4O12_62,1207
Ca2.8La0.8Ti4O12_62,1208
Ca2.8La1.2Mg0.6Ti3.4O12_62,1209
Ca2.8La1.2Mn4O12_62,1210
Ca2.8La1.2Ti2Cr2O12_62,1211
Ca2.8La1.2Ti4O12_62,1212
Ca2.8Nd1.2Mn4O11.964_62,1213
Ca2.8Nd1.2Ti2.8Al1.2O12_62,1214
Ca2.8Sm0.76Ti4O12_62,1215
Ca2.8Sm1.2Mn4O12_62,1216
Ca2.8Tb1.2Mn4O11.916_62,1217
Ca2CoTeO6_14,1218
Ca2CoWO6_14,1219
Ca2CrOsO6_14,1220
Ca2CrSbO6_14,1221
Ca2ErNbO6_14,1222
Ca2FeMoO6_14,1223
Ca2FeOsO6_14,1224
Ca2FeReO6_14,1225
Ca2FeSbO6_14,1226
Ca2FeSbO6_62,1227
Ca2GdTaO6_14,1228
Ca2HoMn4BiO12_62,1229
Ca2HoNbO6_14,1230
Ca2HoRuO6_14,1231
Ca2HoTaO6_14,1232
Ca2InOsO6_14,1233
Ca2InSbO6_14,1234
Ca2La0.4Nd1.6Mn4O12_62,1235
Ca2La0.8Nd1.2Mn4O12_62,1236
Ca2La1.2Nd0.8Mn4O12_62,1237
Ca2La1.6Eu0.4Mn4O12_62,1238
Ca2La1.6Nd0.4Mn4O12_62,1239
Ca2La1.8Mn4O12_62,1240
Ca2La2MgTi3O12_62,1241
Ca2La2Mn2Mo2O11.84_14,1242
Ca2La2Mn2Nb2O11.96_14,1243
Ca2La2Mn3.68Cr0.32O12_62,1244
Ca2La2Mn3.68Ni0.32O12_62,1245
Ca2La2Mn3.88Cr0.12O12_62,1246
Ca2La2Mn3.88Ni0.12O12_62,1247
Ca2La2Mn3.8Fe0.2O12_62,1248
Ca2LaNbO6_14,1249
Ca2LaNdMn4O12_62,1250
Ca2LaRuO6_14,1251
Ca2LaSbO6_14,1252
Ca2LaTaO6_14,1253
Ca2LuNbO6_14,1254
Ca2MgOsO6_14,1255
Ca2MgReO6_14,1256
Ca2MgWO6_14,1257
Ca2MnNbO6_62,1258
Ca2MnReO6_14,1259
Ca2MnRuO6_62,1260
Ca2MnSbO6_62,1261
Ca2MnWO6_14,1262
Ca2NbAlO6_14,1263
Ca2NbCrO6_14,1264
Ca2NbFeO6_14,1265
Ca2NbFeO6_62,1266
Ca2Nd2Mn3.88Cr0.12O12_62,1267
Ca2Nd2Mn3.88Ru0.12O12_62,1268
Ca2Nd2Mn3.96Cr0.04O12_62,1269
Ca2Nd2Mn4O11.964_62,1270
Ca2Nd2Sc0.04Mn3.96O12_62,1271
Ca2NdNbO6_14,1272
Ca2NdRuO6_14,1273
Ca2NdSbO6_14,1274
Ca2NdTaO6_14,1275
Ca2NiOsO6_14,1276
Ca2NiWO6_14,1277
Ca2Pr2Mn3.88Ga0.12O12_62,1278
Ca2Pr2Mn3.8Cr0.2O12_62,1279
Ca2ScOsO6_14,1280
Ca2ScSbO6_14,1281
Ca2SmSbO6_14,1282
Ca2SmYMn4O12_62,1283
Ca2TaAlO6_14,1284
Ca2TaCrO6_14,1285
Ca2Tb2Mn4O11.964_62,1286
Ca2TiCrO6_62,1287
Ca2TiMnO6_62,1288
Ca2TiRuO6_62,1289
Ca2TiSnO6_62,1290
Ca2VMoO6_62,1291
Ca2YbRuO6_14,1292
Ca3.164Mn4Bi0.784O12_62,1293
Ca3.28Mn4Bi0.72O12_62,1294
Ca3.2Ce0.8Fe2Mo2O12_14,1295
Ca3.2Eu0.8Mn4O12_62,1296
Ca3.2Ho0.8Mn4O12_62,1297
Ca3.2La0.2668Nd0.2668Ti4O12_62,1298
Ca3.2La0.8Fe2Re2O12_14,1299
Ca3.2La0.8Mn4O12_62,1300
Ca3.2La0.8Ti2Cr2O12_62,1301
Ca3.2La0.8Ti4O12_62,1302
Ca3.2Nd0.8Mn4O11.964_62,1303
Ca3.2Nd0.8Mn4O12_62,1304
Ca3.2Pr0.8Mn4O10.8036_62,1305
Ca3.2Sm0.8Mn4O12_62,1306
Ca3.2Tb0.8Mn4O11.916_62,1307
Ca3.2Ti4Pb0.8O12_62,1308
Ca3.2Yb0.8Mn4O12_62,1309
Ca3.368Ce0.832Mn3.8O12_62,1310
Ca3.4Ce0.6Fe2Mo2O12_14,1311
Ca3.4La0.6Mn2Ir2O12_62,1312
Ca3.4La0.6Mn4O12_62,1313
Ca3.4Sm0.6Mn4O12_62,1314
Ca3.4Tb0.6Mn4O12_62,1315
Ca3.52Mn4Bi0.48O12_62,1316
Ca3.68La0.32Mn4O12_62,1317
Ca3.68Sm0.32Mn4O12_62,1318
Ca3.6Ce0.4Fe2Mo2O12_14,1319
Ca3.6Ce0.4Mn4O12_62,1320
Ca3.6Dy0.4Mn4O12_62,1321
Ca3.6Er0.4Mn4O12_62,1322
Ca3.6Eu0.4Mn4O12_62,1323
Ca3.6Gd0.4Mn4O12_62,1324
Ca3.6Ho0.4Mn4O12_62,1325
Ca3.6La0.4Fe2Re2O12_14,1326
Ca3.6La0.4Mg0.2Ti3.8O12_62,1327
Ca3.6La0.4Mn3.6Ge0.4O12_62,1328
Ca3.6La0.4Mn3.8Ge0.2O12_62,1329
Ca3.6La0.4Mn4O12_62,1330
Ca3.6La0.4Ti0.8Mn3.2O12_62,1331
Ca3.6La0.4Ti1.6Mn2.4O12_62,1332
Ca3.6La0.4Ti2.4Mn1.6O12_62,1333
Ca3.6La0.4Ti2Cr2O12_62,1334
Ca3.6La0.4Ti3.2Mn0.8O12_62,1335
Ca3.6La0.4Ti3.6Mn0.4O12_62,1336
Ca3.6La0.4Ti4O12_62,1337
Ca3.6Nd0.4Mn4O11.964_62,1338
Ca3.6Nd0.4Mn4O12_62,1339
Ca3.6Pr0.4Mn4O12_62,1340
Ca3.6Sm0.24Ti4O12_62,1341
Ca3.6Sm0.4Mn4O12_62,1342
Ca3.6Tb0.4Mn4O11.916_62,1343
Ca3.6Tb0.4Mn4O12_62,1344
Ca3.6Ti4Pb0.4O12_62,1345
Ca3.6Yb0.4Mn4O12_62,1346
Ca3.76La0.24Mn4O12_62,1347
Ca3.76Mn4Bi0.24O12_62,1348
Ca3.7Gd0.3Ti4O12_62,1349
Ca3.804Mn4Bi0.196O12_62,1350
Ca3.808La0.192Mn4O12_62,1351
Ca3.824Nd0.176Ti4O12_62,1352
Ca3.84La0.16Mn4O12_62,1353
Ca3.8Ce0.2Fe2Mo2O12_14,1354
Ca3.8La0.2Mn2Ir2O12_62,1355
Ca3.8La0.2Mn4O12_62,1356
Ca3.8La0.2Ti4O12_62,1357
Ca3.92Dy0.08Mn3.92Nb0.08O12_62,1358
Ca3.92Dy0.08Mn4O12_62,1359
Ca3.92La0.08Mn4O12_62,1360
Ca3.92Ti4Cu0.08O12_62,1361
Ca3.96Fe2.66W1.34O11.92_14,1362
Ca3.96La0.04Mn4O12_62,1363
Ca3.96Ti4Cu0.04O12_62,1364
Ca3.988Fe2Re2O12_14,1365
Ca3AsN_221,1366
Ca3AuN_221,1367
Ca3BiN_221,1368
Ca3GeN_221,1369
Ca3GeO_221,1370
Ca3La1Fe2Mo1.4W0.6O12_14,1371
Ca3La1Fe2Mo1.8W0.2O12_14,1372
Ca3La1Mn3.68Cr0.32O12_62,1373
Ca3LaFe2(MoO6)2_14,1374
Ca3LaMn2(IrO6)2_62,1375
Ca3LaMn4O12_62,1376
Ca3LaTi2Cr2O12_62,1377
Ca3Mn4BiO12_62,1378
Ca3PN_221,1379
Ca3PbN_221,1380
Ca3PbO_221,1381
Ca3ReO6_14,1382
Ca3SbN_221,1383
Ca3SnN_221,1384
Ca3SnO_221,1385
Ca3TbMn4O12_62,1386
Ca3TeO6_14,1387
Ca3TlN_221,1388
Ca3UO6_14,1389
Ca3WO6_14,1390
Ca3Y1Mn3.436Co0.564O11.676_62,1391
Ca3YTi4O12_62,1392
Ca4.002Lu1.998Ru2O12_14,1393
Ca4.02Y1.98Ru2O12_14,1394
Ca4.16Nb2.08In1.76O12_14,1395
Ca4Cr0.6Ru3.4O12_62,1396
Ca4Cr1.76Mo2.24O11.92_62,1397
Ca4Fe1.88Mo2.12O12_14,1398
Ca4Fe1.998Mo1.998O12_14,1399
Ca4Fe2.46W1.54O12_14,1400
Ca4Fe2.4W1.6O12_14,1401
Ca4Fe2.66W1.34O12_14,1402
Ca4Fe2.6W1.4O12_14,1403
Ca4Mn0.4Ru3.6O12_62,1404
Ca4Mn0.8Ru3.2O12_62,1405
Ca4Mn1.2Ru2.8O12_62,1406
Ca4Mn1.6Ru2.4O12_62,1407
Ca4Mn1.96Fe2.04O12_62,1408
Ca4Mn2.4Ru1.6O12_62,1409
Ca4Mn2.666Nb1.334O12_14,1410
Ca4Mn2.66W1.34O12_14,1411
Ca4Mn2.8Ru1.2O12_62,1412
Ca4Mn3.2Ru0.8O12_62,1413
Ca4Mn3.52Mo0.48O12_62,1414
Ca4Mn3.68Mo0.32O12_62,1415
Ca4Mn3.6Mo0.4O12_62,1416
Ca4Mn3.6Ru0.4O12_62,1417
Ca4Mn3.6Sb0.4O12_62,1418
Ca4Mn3.796Mo0.204O12_62,1419
Ca4Mn3.848Mo0.152O12_62,1420
Ca4Mn3.86Mo0.14O12_62,1421
Ca4Mn3.92Nb0.08O12_62,1422
Ca4Mn4O10.6236_62,1423
Ca4Mn4O11.36_62,1424
Ca4Mn4O11.68_62,1425
Ca4Mn4O11.7996_62,1426
Ca4Mn4O11.88_62,1427
Ca4Mo4N5.2O6.8_62,1428
Ca4Nb2Co2O11.8_14,1429
Ca4Nb4N3.996O8.004_62,1430
Ca4Ta4N3.96O8.04_62,1431
Ca4Ti0.4Mn3.6O11.844_62,1432
Ca4Ti0.4Ru3.6O12_62,1433
Ca4Ti0.4Sn3.6O12_62,1434
Ca4Ti0.8Ru3.2O12_62,1435
Ca4Ti0.8Sn3.2O12_62,1436
Ca4Ti1.2Mn2.8O11.76_62,1437
Ca4Ti1.2Ru2.8O12_62,1438
Ca4Ti1.2Sn2.8O12_62,1439
Ca4Ti1.6Nb1.2Fe1.2O12_62,1440
Ca4Ti1.6Ru2.4O12_62,1441
Ca4Ti1.6Sn2.4O12_62,1442
Ca4Ti2.4Ru1.6O12_62,1443
Ca4Ti2.4Sn1.6O12_62,1444
Ca4Ti2.8Mn1.2O11.604_62,1445
Ca4Ti2.8Ru1.2O12_62,1446
Ca4Ti2.8Sn1.2O12_62,1447
Ca4Ti2Mn2O11.7_62,1448
Ca4Ti2Nb1Al0.2Ga0.8O12_62,1449
Ca4Ti2Nb1Al0.4Ga0.6O12_62,1450
Ca4Ti2Nb1Al0.8Ga0.2O12_62,1451
Ca4Ti2NbAlO12_62,1452
Ca4Ti2NbGaO12_62,1453
Ca4Ti3.2Fe0.8O11.6004_62,1454
Ca4Ti3.2Nb0.4Fe0.4O12_62,1455
Ca4Ti3.2Ru0.8O12_62,1456
Ca4Ti3.2Sn0.8O12_62,1457
Ca4Ti3.6Fe0.4O11.7996_62,1458
Ca4Ti3.6Ru0.4O12_62,1459
Ca4Ti3.6Sn0.4O12_62,1460
Ca4Ti4H0.288O11.712_62,1461
Ca4V4O11.72_62,1462
Ca4Y2Mn0.002Sb1.998O12_14,1463
Ca4Zr2.08Ta1.92N1.92O10.08_62,1464
Ca5Nb2.5In0.5O12_14,1465
CaCrO3_62,1466
CaDyMnSnO6_62,1467
CaEuTiMnO6_62,1468
CaFeO3_14,1469
CaFeO3_62,1470
CaGeO3_62,1471
CaHoMn2O6_62,1472
CaIrO3_62,1473
CaLa3Co2(IrO6)2_14,1474
CaLa3Mn4O12_62,1475
CaLaCoIrO6_14,1476
CaLaCoOsO6_14,1477
CaLaMgTaO6_14,1478
CaLaMn2O6_62,1479
CaLaMnFeO6_62,1480
CaLaMnMoO6_14,1481
CaLaMnNbO6_14,1482
CaLaMnRuO6_62,1483
CaLaMnSnO6_62,1484
CaLaNbCoO6_14,1485
CaLaNiOsO6_14,1486
CaLaNiRuO6_14,1487
CaLaTiCrO6_62,1488
CaLaTiMnO6_62,1489
CaLuMn2O6_62,1490
CaMnFeBiO6_62,1491
CaMnO3_62,1492
CaMoO3_62,1493
CaNCl3_62,1494
CaNbO3_62,1495
CaNdMn2O6_62,1496
CaNdTiMnO6_62,1497
CaNiH3_221,1498
CaPbO3_62,1499
CaPd3C_221,1500
CaPr(CoO3)2_62,1501
CaPrMn2O6_62,1502
CaRhO3_62,1503
CaRuO3_62,1504
CaSiO3_221,1505
CaSmMgNbO6_14,1506
CaSmMn2O6_62,1507
CaSmMnSnO6_62,1508
CaSnO3_221,1509
CaSnO3_62,1510
CaTaNO2_62,1511
CaTb3Mn4O12_62,1512
CaTcO3_62,1513
CaTiO3_140,1514
CaTiO3_221,1515
CaTiO3_62,1516
CaTmMn2O6_62,1517
CaU(PbO3)2_14,1518
CaVO3_62,1519
CaYMn2O6_62,1520
CaYTi2O6_62,1521
CaZrO3_221,1522
CaZrO3_62,1523
Cd3TeO6_14,1524
CdCo3N_221,1525
CdGeO3_62,1526
CdNF3_62,1527
CdNi3N_221,1528
CdSnO3_62,1529
CdTcO3_62,1530
Ce0.04Zr0.3Ti0.7Pb0.96O3_99,1531
Ce1.4Nd0.6Al2O6_167,1532
Ce1B0.55Rh3_221,1533
Ce1B0.6Pd3_221,1534
Ce1B0.9Rh2.862_221,1535
Ce2VFeO6_62,1536
Ce3.6Ti0.4V4O12_62,1537
Ce3AlC_221,1538
Ce3AlN_221,1539
Ce3In1N0.89_221,1540
Ce3In1N0.907_221,1541
Ce3In1N0.913_221,1542
Ce3In1N0.916_221,1543
Ce3In1N0.921_221,1544
Ce3In1N0.92_221,1545
Ce3In1N0.95_221,1546
Ce3InC_221,1547
Ce3PbC_221,1548
Ce3PrSc4O12_62,1549
Ce3SnC_221,1550
Ce3TlC_221,1551
Ce4Ta4N8.004O3.996_62,1552
Ce4Ti4N3.96O8.04_62,1553
CeAlO3_140,1554
CeAlO3_167,1555
CeAlO3_221,1556
CeBPd3_221,1557
CeBRh3_221,1558
CeCrO3_221,1559
CeGaO3_221,1560
CePr3Sc4O12_62,1561
CePrSc2O6_62,1562
CeRh3C_221,1563
CeRu3C_221,1564
CeScO3_62,1565
CeVO3_221,1566
CeVO3_62,1567
Co3SnC_221,1568
CoTe(PbO3)2_14,1569
Cr0.495Re0.505Pb1O3_221,1570
Cr2.22Pt1.78C1_221,1571
Cr2BiPbO6_62,1572
Cr3AsN_140,1573
Cr3Ga0.55Ge0.45N1_221,1574
Cr3GaN_221,1575
Cr3IrN_221,1576
Cr3PdN_221,1577
Cr3PtN_221,1578
Cr3RhN_221,1579
Cr3SnN_221,1580
CrBiO3_62,1581
CrInO3_62,1582
CrPbO3_221,1583
Cs0.8La3.2Fe3.2Ni0.8O12_62,1584
Cs1Ag0.125Au0.875Br3_221,1585
Cs1Ag0.5Au0.5Cl3_221,1586
Cs1Hg1Br0.99Cl2.01_221,1587
Cs1Hg1Br2.01Cl0.99_221,1588
Cs1Se1O1.9998F1.0002_221,1589
CsAuCl3_221,1590
CsCaBr3_221,1591
CsCaF3_221,1592
CsCaH3_221,1593
CsCaH3_62,1594
CsCdBr3_221,1595
CsCdCl3_221,1596
CsCdF3_221,1597
CsDyI3_62,1598
CsEuBr3_62,1599
CsEuCl3_221,1600
CsEuCl3_99,1601
CsEuF3_221,1602
CsFeF3_221,1603
CsGeCl3_221,1604
CsHgBr3_221,1605
CsHgCl3_221,1606
CsHgF3_221,1607
CsIO3_221,1608
CsMgF3_221,1609
CsPbBr3_221,1610
CsPbBr3_62,1611
CsPbBr3_99,1612
CsPbCl3_221,1613
CsPbCl3_62,1614
CsPbCl3_99,1615
CsPbF3_221,1616
CsPbI3_221,1617
CsPbI3_62,1618
CsSmCl3_221,1619
CsSnBr3_221,1620
CsSnCl3_221,1621
CsSnI3_221,1622
CsSnI3_62,1623
CsSrF3_221,1624
CsTmCl3_221,1625
CsYbBr3_221,1626
CsYbCl3_221,1627
CsYbF3_221,1628
CsYbI3_62,1629
Cu3Pd0.989N1_221,1630
Dy0.025Fe0.833Bi0.475Pb0.5W0.167O3_99,1631
Dy0.8Fe4Bi3.2O12_62,1632
Dy1.2Fe4Bi2.8O12_62,1633
Dy1B0.9Rh3_221,1634
Dy2MnCoO6_62,1635
Dy2MnNiO6_14,1636
Dy2VFeO6_62,1637
Dy3.776Sc4O11.664_62,1638
Dy3Al1C0.7_221,1639
Dy3AlC_221,1640
Dy3GaC_221,1641
Dy3InC_221,1642
Dy3InN_221,1643
Dy3PbC_221,1644
Dy3SnC_221,1645
Dy3TlC_221,1646
Dy4Al3.704Cr0.296O12_62,1647
Dy4Co2.716Pt1.284O12_62,1648
Dy4Co3.8Ni0.2O12_62,1649
Dy4Mn1.6Fe2.4O12_62,1650
DyAlO3_62,1651
DyBPd3_221,1652
DyBPt3_221,1653
DyBRh3_221,1654
DyCoO3_62,1655
DyCrO3_62,1656
DyFeO3_62,1657
DyGaO3_62,1658
DyMnO3_62,1659
DyNiO3_14,1660
DyNiO3_62,1661
DyRh3C_221,1662
DyScO3_62,1663
DyVO3_62,1664
DyY(FeO3)2_62,1665
Er1B0.5Pd3_221,1666
Er1B0.98Rh3_221,1667
Er1B1Pd1.8Rh1.2_221,1668
Er1B1Pt1.2Rh1.8_221,1669
Er2MnNiO6_14,1670
Er2VFeO6_62,1671
Er3AlC_221,1672
Er3GaC_221,1673
Er3InC_221,1674
Er3InN_221,1675
Er3PbC_221,1676
Er3SnC_221,1677
Er3TlC_221,1678
Er4Al0.12Fe3.88O12_62,1679
Er4Al0.24Fe3.76O12_62,1680
Er4Al0.4Fe3.6O12_62,1681
Er4Al0.6Fe3.4O12_62,1682
Er4Al0.8Fe3.2O12_62,1683
Er4Al1.2Fe2.8O12_62,1684
Er4Al1.6Fe2.4O12_62,1685
Er4Ga0.12Fe3.88O12_62,1686
Er4Ga0.24Fe3.76O12_62,1687
Er4Ga0.4Fe3.6O12_62,1688
Er4Ga0.6Fe3.4O12_62,1689
ErBPd3_221,1690
ErBPt3_221,1691
ErBRh3_221,1692
ErCoO3_62,1693
ErCrO3_62,1694
ErFeO3_62,1695
ErMnO3_62,1696
ErNiO3_14,1697
ErNiO3_62,1698
ErRh3C_221,1699
ErVO3_62,1700
Eu0.16Y3.84Al4O12_62,1701
Eu1B0.5Pd3_221,1702
Eu1B0.9Rh3_221,1703
Eu1Nb1N0.99O2.01_221,1704
Eu1Ta1N0.99O2.01_221,1705
Eu1Ti1N0.12O2.82_221,1706
Eu1Ti1N0.48O2.3799_221,1707
Eu1Ti1O2.733_221,1708
Eu1Ti1O2.82_221,1709
Eu1W1N1.4199O1.5801_221,1710
Eu2FeCoO6_62,1711
Eu2HoTaO6_14,1712
Eu2MgIrO6_14,1713
Eu2MnCoO6_62,1714
Eu2MnRhO6_62,1715
Eu2Ta2N1.98O4.02_140,1716
Eu2TiCuO6_62,1717
Eu2VFeO6_62,1718
Eu3.2Y0.8Mn4O12_62,1719
Eu3.84Mn2Co2O12_62,1720
Eu3.8708Sc4O11.8064_62,1721
Eu3.88Mn2Co2O11.56_62,1722
Eu3InO_221,1723
Eu3NbO6_14,1724
Eu3YMn4O12_62,1725
Eu4Ti4N0.144O11.856_62,1726
Eu4V2.01388Fe1.98612O12_62,1727
EuAlO3_62,1728
EuBPd3_221,1729
EuBRh3_221,1730
EuCrO3_62,1731
EuFeO3_62,1732
EuH3Pd_221,1733
EuMn2SbO6_14,1734
EuMnO3_62,1735
EuNbO3_221,1736
EuNiO3_62,1737
EuRh3C_221,1738
EuRhO3_62,1739
EuScO3_62,1740
EuTiO3_123,1741
EuTiO3_140,1742
EuTiO3_221,1743
EuTiO3_99,1744
EuZrO3_62,1745
Fe0.667Pb1W0.333O3_221,1746
Fe0.67Pb1W0.33O3_221,1747
Fe1Bi0.9Pb0.1O3_221,1748
Fe3.122Sn0.878N1_221,1749
Fe3.19Rh0.81N1_221,1750
Fe3.217Sn0.783N1_221,1751
Fe3.298Sn0.702N1_221,1752
Fe3.448Sn0.552N1_221,1753
Fe3.511Sn0.489N1_221,1754
Fe3.58Sn0.42N1_221,1755
Fe3.626Sn0.374N1_221,1756
Fe3.724Sn0.276N1_221,1757
Fe3.954Sn0.046N1_221,1758
Fe3NiN_221,1759
Fe3PdN_221,1760
Fe3PtN_221,1761
Fe3RhN_221,1762
Fe3SnC_221,1763
Fe4N_221,1764
FeBiO3_62,1765
Ga0.2Fe3.8N1_221,1766
Ga0.4Fe3.6N1_221,1767
Ga0.5Fe3.5N1_221,1768
Ga0.6Fe3.4N1_221,1769
Ga0.8Fe3.2N1_221,1770
Ga0.9Fe3.1N1_221,1771
Ga1Co3C0.5_221,1772
Ga1Fe3C0.5_221,1773
Gd0.15Mn3Cu0.85N1_221,1774
Gd0.17Mn3Cu0.83N1_221,1775
Gd0.19Mn3Cu0.81N1_221,1776
Gd0.25Mn3Cu0.75N1_221,1777
Gd0.2Ti0.2Fe0.8Bi0.8O3_221,1778
Gd0.4Fe4Bi3.6O12_62,1779
Gd0.4Ti0.4Fe3.6Bi3.6O12_62,1780
Gd0.6Ti0.6Fe3.4Bi3.4O12_62,1781
Gd0.8Fe4Bi3.2O12_62,1782
Gd0.8Ti0.8Fe3.2Bi3.2O12_62,1783
Gd1.2Fe4Bi2.8O12_62,1784
Gd1.32Ho2.68Cr4O12_62,1785
Gd1.6Fe4Bi2.4O12_62,1786
Gd1B0.25Pd3C0.75_221,1787
Gd1B0.5Pd3C0.5_221,1788
Gd1B0.75Pd3C0.25_221,1789
Gd1B0.85Rh3_221,1790
Gd2.68Ho1.32Cr4O12_62,1791
Gd2.8Fe4Bi1.2O12_62,1792
Gd2FeCoO6_62,1793
Gd2MgIrO6_14,1794
Gd2MnCoO6_62,1795
Gd2MnRhO6_62,1796
Gd2TiCuO6_62,1797
Gd2TiZnO6_14,1798
Gd2VFeO6_62,1799
Gd3.808Sc4O11.712_62,1800
Gd3.8Er0.2Sc4O12_62,1801
Gd3.8Eu0.2Al4O12_62,1802
Gd3Al1C0.9_221,1803
Gd3AlC_221,1804
Gd3InC_221,1805
Gd3InN_221,1806
Gd3PbC_221,1807
Gd3SnC_221,1808
Gd3TlC_221,1809
Gd3Y(FeO3)4_62,1810
Gd4Co3.8Ni0.2O12_62,1811
Gd4Fe1.6Co2.4O12_62,1812
Gd4Fe2.4Co1.6O12_62,1813
Gd4Fe3.2Co0.8O12_62,1814
Gd4Mn3.2Cr0.8O12_62,1815
Gd4Mn3.6Cr0.4O12_62,1816
Gd4Ta4N8.004O3.996_62,1817
GdAlO3_62,1818
GdBPd3_221,1819
GdBPt3_221,1820
GdBRh3_221,1821
GdCrO3_62,1822
GdFe2BiO6_62,1823
GdFeO3_62,1824
GdGaO3_62,1825
GdMn2SbO6_14,1826
GdMnO3_62,1827
GdNiO3_62,1828
GdRh3C_221,1829
GdScO3_62,1830
GdTiO3_62,1831
GdVO3_62,1832
GdY(FeO3)2_62,1833
GdY3(FeO3)4_62,1834
Hf0.2Ti0.8Pb1O3_99,1835
Hf0.42Ti0.58Pb1O3_99,1836
Hf0.8Ti0.2Pb1O3_221,1837
Hf1B0.5Ir3_221,1838
Hf1Ru3C0.75_221,1839
HfBRh3_221,1840
HfPbO3_221,1841
Ho1B0.95Rh3_221,1842
Ho2FeCoO6_62,1843
Ho2MnNiO6_14,1844
Ho2VFeO6_62,1845
Ho3Al1C0.7_221,1846
Ho3AlC_221,1847
Ho3GaC_221,1848
Ho3InC_221,1849
Ho3InN_221,1850
Ho3SnC_221,1851
Ho3TlC_221,1852
Ho4Cr0.8Fe3.2O12_62,1853
Ho4Cr1.6Fe2.4O12_62,1854
Ho4Cr2.4Fe1.6O12_62,1855
Ho4Cr3.2Fe0.8O12_62,1856
Ho4Mn2Co1Ni1O11.64_62,1857
HoAlO3_62,1858
HoBPd3_221,1859
HoBPt3_221,1860
HoBRh3_221,1861
HoCoO3_62,1862
HoCrO3_62,1863
HoFeO3_62,1864
HoGaO3_62,1865
HoMnO3_62,1866
HoNiO3_14,1867
HoNiO3_62,1868
HoRh3C_221,1869
HoScO3_62,1870
HoVO3_62,1871
In1Co3C0.75_221,1872
In1H0.885Pd3_221,1873
In1Ni3.5B0.5_221,1874
In1Ni3C0.5_221,1875
InBiO3_62,1876
InCo3N_221,1877
InNi3N_221,1878
InPt3C_221,1879
InRhO3_62,1880
K0.05Ba0.9Ti1Bi0.05O3_99,1881
K0.05Ca0.29La0.66Mn1O3_221,1882
K0.06La1.94Ni2O6_167,1883
K0.06Na0.24La1.7Mn2O6_167,1884
K0.07488Na0.4248Ti0.99984Bi0.50016O3_221,1885
K0.075Ba0.85Ti1Bi0.075O3_99,1886
K0.078La1.848Mn1.926O6_167,1887
K0.08Na0.32Pr3.6Mn4O12_62,1888
K0.08Nd3.92Mn3.64O12_62,1889
K0.08Pr3.92Mn3.76O12_62,1890
K0.09984Na0.39984Ti0.99984Bi0.50016O3_221,1891
K0.1248Na0.37488Ti0.99984Bi0.50016O3_221,1892
K0.12Ba0.88Ti1O2.88F0.12_221,1893
K0.12Na0.18La1.7Mn2O6_167,1894
K0.13Ba0.87Bi1O3_221,1895
K0.166Sr0.5La1.334Mn2O6_167,1896
K0.16La1.66Mn2O5.718_167,1897
K0.16La1.66Mn2O5.7798_167,1898
K0.16Na0.24Pr3.6Mn4O12_62,1899
K0.175Na0.325Ti0.9975Mn0.0025Bi0.5O3_221,1900
K0.18Ba0.82Bi0.53Pb0.47O3_221,1901
K0.18Na0.12La1.7Mn2O6_167,1902
K0.1Ba0.8Ti1Bi0.1O3_99,1903
K0.1Na0.4Ti1Bi0.5O3_221,1904
K0.1Sr0.7La1.2Mn2O6_167,1905
K0.216La1.764Mn1.962O6_167,1906
K0.24Ba0.76Yb0.38Bi0.62O3_221,1907
K0.24Na0.06La1.7Mn2O6_167,1908
K0.24Na0.16Pr3.6Mn4O12_62,1909
K0.24Pr3.76Mn4O12_62,1910
K0.25Ba0.73Er0.39Bi0.63O3_221,1911
K0.25La1.75Mn2O6_167,1912
K0.25Na0.25Ti1Bi0.5O3_221,1913
K0.25Na0.25Ti1Bi0.5O3_99,1914
K0.28Ba0.7Dy0.35Bi0.67O3_221,1915
K0.29Ba0.71Bi1O2.919_221,1916
K0.29Ba0.71Bi1O2.979_221,1917
K0.2Ba0.8Ti1O2.799F0.201_221,1918
K0.2La1.8Mn2O6_167,1919
K0.2Na0.3Ti1Bi0.5O3_221,1920
K0.2Na0.3Ti1Bi0.5O3_99,1921
K0.2Nd3.8Mn4O12_62,1922
K0.2Pr3.8Mn4O12_62,1923
K0.2Sr0.6La1.2Mn2O6_167,1924
K0.2Sr1.4Pr2.4Mn4O12_62,1925
K0.315Ba0.685Bi1O3_221,1926
K0.31Ba0.65La0.29Bi0.75O3_221,1927
K0.31Ba0.67Sm0.34Bi0.68O3_221,1928
K0.32Ba0.64Nd0.34Bi0.7O3_221,1929
K0.32Ba0.68Bi1O2.91_221,1930
K0.32Na0.08Pr3.6Mn4O12_62,1931
K0.32Pr3.68Mn4O12_62,1932
K0.332Sr0.334La1.334Mn2O6_167,1933
K0.33La0.67Mn1O2.901_221,1934
K0.35Ba0.65Bi1O3_221,1935
K0.37Na0.52Li0.03Ta0.1Nb0.87Sb0.03O3_99,1936
K0.38Ba0.62Bi1O3_221,1937
K0.38Ba0.62Mg0.08Bi0.92O3_221,1938
K0.39Ba0.61Bi1O3_221,1939
K0.3Ba0.69Gd0.35Bi0.66O3_221,1940
K0.3Ba0.7Ti1O2.7F0.3_221,1941
K0.3La1.4Sm0.3Mn2O6_167,1942
K0.3La1.5Sm0.2Mn2O6_167,1943
K0.3La1.674Mn1.994O6_167,1944
K0.3La1.6Sm0.1Mn2O6_167,1945
K0.3La1.7Mn2O6_167,1946
K0.3Na0.2Ti1Bi0.5O3_221,1947
K0.3Na0.2Ti1Bi0.5O3_99,1948
K0.3Na0.7Nb1O3_99,1949
K0.3Sr0.5La1.2Mn2O6_167,1950
K0.423Ba0.577Bi1O3_221,1951
K0.42Ba0.58Bi1O3_221,1952
K0.439Ba0.561Bi1O3_221,1953
K0.43Ba0.57Bi1O3_221,1954
K0.442Ba0.558Bi1O3_221,1955
K0.446Ba0.554Bi1O3_221,1956
K0.458Ba0.542Bi1O3_221,1957
K0.466Ba0.534Bi1O3_221,1958
K0.469La0.531Ti1O3_221,1959
K0.46Ba0.02Na0.46Li0.03Zr0.02Ti0.06Nb0.92Bi0.03O3_123,1960
K0.46Ba0.04Na0.46Li0.02Zr0.04Ti0.04Nb0.92Bi0.02O3_123,1961
K0.46Ba0.54Bi1O3_221,1962
K0.46Na0.46Li0.04Ti0.08Nb0.92Bi0.04O3_123,1963
K0.474Na0.474Li0.052Nb0.948Sb0.052O3_99,1964
K0.474Na0.474Li0.052Ta0.052Nb0.948O3_99,1965
K0.47Na0.47Li0.06Nb1O3_99,1966
K0.48Na0.48Li0.03984Mn0.01008Nb0.98016O3_221,1967
K0.48Na0.48Li0.04Mn0.01Nb0.98O3_99,1968
K0.49Na0.49Li0.02Nb1O3_99,1969
K0.4Ba0.6Bi1O3_221,1970
K0.4Dy3.6Mn4O12_62,1971
K0.4Pr3.6Mn4O12_62,1972
K0.4Sr1.2Pr2.4Mn4O12_62,1973
K0.57Ba0.43Pr0.26Bi0.74O3_221,1974
K0.592Ba0.408Bi1O3_221,1975
K0.599Ba0.401Bi1O3_221,1976
K0.5Ba2La1.5Ti2Mn2O12_62,1977
K0.5Ce0.5Ti1O3_221,1978
K0.5Na0.5Mg1F3_221,1979
K0.5Na0.5Nb1O3_99,1980
K0.5Sr2La1.5Ti2Mn2O12_62,1981
K0.5Ti1Bi0.5O3_221,1982
K0.5Ti1Bi0.5O3_99,1983
K0.679Ba0.321Bi1O3_221,1984
K0.6Ba0.4Bi1O3_221,1985
K0.6Ba0.4Nb1O3_221,1986
K0.6Pr3.4Mn4O12_62,1987
K0.6Sr0.4Bi1O3_123,1988
K0.6Sr1Pr2.4Mn4O12_62,1989
K0.72Na3.28Mg4F12_62,1990
K0.7Ba0.3Nb1O3_221,1991
K0.85Ba0.15Ta1O3_221,1992
K0.87Bi1.13O3_221,1993
K0.8Ba0.2Nb1O3_221,1994
K0.8Dy3.2Mn4O12_62,1995
K0.8Sr0.8Pr2.4Mn4O12_62,1996
K0.91Nb1O3_221,1997
K0.94Nb1O3_99,1998
K0.94Ta1O3_221,1999
K0.959Ta1O2.958_221,2000
K0.964Li0.036Mn1F3_221,2001
K0.96Li0.04Mn1F3_123,2002
K1.12Sr0.88Bi2O6_140,2003
K1.2Dy2.8Mn4O12_62,2004
K1.2Sr0.8Bi2O6_140,2005
K1.6Na2.4Mg4H11.88_62,2006
K1.8La2.2Fe1.6Co0.4Mo2O12_14,2007
K1.9La2.1Fe1.8Co0.2Mo2O12_14,2008
K1Eu0.02Gd0.02Mg0.96F3_221,2009
K1Eu0.02Gd0.04Mg0.94F3_221,2010
K1Eu0.02Gd0.06Mg0.92F3_221,2011
K1Eu0.02Gd0.08Mg0.9F3_221,2012
K1Eu0.02Mg0.98F3_221,2013
K1Mg0.425Cu0.575F3_221,2014
K1Mg0.5Cu0.5F3_221,2015
K1Mg0.7Cu0.3F3_221,2016
K1Mg0.9Cu0.1F3_221,2017
K1Na3Mg4H11.6_62,2018
K1Nb1O2.0001F0.9999_221,2019
K1Ta0.77Nb0.23O3_221,2020
K1Ti1O2.001F0.999_221,2021
K2La2Fe1.6Co0.4Mo2O12_14,2022
K2La2Fe1.8Co0.2Mo2O12_14,2023
K2Na2Mg4H11.84_62,2024
K3AuO_221,2025
K3BrO_221,2026
K3ClO_221,2027
K3GdF6_14,2028
K3IO_221,2029
K3Na1Mg4H11.84_62,2030
K3YF6_14,2031
K4Ca4H1.232F10.768_62,2032
K4Ca4H2.848F9.152_62,2033
K4Ca4H5.176F6.824_62,2034
K4Ca4H7.056F4.944_62,2035
KAgF3_123,2036
KAgF3_62,2037
KCaF3_221,2038
KCaF3_62,2039
KCdF3_221,2040
KCdF3_62,2041
KCeFeMoO6_14,2042
KCoF3_221,2043
KFeF3_221,2044
KHgF3_221,2045
KMgCl3_62,2046
KMgF3_221,2047
KMgH3_221,2048
KMnCl3_62,2049
KMnF3_140,2050
KMnF3_221,2051
KMnF3_62,2052
KMnF3_74,2053
KNbO3_221,2054
KNbO3_99,2055
KNiF3_221,2056
KPdF3_123,2057
KPdF3_221,2058
KRb2HoF6_14,2059
KRb2ScF6_14,2060
KRb2YF6_14,2061
KTaO3_221,2062
KUO3_221,2063
KVF3_221,2064
KZnF3_221,2065
La0.03Ti0.4Fe0.6Bi0.57Pb0.4O3_99,2066
La0.05Ti1Pb0.925O3_99,2067
La0.05Zr0.4938Ti0.4444Nb0.0494Pb0.95O3_99,2068
La0.15Ti1Pb0.775O3_99,2069
La0.1Fe1Bi0.725Pb0.175O3_221,2070
La0.1Ti1Pb0.85O3_99,2071
La0.206Ti0.949Pb0.64O2.845_99,2072
La0.209Ti0.948Pb0.634O2.844_99,2073
La0.233Ti0.995Pb0.633O3_221,2074
La0.238Ti0.995Pb0.633O3_221,2075
La0.25Ti1Pb0.625O3_99,2076
La0.28Ti0.73Fe0.27Pb0.72O2.95_123,2077
La0.2Fe1Bi0.8O3_221,2078
La0.2Mn0.2Fe0.8Bi0.8O3_99,2079
La0.2Ti0.15Fe0.85Bi0.8O3_99,2080
La0.2Ti0.1Fe0.9Bi0.8O3_99,2081
La0.2Ti1Pb0.7O3_99,2082
La0.3Ti1Pb0.55O3_221,2083
La0.3Ti1Pb0.56O3_221,2084
La0.48Pr1.52Al2O6_167,2085
La0.4Mn0.4Fe0.6Bi0.6O3_221,2086
La0.4Nd3.6Mn2Cr2O12_62,2087
La0.4Nd3.6Mn4O12_62,2088
La0.4Ni4Bi3.6O12_62,2089
La0.514Ti1Tl0.486O3_221,2090
La0.5Ce0.5Al1O3_221,2091
La0.5Pr0.2Mn1Pb0.3O3_221,2092
La0.5Ti0.5Al0.5Pb0.5O3_221,2093
La0.673Ti1Ag0.327O3_221,2094
La0.67Mn0.97Co0.03Pb0.33O2.97_221,2095
La0.67Mn0.99Co0.01Pb0.33O2.97_221,2096
La0.67Mn1Pb0.33O3_221,2097
La0.6Ce0.4Mn1O3_221,2098
La0.6Fe2Bi1.4O6_63,2099
La0.74Fe4Bi3.26O12_62,2100
La0.74Ti1.24Fe0.76Pb1.26O5.84_74,2101
La0.76Pr3.24Ga4O12_62,2102
La0.7Gd0.3Mn1O3_221,2103
La0.7Sm0.3Mn1O3_221,2104
La0.84Nd3.16Ga4O12_62,2105
La0.84Pr0.16Al1O3_221,2106
La0.8Eu3.2Ni4O12_62,2107
La0.8Gd0.2Mn1O3_221,2108
La0.8Mn4Bi3.2O12_62,2109
La0.8Nd3.2Cr4O12_62,2110
La0.8Nd3.2Mn4O12_62,2111
La0.8Ni4Bi3.2O12_62,2112
La0.8Pr3.2Mn4O12_62,2113
La0.8Sm0.2Mn1O3_221,2114
La0.8Sm3.2Fe4O12_62,2115
La0.8Y3.2Sc4O12_62,2116
La0.8Y3.2Ti4O12_62,2117
La0.92Mn2Pb0.94O6_167,2118
La0.94Dy0.4Mn2Pb0.66O6_167,2119
La0.94Ti1.02Fe0.98Pb1.06O5.86_74,2120
La0.95Mn1Bi0.05O3_221,2121
La0.96Mn1Bi0.04O3_221,2122
La0.97Mn1Bi0.03O3_221,2123
La0.9Gd0.1Mn1O3_221,2124
La0.9Sm0.1Mn1O3_221,2125
La0.9Ti0.1Al0.9Pb0.1O3_221,2126
La1.04Dy0.3Mn2Pb0.66O6_167,2127
La1.12Mg1.08Ti1.08Fe1.84Bi2.88O12_62,2128
La1.14Nd0.2Ti0.2Mn1.8Pb0.66O6_167,2129
La1.14Nd0.2Ti0.3Mn1.7Pb0.66O6_167,2130
La1.1Pr0.34Mn2Ag0.3O6_167,2131
La1.26Pr0.18Mn2Ag0.3O6_167,2132
La1.26Ti0.62Mn1.38Pb0.74O6_167,2133
La1.28Eu2.72Mn4O12_62,2134
La1.2Mn2Cd0.8O6_167,2135
La1.2Nd2.8Mn4O12_62,2136
La1.2Y2.8Ti4O12_62,2137
La1.32Mn2Pb0.34O6_167,2138
La1.32Mn2Pb0.58O6_167,2139
La1.34Mn1.4Co0.6Pb0.66O6_167,2140
La1.34Mn1.5Co0.5Pb0.66O6_167,2141
La1.34Mn1.6Co0.4Pb0.66O6_167,2142
La1.34Mn1.7Co0.3Pb0.66O5.94_167,2143
La1.34Mn1.7Co0.3Pb0.66O6_167,2144
La1.34Mn1.88Co0.12Pb0.66O5.94_167,2145
La1.34Mn1.8Co0.2Pb0.66O5.94_167,2146
La1.34Mn1.8Co0.2Pb0.66O6_167,2147
La1.34Mn1.98Fe0.02Pb0.66O6_167,2148
La1.34Mn1.9Co0.1Pb0.66O6_167,2149
La1.34Mn1.9Fe0.1Pb0.66O6_167,2150
La1.34Mn2Ag0.1Pb0.56O6_167,2151
La1.34Mn2Ag0.2Pb0.46O6_167,2152
La1.34Mn2Ag0.3Pb0.36O6_167,2153
La1.34Mn2Pb0.66O6_167,2154
La1.36Ti0.34Mn1.66Pb0.64O6_167,2155
La1.3Mn2Pb0.7O6_167,2156
La1.3Ti0.1Mn1.9Pb0.7O6_167,2157
La1.46Nd0.54Ga2O6_167,2158
La1.4Ce0.6Mn2O6_167,2159
La1.4Mn1.4Co0.6Pb0.6O6_167,2160
La1.4Mn1.4Fe0.6Pb0.6O6_167,2161
La1.4Mn1.6Co0.4Pb0.6O6_167,2162
La1.4Mn1.6Fe0.4Pb0.6O6_167,2163
La1.4Mn1.8Co0.2Pb0.6O6_167,2164
La1.4Mn1.8Co0.2Te0.6O6_167,2165
La1.4Mn1.8Fe0.2Pb0.6O6_167,2166
La1.4Mn1.8Ni0.2Pb0.6O6_167,2167
La1.4Mn2Ag0.6O6_167,2168
La1.4Mn2Cd0.6O6_167,2169
La1.4Mn2Hg0.5O6_167,2170
La1.4Mn2Pb0.6O6_167,2171
La1.4Mn2Te0.6O6_167,2172
La1.4Nd0.6Co2O6_167,2173
La1.4Sc2Fe2Bi2.6O12_62,2174
La1.52Nd2.48Ga4O12_62,2175
La1.56Pr2.44Ga4O12_62,2176
La1.5Mn2Ag0.5O6_167,2177
La1.624Mn1.838Pb0.202O6_167,2178
La1.666Mg0.482Ti1.518O6_167,2179
La1.6Eu0.4Ni2O6_167,2180
La1.6Eu2.4Ni4O12_62,2181
La1.6Mn1.6Fe2.4Bi2.4O12_62,2182
La1.6Mn2Ag0.4O6_167,2183
La1.6Mn2Cd0.4O6_167,2184
La1.6Mn2O6_167,2185
La1.6Mn4Bi2.4O12_62,2186
La1.6Nd0.4Co2O6_167,2187
La1.6Nd2.4Cr4O12_62,2188
La1.6Nd2.4Mn2Cr2O12_62,2189
La1.6Nd2.4Mn4O12_62,2190
La1.6Pr2.4Mn4O12_62,2191
La1.6Sm2.4Fe4O12_62,2192
La1.6Y2.4Sc4O12_62,2193
La1.6Y2.4Ti4O12_62,2194
La1.758Mn2O6_167,2195
La1.75Mn2Ag0.25O6_167,2196
La1.764Mn2O6_167,2197
La1.76Mn2O5.838_167,2198
La1.76Mn2Pb0.2O6_167,2199
La1.774Mn2O6_167,2200
La1.776Mn2O6_167,2201
La1.778Mn2O6_167,2202
La1.782Mn2O6_167,2203
La1.784Mn2O6_167,2204
La1.788Mn2O6_167,2205
La1.792Mn1.956O6_167,2206
La1.7Mn2Ag0.3O6_167,2207
La1.804Mn1.958O6_167,2208
La1.816Mn2O6_167,2209
La1.824Mn1.824O6_167,2210
La1.844Mn1.874O6_167,2211
La1.844Mn2.026O6_167,2212
La1.84Mn2O5.958_167,2213
La1.858Mn2O6_167,2214
La1.85Mn2Ag0.15O6_167,2215
La1.864Mn1.864O6_167,2216
La1.876Mn1.876O6_167,2217
La1.887Mn1.96O6_167,2218
La1.8898Mn1.9686O6_167,2219
La1.88Nd2.12Ga4O12_62,2220
La1.892Mn1.892O6_167,2221
La1.896Mn1.896O6_167,2222
La1.89Mn1.89O6_167,2223
La1.8Mn1.8Fe0.2Bi0.2O6_167,2224
La1.8Mn2Ag0.2O6_167,2225
La1.8Mn2Cd0.2O6_167,2226
La1.8Nd0.2Co2O6_167,2227
La1.8Sm0.2Ga2O6_167,2228
La1.902Mn1.902O6_167,2229
La1.904Mn1.946O6_167,2230
La1.906Mn1.87O6_167,2231
La1.908Mn1.908O6_167,2232
La1.912Mn1.53Cr0.382O6_167,2233
La1.914Mn1.914O6_167,2234
La1.92Mn1.92O6_167,2235
La1.938Mn1.86O6_167,2236
La1.93Mn1.158Cr0.772O6_167,2237
La1.94Mn1.74O6_167,2238
La1.956Mn1.892O6_167,2239
La1.968Ni1.76Mo0.24O5.556_167,2240
La1.99Ni2O6_167,2241
La1.9Mn1.78O6_167,2242
La1.9Mn1.9O6_167,2243
La1.9Mn2Ag0.1O6_167,2244
La1B0.8Rh3_221,2245
La1Fe0.426Ni0.574O3_221,2246
La1Fe0.43Ni0.57O3_221,2247
La1Fe1O3_221,2248
La1Mg0.169Ti0.411Co0.419O3_221,2249
La1Mg0.5Ti0.5O3_221,2250
La1Mg0.5Zr0.5O3_221,2251
La1Mn0.6Ru0.4O3_221,2252
La1Mn0.7Ru0.3O3_221,2253
La1Mn0.8Ru0.2O3_221,2254
La1Mn0.9Ru0.1O3_221,2255
La2.04Pr1.36Mn4Ag0.6O12_62,2256
La2.24Nd1.76Ga4O12_62,2257
La2.36Pr1.04Mn4Ag0.6O12_62,2258
La2.4Eu1.6Ni4O12_62,2259
La2.4Mn4Bi1.6O12_62,2260
La2.4Nd1.6Co4O12_62,2261
La2.4Nd1.6Cr4O12_62,2262
La2.4Nd1.6Mn4O12_62,2263
La2.4Pr1.6Fe4O12_62,2264
La2.4Pr1.6Mn4O12_62,2265
La2.4Sm1.6Fe4O12_62,2266
La2.4Y1.6Sc4O12_62,2267
La2.4Y1.6Ti4O12_62,2268
La2.52Nd1.48Ga4O12_62,2269
La2.5Sm1.5Cr4O12_62,2270
La2.668Mn4Zn1.332O12_62,2271
La2.72Nd1.28Ga4O12_62,2272
La2.84Ti1.16Fe2.84Pb1.16O11.72_62,2273
La2.88Cr3.04Fe0.96Bi1.12O12_62,2274
La2.8Fe4Ag1.2O12_62,2275
La2.8Mn2.8Co1.2Te1.2O12_62,2276
La2.8Mn2Co2Te1.2O12_62,2277
La2.8Mn3.2Co0.8Te1.2O12_62,2278
La2.8Mn3Co1Te1.2O12_62,2279
La2.8Nd1.2Mn2Cr2O12_62,2280
La2.8Nd1.2Mn4O12_62,2281
La2.8Pr1.2Fe4O12_62,2282
La2.8Pr1.2Mn4O12_62,2283
La2.8Sm1.2Ga4O12_62,2284
La2.8Y1.2Ti4O12_62,2285
La2.92Nd1.08Ga4O12_62,2286
La2.952Cr3.056Fe0.944Bi1.048O12_62,2287
La2.96Cr2.04Fe1.96Bi1.04O12_62,2288
La2.976Cr2.092Fe1.908Bi1.024O12_62,2289
La2Co1.068Ni0.832Mo0.1O6_167,2290
La2Co1.17Ni0.824O5.844_167,2291
La2Co1.2Ni0.8O6_167,2292
La2Co1.334Ni0.666O6_167,2293
La2Co1.34Cu0.66O5.9598_167,2294
La2Co1.4Ni0.6O6_167,2295
La2Co1.6Ni0.4O6_167,2296
La2Co1.87Ni0.13O5.94_167,2297
La2Co1.8Ni0.2O6_167,2298
La2Co1.942Ni0.058O5.886_167,2299
La2Co1.9Ni0.1O6_167,2300
La2Co2O5.688_167,2301
La2Co2O5.73_167,2302
La2Co2O5.748_167,2303
La2Co2O5.766_167,2304
La2Co2O5.79_167,2305
La2Co2O5.802_167,2306
La2Co2O5.808_167,2307
La2Co2O5.826_167,2308
La2Co2O5.838_167,2309
La2Co2O5.844_167,2310
La2Co2O5.856_167,2311
La2Co2O5.85_167,2312
La2Co2O5.868_167,2313
La2Co2O5.874_167,2314
La2Co2O5.88_167,2315
La2Co2O5.892_167,2316
La2Co2O5.898_167,2317
La2Co2O5.916_167,2318
La2Co2O5.91_167,2319
La2Co2O5.964_167,2320
La2CoIrO6_14,2321
La2CoNiO6_167,2322
La2CoPtO6_14,2323
La2CoRuO6_14,2324
La2Cr0.2Ni1.8O6_167,2325
La2Cr0.4Ni1.6O6_167,2326
La2Cr0.6Ni1.4O6_167,2327
La2Cr1.26Ni0.74O5.682_167,2328
La2Cr1.4Co0.6O6_167,2329
La2CrFeO6_62,2330
La2Cu2O5.784_167,2331
La2CuRhO6_62,2332
La2Fe0.1Co1.9O6_167,2333
La2Fe0.224Co1.776O6_167,2334
La2Fe0.23Co1.77O6_167,2335
La2Fe0.2Co1.8O6_167,2336
La2Fe0.2Ni1.8O6_167,2337
La2Fe0.3Co1.7O6_167,2338
La2Fe0.3Ni1.7O6_167,2339
La2Fe0.4Co1.6O6_167,2340
La2Fe0.4Ni1.6O6_167,2341
La2Fe0.5Co1.5O6_167,2342
La2Fe0.5Ni1.5O6_167,2343
La2Fe0.6Ni1.4O6_167,2344
La2Fe0.842Ni1.158O5.982_167,2345
La2Fe0.842Ni1.158O5.988_167,2346
La2Fe0.852Ni1.148O6_167,2347
La2Fe0.86Ni1.14O5.652_167,2348
La2Fe0.86Ni1.14O5.742_167,2349
La2Fe0.86Ni1.14O5.832_167,2350
La2Fe0.86Ni1.14O5.91_167,2351
La2Fe0.86Ni1.14O5.952_167,2352
La2Fe0.86Ni1.14O5.976_167,2353
La2Fe0.86Ni1.14O6_167,2354
La2Fe0.8Ni1.2O6_167,2355
La2Fe1.16Co0.84O6_167,2356
La2Fe1.6Ni0.4O6_74,2357
La2FeCoO6_167,2358
La2FeCoO6_62,2359
La2FeNiO6_167,2360
La2FeNiO6_62,2361
La2Ga1.5Fe0.5O5.85_167,2362
La2Ga1.8Fe0.2O5.964_167,2363
La2Ga2O5.934_167,2364
La2GaCoO6_167,2365
La2GaFeO6_62,2366
La2GaNiO6_167,2367
La2Mg0.1Co1.9O6_167,2368
La2Mg0.2Co1.8O6_167,2369
La2Mg0.2Ga1.8O5.874_167,2370
La2Mg0.3Co1.7O6_167,2371
La2Mg0.4Co1.6O6_167,2372
La2Mg0.4Ga1.6O5.874_167,2373
La2Mg0.552Ti0.396Co1.052O6_167,2374
La2Mg0.5Cr1.5O6_167,2375
La2MgIrO6_14,2376
La2MgPtO6_14,2377
La2MgRhO6_14,2378
La2MgSnO6_14,2379
La2MgTiO6_14,2380
La2MgTiO6_62,2381
La2Mn0.2Ni1.8O6_167,2382
La2Mn0.5Ni1.5O6_167,2383
La2Mn1.2Co0.8O6_167,2384
La2Mn1.2Ru0.8O6_167,2385
La2Mn1.4Co0.6O6_167,2386
La2Mn1.4Ru0.6O6_167,2387
La2Mn1.6Co0.4O6_167,2388
La2Mn1.6Ru0.4O6_167,2389
La2Mn1.8Co0.2O6_167,2390
La2Mn1.8Ni0.2O6_167,2391
La2Mn1.8Rh0.2O6_167,2392
La2Mn1.8Ru0.2O6_167,2393
La2Mn1.9Co0.1O6_167,2394
La2MnCoO6_14,2395
La2MnCoO6_62,2396
La2MnCrO6_62,2397
La2MnCuO6_62,2398
La2MnFeO6_62,2399
La2MnGaO6_62,2400
La2MnNiO6_14,2401
La2MnNiO6_167,2402
La2MnNiO6_62,2403
La2MnRhO6_62,2404
La2MnVO6_14,2405
La2MnVO6_62,2406
La2Ni1.9Mo0.1O6_167,2407
La2NiIrO6_14,2408
La2NiPtO6_14,2409
La2NiRhO6_62,2410
La2NiRuO6_14,2411
La2NiRuO6_62,2412
La2ScMnO6_62,2413
La2Ti0.02Co1.98O6_167,2414
La2Ti0.134Co1.866O6_167,2415
La2Ti0.1Co1.9O6_167,2416
La2Ti0.1Mn1.9O6_167,2417
La2Ti0.274Co1.726O6_167,2418
La2Ti0.2Co1.8O6_167,2419
La2Ti0.2Mn1.8O6_167,2420
La2Ti0.2Ni1.8O6_167,2421
La2Ti0.33Co1.67O6_167,2422
La2Ti0.3Mn1.7O6_167,2423
La2Ti0.4Co1.6O6_167,2424
La2Ti0.4Mn1.6O6_167,2425
La2TiCoO6_14,2426
La2TiCrO6_167,2427
La2TiMnO6_62,2428
La2TiNiO6_14,2429
La2TiNiO6_62,2430
La2VFeO6_62,2431
La2Zn0.1Ni1.9O6_167,2432
La2ZnIrO6_14,2433
La2ZnPtO6_14,2434
La2ZnRhO6_14,2435
La3.008Cr0.944Fe3.056Bi0.992O12_62,2436
La3.04Cr0.44Fe3.56Bi0.96O12_62,2437
La3.052Cr0.332Fe3.668Bi0.944O12_62,2438
La3.2Al0.8Fe4O12_62,2439
La3.2Cd0.8Fe3.9928O11.928_62,2440
La3.2Fe4Ag0.8O12_62,2441
La3.2Nd0.8Cr2Fe2O12_62,2442
La3.2Nd0.8Cr4O12_62,2443
La3.2Nd0.8Ga4O12_62,2444
La3.2Nd0.8Mn4O12_62,2445
La3.2Pr0.8Fe4O12_62,2446
La3.2Pr0.8Mn4O12_62,2447
La3.2Sm0.8Fe4O12_62,2448
La3.2Y0.8Sc4O12_62,2449
La3.2Y0.8Ti4O12_62,2450
La3.32Nd0.68Ga4O12_62,2451
La3.32Sm0.68Ga4O12_62,2452
La3.332Mn1.94Co1.82Pt0.24Pb0.668O12_14,2453
La3.332Mn1.94Co1.82Pt0.24Pb0.668O12_62,2454
La3.336Ti1.6Fe2.4O12_62,2455
La3.4Al0.6Fe4O12_62,2456
La3.4Mn2Co2Bi0.6O12_62,2457
La3.4Mn4Ag0.6O12_62,2458
La3.4Nd0.6Cr2Fe2O12_62,2459
La3.52Mn4O11.28_62,2460
La3.52Mn4O11.484_62,2461
La3.52Nd0.48Ga4O12_62,2462
La3.5Mn2.12Co1.88Bi0.5O12_14,2463
La3.5Mn2.152Ni1.848Bi0.5O12_14,2464
La3.5Mn2.172Ni1.828Bi0.5O12_14,2465
La3.5Mn2.1Co1.9Bi0.5O12_14,2466
La3.5Sm0.5Cr4O12_62,2467
La3.624Ru3.724O12_62,2468
La3.628Ru3.708O12_62,2469
La3.632Ru3.704O12_62,2470
La3.636Ru3.724O12_62,2471
La3.648Ru3.716O12_62,2472
La3.652Ru3.716O12_62,2473
La3.68Mn4O11.52_62,2474
La3.68V4O12_62,2475
La3.6Al0.4Fe4O12_62,2476
La3.6Fe4Ag0.4O12_62,2477
La3.6Gd0.4Fe4O12_62,2478
La3.6Mg1.4Ti2.6O12_14,2479
La3.6Mn2Co2Bi0.4O12_62,2480
La3.6Mn2Fe2Bi0.4O12_62,2481
La3.6Nd0.4Cr2Fe2O12_62,2482
La3.6Nd0.4Cr4O12_62,2483
La3.6Nd0.4Mn4O12_62,2484
La3.6Pr0.4Fe4O12_62,2485
La3.6Pr0.4Mn4O12_62,2486
La3.6Sm0.4Ga4O12_62,2487
La3.6V4O12_62,2488
La3.704Mn3.6Cu0.4O11.92_62,2489
La3.712Mn4O12_62,2490
La3.72Mn2Ni2O12_14,2491
La3.72Nd0.28Ga4O12_62,2492
La3.7444Sc4O11.616_62,2493
La3.76Nb0.72Co3.2O12_62,2494
La3.76Nd0.24Ga4O12_62,2495
La3.836Nb1.334Co2.666O12_14,2496
La3.844Mn2.6Mo1.4O11.688_14,2497
La3.848Mg0.266Nb1.334Co2.4O12_14,2498
La3.848Mn3.2Cu0.8O12_62,2499
La3.84Mn4O11.76_62,2500
La3.852Mg0.666Nb1.334Co2O12_14,2501
La3.8652V2.006Fe1.994O12_62,2502
La3.8652V2.0088Fe1.9912O12_62,2503
La3.8652V2.064Fe1.936O12_62,2504
La3.888Mn3.2Cu0.8O12_62,2505
La3.8948Mn3.8948O12_62,2506
La3.8Al0.2Fe4O12_62,2507
La3.8Mn2Co2Bi0.2O12_62,2508
La3.8Nd0.2Cr4O12_62,2509
La3.908Mn1.564Cr2.344O12_62,2510
La3.912Mn3.784O12_62,2511
La3.9184Mn1.9592Ru1.9592O12_62,2512
La3.92Ga4O12_62,2513
La3.92Mn1.4Co2.04Ru0.56O11.84_62,2514
La3.92Mn2.744V1.176O12_62,2515
La3.92Mn3.528V0.392O12_62,2516
La3.92Mn4Bi0.08O12_62,2517
La3.944Mn3.6Cu0.4O12_62,2518
La3.94Cr4O11.912_62,2519
La3.952Mn4O12_62,2520
La3.964Mn2.216Mo1.784O11.816_14,2521
La3.96Mn0.396V3.564O12_62,2522
La3.96Mn0.792V3.168O12_62,2523
La3.96Mn1.188V2.772O12_62,2524
La3.96Mn3.168V0.792O12_62,2525
La3.96Mn4Bi0.04O12_62,2526
La3.976Mn2.4Cu1.6O12_62,2527
La3.984Mn2.4Cu1.6O12_62,2528
La3.98Mg1Nb1Co2O12_14,2529
La3AlC_221,2530
La3AlN_221,2531
La3Cr1.04Fe2.96Bi1O12_62,2532
La3GaC_221,2533
La3In1C0.7_221,2534
La3InB_221,2535
La3InC_221,2536
La3InN_221,2537
La3Mn2.042Co1.958Bi1O12_14,2538
La3Mn2.098Co1.902Bi1O12_14,2539
La3Mn2.402Ni1.598Bi1O12_14,2540
La3NdCr4O12_62,2541
La3NdMg2(SnO6)2_14,2542
La3PbC_221,2543
La3SmCr4O12_62,2544
La3SnC_221,2545
La3TbMn2(CoO6)2_14,2546
La3TlC_221,2547
La3ZnCuRh2PbO12_62,2548
La4Co0.532Ni2.668Mo0.8O12_62,2549
La4Co0.666Ni2.002Sb1.332O12_14,2550
La4Co0.668Ni2Sb1.332O12_14,2551
La4Co0.8Ni2.5Mo0.7O12_62,2552
La4Co1.068Ni2.332Mo0.6O12_62,2553
La4Co1.332Ni1.332Sb1.336O12_14,2554
La4Co1.6Ni2Mo0.4O12_62,2555
La4Co2.004Ni0.664Sb1.332O12_14,2556
La4Co2Ni0.668Sb1.332O12_14,2557
La4Co3.2Rh0.8O12_62,2558
La4Cr1.2Ni2.8O12_62,2559
La4Cr1.6Ni2.4O12_62,2560
La4Cr2.52Ni1.48O12_62,2561
La4Cr2.8Ni1.2O12_62,2562
La4Cr3.2Co0.8O12_62,2563
La4Cr3.2Cu0.8O12_62,2564
La4Cr3.4Cu0.6O12_62,2565
La4Cr3.4Fe0.2Co0.2Ni0.2O12_62,2566
La4Cr3.6Co0.4O12_62,2567
La4Cr3.6Cu0.4O12_62,2568
La4Cr3.8Cu0.2O12_62,2569
La4Fe2.32Co1.68O12_62,2570
La4Fe2.4Co1.6O12_62,2571
La4Fe2.4Ni1.6O12_62,2572
La4Fe2.668Mo1.332O12_62,2573
La4Fe2.6Ni1.4O12_62,2574
La4Fe2.8Ni1.2O12_62,2575
La4Fe3.2Co0.8O12_62,2576
La4Fe3.2Cu0.8O12_62,2577
La4Fe3.4Ni0.6O12_62,2578
La4Fe3.6Cu0.4O12_62,2579
La4Fe3.6Ni0.4O12_62,2580
La4Fe3.8Cu0.2O12_62,2581
La4Fe3.8Ni0.2O12_62,2582
La4Fe3NiO12_62,2583
La4Ga2.4Fe1.6O12_62,2584
La4Ga2.8Fe1.2O12_62,2585
La4Ga2Fe2O11.704_62,2586
La4Ga3.6Fe0.4O11.776_62,2587
La4Ga3.6Fe0.4O12_62,2588
La4Ga3Fe1O11.848_62,2589
La4Lu2.28Sc1.72O12_62,2590
La4Lu2.6Sc1.4O12_62,2591
La4Lu2.94Sc1.06O12_62,2592
La4Mg0.2Cr3.8O12_62,2593
La4Mg0.304Ga3.696O11.844_62,2594
La4Mg0.4Cr3.6O12_62,2595
La4Mg0.4Mn3.6O12_62,2596
La4Mg0.6Cr3.4O12_62,2597
La4Mg0.6Ti1.4Co2O12_62,2598
La4Mg0.8Cr3.2O12_62,2599
La4Mg0.8Mn3.2O12_62,2600
La4Mg1.2Mn2.8O12_62,2601
La4Mg1.332Nb0.668Cr2O12_62,2602
La4Mg1.75Zn0.25Ir2O12_14,2603
La4Mg2.3932Nb1.6068O12_14,2604
La4Mg2.464Nb1.536O12_62,2605
La4Mg2.6666Nb1.3334O12_14,2606
La4Mg2.66Ta1.34O12_14,2607
La4Mg2.816Nb1.184O12_62,2608
La4MgCr3O12_62,2609
La4Mn0.4Co3.6O12_62,2610
La4Mn0.4Cr3.6O12_62,2611
La4Mn0.4Ga3.6O12_62,2612
La4Mn0.4Rh3.6O12_62,2613
La4Mn0.8Co3.2O12_62,2614
La4Mn0.8Cr3.2O12_62,2615
La4Mn0.8Ga3.2O12_62,2616
La4Mn1.2Cr2.8O12_62,2617
La4Mn1.2Rh2.8O12_62,2618
La4Mn1.6Co2.4O12_62,2619
La4Mn1.6Ga2.4O12_62,2620
La4Mn1.6V2.4O12_62,2621
La4Mn2.4Co1.6O12_62,2622
La4Mn2.4Ga1.6O12_62,2623
La4Mn2.4V1.6O12_62,2624
La4Mn2.4Zn1.6O12_62,2625
La4Mn2.724Co1.276O12_62,2626
La4Mn2.732Co1.268O12_62,2627
La4Mn2.74Co1.26O12_62,2628
La4Mn2.772Co1.228O12_62,2629
La4Mn2.78Co1.22O12_62,2630
La4Mn2.8Cr1.2O12_62,2631
La4Mn2.8Cu1.2O11.92_62,2632
La4Mn2.8Cu1.2O12_62,2633
La4Mn2.8Ga1.2O12_62,2634
La4Mn2.8Rh1.2O12_62,2635
La4Mn2Co2O10.64_62,2636
La4Mn2Co2O11.36_62,2637
La4Mn2Ru2O11.97_62,2638
La4Mn2Zn2O11.992_14,2639
La4Mn3.2Co0.8O12_62,2640
La4Mn3.4Ga0.6O12_62,2641
La4Mn3.6Ga0.4O12_62,2642
La4Mn3.6Ni0.4O12_62,2643
La4Mn3.6Rh0.4O12_62,2644
La4Mn3.8Ga0.2O12_62,2645
La4Mn3NiO12_62,2646
La4Mn4O11.12_62,2647
La4Nb(CoO4)3_14,2648
La4Nb0.668Cr2Cu1.332O12_62,2649
La4Nb0.668Cr2Ni1.332O12_62,2650
La4Nb0.6Co3.4O12_62,2651
La4Nb0.8Co3.2O12_62,2652
La4Nb1.326Co2.674O12_14,2653
La4Nb1.32Ni2.68O12_14,2654
La4Nb1.336Co2.664O12_14,2655
La4Nb4N7.936O4.064_62,2656
La4Nb4N8.04O3.96_62,2657
La4Ni2.668Sb1.332O12_14,2658
La4Ni3.2Mo0.8O12_62,2659
La4Ni3.2Sb0.8O12_62,2660
La4Ni3.2Te0.8O12_62,2661
La4Ni3.2W0.8O12_62,2662
La4Ni3.4Mo0.6O12_62,2663
La4Ni3.6Mo0.4O12_62,2664
La4Ni3.6W0.4O12_62,2665
La4Ni3.8Sb0.2O12_62,2666
La4Sc0.4Mn3.6O12_62,2667
La4Sc0.8Mn3.2O12_62,2668
La4Sc1.2Mn2.8O12_62,2669
La4Sc1.6Mn2.4O12_62,2670
La4Sc2.4Mn1.6O12_62,2671
La4Sc2.8Mn1.2O12_62,2672
La4Sc3.6Mn0.4O12_62,2673
La4Ta1.332Co2.668O12_14,2674
La4Ta1.3334Co2.6666O12_14,2675
La4Ta1.334Co2.666O12_14,2676
La4Ti0.36Co3.64O12_14,2677
La4Ti0.44Co3.56O12_14,2678
La4Ti0.4Co3.6O12_62,2679
La4Ti0.4Cr3.6O12_62,2680
La4Ti0.4Mn1.6Ni2O12_14,2681
La4Ti0.504Co3.496O12_62,2682
La4Ti0.52Co3.48O12_14,2683
La4Ti0.8Mn1.2Ni2O12_14,2684
La4Ti1.2Co2.8O12_62,2685
La4Ti1.2Mn0.8Ni2O12_14,2686
La4Ti1.6Mn0.4Ni2O12_14,2687
La4Ti2.016Cu1.984O12_62,2688
La4Ti2.08Cu1.92O12_62,2689
La4Ti2Cu2O11.65_62,2690
La4V1.076Co2.92O11.87_62,2691
La4V1.788Co2.212O12_62,2692
La4V1.884Ni2.116O12_62,2693
La4V4O11.6796_62,2694
La4ZnCu(RhO6)2_62,2695
La4Zr4N3.996O8.004_62,2696
La4Zr4N4.232O7.768_62,2697
LaAlO3_167,2698
LaAlO3_221,2699
LaBPd3_221,2700
LaBRh3_221,2701
LaCeAl2O6_140,2702
LaCeAl2O6_167,2703
LaCeMn2O6_167,2704
LaCoO3_167,2705
LaCoO3_221,2706
LaCoO3_62,2707
LaCoSbPbO6_14,2708
LaCrO3_167,2709
LaCrO3_221,2710
LaCrO3_62,2711
LaCuO3_167,2712
LaErO3_62,2713
LaFe2PbO6_62,2714
LaFe4(BiO4)3_62,2715
LaFeO3_167,2716
LaFeO3_221,2717
LaFeO3_62,2718
LaGaO3_167,2719
LaGaO3_221,2720
LaGaO3_62,2721
LaHoO3_62,2722
LaInO3_62,2723
LaLuO3_62,2724
LaMn2BiO6_62,2725
LaMn2CdO6_167,2726
LaMnFeBiO6_62,2727
LaMnO3_167,2728
LaMnO3_221,2729
LaMnO3_55,2730
LaMnO3_62,2731
LaNd(CoO3)2_62,2732
LaNd3Mg2(SnO6)2_14,2733
LaNdMgSnO6_14,2734
LaNdMn2O6_62,2735
LaNdMnNiO6_14,2736
LaNiO3_167,2737
LaPdO3_62,2738
LaPr(FeO3)2_62,2739
LaPrCr2O6_62,2740
LaPrMn2O6_62,2741
LaPrMnNiO6_14,2742
LaRh3C_221,2743
LaRhO3_62,2744
LaRuO3_62,2745
LaScO3_62,2746
LaSm3Cr4O12_62,2747
LaSmCr2O6_62,2748
LaSmMnNiO6_14,2749
LaTb3Mn2(CoO6)2_14,2750
LaTbMnCoO6_14,2751
LaTiO3_221,2752
LaTiO3_62,2753
LaTmO3_62,2754
LaVO3_221,2755
LaVO3_62,2756
LaYO3_62,2757
LaYTi2O6_62,2758
LaYbO3_62,2759
LaYbS3_62,2760
Li0.12Ca3.88Zr3.88Ta0.12O12_62,2761
Li0.175La0.825Ti0.434Al0.566O3_221,2762
Li0.18Cu3N1_221,2763
Li0.19La0.67Ti0.9Ni0.1O3_221,2764
Li0.27Cu3N1_221,2765
Li0.2La1.8Mn2O6_167,2766
Li0.31La0.63Ti0.9Co0.1O3_221,2767
Li0.33Cu2.94N1_221,2768
Li0.33La0.67Mn1O3_221,2769
Li0.349La0.651Ti0.702Al0.297O3_221,2770
Li0.358La0.642Ti0.87Al0.129O3_221,2771
Li0.442La0.558Ti0.909Al0.09O3_221,2772
Li0.44La1.334Ti1.56Cr0.44O6_74,2773
Li0.5La0.5Ti1O3_221,2774
Li0.666La1.334Ti1.334Cr0.666O6_74,2775
Li0.93W1O3_221,2776
Li0.9999I1O1_221,2777
Li0.999H2I1O1_221,2778
Li0.99Br1O1_221,2779
Li1.334La4Ti2.666O12_14,2780
Li1.334Ta2Cu0.666O6_167,2781
Li2.0001Fe0.9999S1O1_221,2782
Li2.001Br1O1_221,2783
Li2La3Nd(SbO6)2_14,2784
Li3BrO_221,2785
Li6Br3N_14,2786
LiCaPrTeO6_14,2787
LiEu2IrO6_14,2788
LiEuH3_221,2789
LiLa2IrO6_14,2790
LiLa2MoO6_14,2791
LiLa2NbO6_14,2792
LiLa2OsO6_14,2793
LiLa2ReO6_14,2794
LiLa2RuO6_14,2795
LiLa2SbO6_14,2796
LiLa2TaO6_14,2797
LiNd2IrO6_14,2798
LiNd2OsO6_14,2799
LiOsO3_167,2800
LiPr2IrO6_14,2801
LiPr2OsO6_14,2802
LiSm2IrO6_14,2803
LiSm2OsO6_14,2804
Lu1B0.8Rh3_221,2805
Lu2.44Sc1.56V4O12_62,2806
Lu2.688Sc1.312V4O12_62,2807
Lu2MnNiO6_14,2808
Lu3.256Sc0.744V4O12_62,2809
Lu3.584Sc0.416V4O12_62,2810
Lu3InN_221,2811
Lu3SnC_221,2812
Lu3TlC_221,2813
Lu4Cr2.12Fe1.88O12_62,2814
LuBPd3_221,2815
LuBRh3_221,2816
LuCoO3_62,2817
LuCrO3_62,2818
LuFeO3_62,2819
LuMn3V4O12_62,2820
LuMnO3_62,2821
LuNiO3_14,2822
LuNiO3_62,2823
LuRh3C_221,2824
LuRhO3_62,2825
LuVO3_62,2826
Mg0.12Ti0.64Nb0.24Pb1O3_221,2827
Mg0.12Ti0.64Nb0.24Pb1O3_99,2828
Mg0.167Ti0.5Nb0.333Pb1O3_221,2829
Mg0.167Ti0.5Nb0.333Pb1O3_99,2830
Mg0.206Ti0.38Nb0.414Pb1O3_99,2831
Mg0.213Ti0.36Nb0.427Pb1O3_221,2832
Mg0.213Ti0.36Nb0.427Pb1O3_99,2833
Mg0.216Ti0.35Nb0.434Pb1O3_99,2834
Mg0.226Ti0.32Nb0.454Pb1O3_99,2835
Mg0.227Ti0.32Nb0.453Pb1O3_221,2836
Mg0.227Ti0.32Nb0.453Pb1O3_99,2837
Mg0.237Ti0.29Nb0.473Pb1O3_221,2838
Mg0.237Ti0.29Nb0.473Pb1O3_99,2839
Mg0.25Ti0.25Nb0.5Pb1O3_221,2840
Mg0.2666Sc0.1Nb0.6334Pb1O3_221,2841
Mg0.283Nb0.717Pb1O3_221,2842
Mg0.2Ti0.39Nb0.41Pb1O3_99,2843
Mg0.2Ti0.6Pb1W0.2O3_221,2844
Mg0.303Ti0.09Nb0.607Pb1O3_221,2845
Mg0.3333Nb1.6667O3_221,2846
Mg0.5Pb1W0.5O3_221,2847
Mg0.5Ti0.5Bi1O3_99,2848
Mg0.5Ti0.65Bi0.8O3_221,2849
Mg1H0.668Pd3_221,2850
Mg2.4952Al1.48Fe1.5048Si2.52O12_62,2851
Mg2.52Al1.48Fe1.48Si2.52O12_62,2852
Mg2.876Al0.82Fe1.124Si3.18O12_62,2853
Mg3.12Fe0.88Ge4O12_62,2854
Mg3.6Fe0.4Si4O12_62,2855
Mg3.724Al0.276Fe0.276Si3.724O12_62,2856
Mg3.724Cr0.552Si3.724O12_62,2857
Mg3.756Fe0.244Si4O12_62,2858
Mg3.76Fe0.24Si4O12_62,2859
Mg3.848Fe0.152Si3.856O12_62,2860
Mg3.88Al0.4Si3.72O11.916_62,2861
Mg3.8Al0.4Si3.8O12_62,2862
Mg3.8Fe0.2Si4O12_62,2863
Mg3.96Al0.2Si3.84O11.94_62,2864
Mg3ZnC_221,2865
MgCo3C_221,2866
MgNi3C_221,2867
MgSiO3_62,2868
MgU(PbO3)2_14,2869
Mn0.5Te0.5Pb1O3_221,2870
Mn0.6Fe1.4Bi2O6_167,2871
Mn0.6Fe3.4Bi4O12_62,2872
Mn1.2Fe2.8Bi4O12_62,2873
Mn1H4.0008N1F3_221,2874
Mn1Zn0.5Sn0.5C3_221,2875
Mn2CrSbO6_14,2876
Mn2FeReO6_14,2877
Mn2FeSbO6_14,2878
Mn3.07Ga0.93N1_221,2879
Mn3.07Ni0.93N0.96_221,2880
Mn3.08Sn0.92H0.92_221,2881
Mn3.109Al0.891C0.97_221,2882
Mn3.15Sn0.85C1_221,2883
Mn3.199Cr0.801N0.8_221,2884
Mn3.28Fe0.72N0.82_221,2885
Mn3.402Ni0.598N0.855_221,2886
Mn3.5Sn0.5N1_221,2887
Mn3.6In0.4N1_221,2888
Mn3.82Bi3.82O12_62,2889
Mn3AgN_221,2890
Mn3Al0.02Ga0.98C1_221,2891
Mn3Al0.05Ga0.95C1_221,2892
Mn3AlC_221,2893
Mn3CuN_221,2894
Mn3Ga0.65Sn0.35C1_221,2895
Mn3Ga1C0.5N0.5_221,2896
Mn3GaC_221,2897
Mn3GaN_221,2898
Mn3GeC_140,2899
Mn3GeC_221,2900
Mn3In0.1Ga0.9C1_221,2901
Mn3InC_221,2902
Mn3IrN_221,2903
Mn3Ni0.9N0.96_221,2904
Mn3NiN_221,2905
Mn3PdN_221,2906
Mn3PtN_221,2907
Mn3ReO6_14,2908
Mn3RhN_221,2909
Mn3Si0.07Sn0.93C0.94_221,2910
Mn3Sn0.95C0.9_221,2911
Mn3SnC_221,2912
Mn3SnN_221,2913
Mn3Zn0.15Ga0.85C1_221,2914
Mn3Zn0.5Ga0.5C1_221,2915
Mn3Zn1C0.07N0.93_221,2916
Mn3Zn1C0.27N0.73_221,2917
Mn3Zn1C0.51N0.49_221,2918
Mn3ZnC_221,2919
Mn3ZnN_221,2920
Mn4Fe1.464Mo2.536O12_14,2921
Mn4N_221,2922
Mn5.894Re2.106O12_14,2923
MnBiO3_62,2924
MnIn2NiO6_14,2925
MnNCl3_221,2926
MnNF3_221,2927
MnNF3_55,2928
MnNi(BiO3)2_14,2929
MnRe(PbO3)2_14,2930
MnTlCl3_221,2931
MnTlCl3_62,2932
MnVO3_62,2933
N2O3_221,2934
Na0.04Ca3.804Ce0.04Ti3.908Fe0.08O12_62,2935
Na0.04Li0.16La1.8Mn2O6_167,2936
Na0.05Sr0.9La0.05Ti1O3_221,2937
Na0.05Sr0.9Nd0.05Ti1O3_221,2938
Na0.08Ca0.52La1.4Mn2O6_167,2939
Na0.08Li0.12La1.8Mn2O6_167,2940
Na0.08Nd3.92Mn3.64O12_62,2941
Na0.098La1.854Mn1.938O6_167,2942
Na0.12Ca0.48La1.4Mn2O6_167,2943
Na0.12Li0.08La1.8Mn2O6_167,2944
Na0.12Pr3.88Mn3.76O12_62,2945
Na0.152La1.8Mn2O6_167,2946
Na0.154La1.766Mn1.96O6_167,2947
Na0.15La0.7Sm0.15Mn1O3_221,2948
Na0.15Sr0.7La0.15Ti1O3_221,2949
Na0.15Sr0.7Nd0.15Ti1O3_221,2950
Na0.16Ca0.44La1.4Mn2O6_167,2951
Na0.16Li0.04La1.8Mn2O6_167,2952
Na0.18La1.77Mn1.91O6_167,2953
Na0.19113Sr1Ta0.80887N0.2O2.8_123,2954
Na0.192La1.728Mn1.97O6_167,2955
Na0.1La1.6Mn2O6_167,2956
Na0.1Pr3.9Mn4O12_62,2957
Na0.1Sr0.8La0.1Ti1O3_221,2958
Na0.1Sr0.8Nd0.1Ti1O3_221,2959
Na0.242La1.68Mn2O6_167,2960
Na0.244La1.54Mn2O5.9598_167,2961
Na0.24La1.58Mn2O5.8602_167,2962
Na0.25La1.75Mn2O6_167,2963
Na0.25Sr0.5La0.25Ti1O3_221,2964
Na0.272La1.668Mn2O5.9898_167,2965
Na0.28La1.7Mn2O5.94_167,2966
Na0.2Ca0.4La1.4Mn2O6_167,2967
Na0.2La1.6Mn2O6_167,2968
Na0.2La1.8Mn2O6_167,2969
Na0.2Pr3.8Mn4O12_62,2970
Na0.2Sr0.6La0.2Ti1O3_221,2971
Na0.2Sr1.4Pr2.4Mn4O12_62,2972
Na0.308La1.612Mn2O5.94_167,2973
Na0.328La0.736Pr2.936Mn4O12_62,2974
Na0.32La1.64Mn2O6_167,2975
Na0.32La1.76Mn1.92O6_167,2976
Na0.32Pr3.68Mn4O12_62,2977
Na0.33La0.67Mn1O3_221,2978
Na0.357Ce0.364Ti1O3.169_221,2979
Na0.392Sr2Nb1.608N0.366O5.634_140,2980
Na0.3Ca0.7Ti0.7Nb0.3O3_221,2981
Na0.3La1.5Sm0.2Mn2O6_167,2982
Na0.3La1.6Mn2O6_167,2983
Na0.3La1.6Sm0.1Mn2O6_167,2984
Na0.3La1.7Mn2O6_167,2985
Na0.3Pr3.7Mn4O12_62,2986
Na0.3Sr0.4La0.3Ti1O3_221,2987
Na0.3Sr0.7Ta0.3Ti0.7O3_221,2988
Na0.42Li0.51W1O3_221,2989
Na0.44La1.33Ti1.56Mn0.44O6_167,2990
Na0.44Nd3.56Mn4O12_62,2991
Na0.46La1.68Mn1.86O6_167,2992
Na0.4Ca3.6Ta0.4Ti3.6O12_62,2993
Na0.4La1.6Mn2O6_167,2994
Na0.4Pr3.6Mn4O12_62,2995
Na0.4Sr1.2Nd0.4Ti2O6_140,2996
Na0.54W1O3_221,2997
Na0.55La1.33Ti1.45Mn0.55O6_167,2998
Na0.576Nd3.42Mn4O12_62,2999
Na0.58W1O3_221,3000
Na0.596Tb3.404Mn4O11.408_62,3001
Na0.5Ca0.2Ce0.3Ti0.8Nb0.2O3_221,3002
Na0.5La0.5Ru1O3_221,3003
Na0.5La0.5Ti1O3_221,3004
Na0.5Sr1La0.5Ti2O6_140,3005
Na0.5Sr1Nd0.5Ti2O6_140,3006
Na0.5Ti1Bi0.5O3_221,3007
Na0.5Ti1Tl0.5O3_99,3008
Na0.666Pr1.334Ti1.334Mn0.666O6_74,3009
Na0.66La1.33Ti1.34Mn0.66O6_167,3010
Na0.66W1O3_221,3011
Na0.67Th0.32Ti1O3_221,3012
Na0.69W1O3_221,3013
Na0.6Pr3.4Mn4O12_62,3014
Na0.6Sr0.4Ta1O3_221,3015
Na0.72W1O3_221,3016
Na0.742Ca0.5La0.75Ti2O5.9958_140,3017
Na0.74W1O3_221,3018
Na0.75Ca0.06La0.19Ti0.5Nb0.5O3_221,3019
Na0.76W1O3_221,3020
Na0.78W1O3_221,3021
Na0.7La0.944Ti2O6.248_167,3022
Na0.7Sr0.6La0.7Ti2O6_140,3023
Na0.83W1O3_221,3024
Na0.84Pr3.16Mn4O12_62,3025
Na0.85W1O3_221,3026
Na0.86W1O3_221,3027
Na0.88W1O3_221,3028
Na0.895Ca0.105Nb0.895Sn0.105O3_221,3029
Na0.8Ca3.2Ta0.8Ti3.2O12_62,3030
Na0.8Pr3.2Mn4O12_62,3031
Na0.8Sr0.4La0.8Ti2O6_167,3032
Na0.8V4Cd3.2O12_62,3033
Na0.925Ca0.075Nb0.925Sn0.075O3_99,3034
Na0.99La1Ti2O5.9958_140,3035
Na0.9La0.68Th0.26Ti2O6_140,3036
Na0.9Sr0.2La0.9Ti2O6_167,3037
Na1.072Sr0.51Ce0.418Ti1.888Nb0.112O6_127,3038
Na1.12Ca1.76Nd1.12Zr4O12_62,3039
Na1.1Nd2.9Ti2.9Mn1.1O12_62,3040
Na1.264Ce0.736Ti1.824Nb0.176O6_140,3041
Na1.2Ca2.8Ta1.2Ti2.8O12_62,3042
Na1.32Nd2.66Ti2.68Mn1.32O12_62,3043
Na1.332Pr2.668Ti2.668Mn1.332O12_62,3044
Na1.364Ce0.636Ti1.668Nb0.332O6_74,3045
Na1.6Ca2.4Ta1.6Ti2.4O12_62,3046
Na1.6Sr0.8Nd1.6Ti4O12_62,3047
Na1.76Ca0.48Ti4Bi1.76O12_62,3048
Na1.8Ca0.4Ti4Bi1.8O12_62,3049
Na1.8Sr0.4Nd1.8Ti4O12_62,3050
Na1La0.5Ce0.5Ti2O6_167,3051
Na2.2La1.4Th0.4Ti4O12_62,3052
Na2.4Ca1.6Ta2.4Ti1.6O12_62,3053
Na2.8Ca1.2Ta2.8Ti1.2O12_62,3054
Na2LiAlF6_14,3055
Na2Mg2H3F3_62,3056
Na2SnTeO6_14,3057
Na3.104Sr0.776Ta4O12_62,3058
Na3.2Ca0.8Ta3.2Ti0.8O12_62,3059
Na3.36Li0.64Ta0.4Nb3.6O12_62,3060
Na3.64Li0.36Ta0.08Nb3.92O12_62,3061
Na3.6Ca0.4Ta3.6Ti0.4O12_62,3062
Na3.6Li0.4Ta0.4Nb3.6O12_62,3063
Na3.6Sr0.4Ta4O12_62,3064
Na3.8Li0.2Ta0.4Nb3.6O12_62,3065
Na3AlF6_14,3066
Na3AlH6_14,3067
Na3ClO_221,3068
Na3CrF6_14,3069
Na3DyCl6_14,3070
Na3DyTi2Nb2O12_62,3071
Na3ErCl6_14,3072
Na3ErTi2Nb2O12_62,3073
Na3EuTi2Nb2O12_62,3074
Na3GaF6_14,3075
Na3GdBr6_14,3076
Na3GdTi2Nb2O12_62,3077
Na3HoCl6_14,3078
Na3HoTi2Nb2O12_62,3079
Na3MnF6_14,3080
Na3NdTi2Nb2O12_62,3081
Na3NiF6_14,3082
Na3PrTi2Nb2O12_62,3083
Na3ScCl6_14,3084
Na3ScF6_14,3085
Na3SmTi2Nb2O12_62,3086
Na3TbTi2Nb2O12_62,3087
Na3TiCl6_14,3088
Na3TmTi2Nb2O12_62,3089
Na3VF6_14,3090
Na3YBr6_14,3091
Na3YCl6_14,3092
Na4Mg4H11.608_62,3093
Na4Mg4H11.72_62,3094
Na4Mg4H11.744_62,3095
Na4Mg4H11.74_62,3096
Na4Mg4H7.328F4.672_62,3097
Na6Gd2I1.84Br10.16_14,3098
NaCa2IO6_14,3099
NaCaTaTiO6_62,3100
NaCeTi2O6_167,3101
NaCoF3_62,3102
NaDyTi2O6_62,3103
NaErTi2O6_62,3104
NaEuTi2O6_62,3105
NaFeF3_62,3106
NaGdTi2O6_62,3107
NaHoTi2O6_62,3108
NaIO3_62,3109
NaLa2IrO6_14,3110
NaLa2OsO6_14,3111
NaLa2RuO6_14,3112
NaLa2TaO6_14,3113
NaLaScSbO6_14,3114
NaLaTi2O12_167,3115
NaLaTi2O6_140,3116
NaLaTi2O6_167,3117
NaLaTi2O6_62,3118
NaLuTi2O6_62,3119
NaMgF3_221,3120
NaMgF3_62,3121
NaMgH2F_62,3122
NaMgH3_62,3123
NaMnF3_62,3124
NaNbO3_221,3125
NaNbO3_62,3126
NaNd2IrO6_14,3127
NaNd2OsO6_14,3128
NaNd2RuO6_14,3129
NaNdTi2O6_62,3130
NaNiF3_62,3131
NaOsO3_62,3132
NaPb2IO6_14,3133
NaPr2IrO6_14,3134
NaPr2OsO6_14,3135
NaPr2RuO6_14,3136
NaPr3Mn4O12_62,3137
NaPrTi2O6_140,3138
NaPrTi2O6_62,3139
NaSbO3_62,3140
NaSm2IrO6_14,3141
NaSr2IO6_14,3142
NaTaO3_221,3143
NaTaO3_62,3144
NaTbTi2O6_62,3145
NaTmTi2O6_62,3146
NaUO3_62,3147
NaVF3_221,3148
NaWO3_221,3149
NaYTi2O6_62,3150
NaYbTi2O6_62,3151
NaZnF3_62,3152
Nb0.5Fe0.5Pb1O3_221,3153
Nb0.5Fe0.5Pb1O3_99,3154
Nb0.5In0.5Pb1O3_221,3155
Nb0.667Co0.333Pb1O3_221,3156
NbAgO3_221,3157
NbRu3C_221,3158
Nd0.04Zr0.3Ti0.7Pb0.96O3_99,3159
Nd0.15Fe1Bi0.85O3_99,3160
Nd0.4Gd3.6Al4O12_62,3161
Nd0.7Mn0.6Fe3.4Bi3.3O12_62,3162
Nd0.8Dy3.2Al4O12_62,3163
Nd0.8Fe4Bi3.2O12_62,3164
Nd1.2Dy2.8Al4O12_62,3165
Nd1.2Fe4Bi2.8O12_62,3166
Nd1.2Gd2.8Al4O12_62,3167
Nd1.4Dy0.6Al2O6_74,3168
Nd1.6Dy2.4Al4O12_62,3169
Nd1.6Fe4Bi2.4O12_62,3170
Nd1.6Gd2.4Al4O12_62,3171
Nd1.7Gd0.3Al2O6_167,3172
Nd1.8Dy0.2Al2O6_167,3173
Nd1.8Dy0.2Al2O6_74,3174
Nd1.8Gd0.2Al2O6_167,3175
Nd1.94Dy0.06Al2O6_167,3176
Nd1.9Dy0.1Al2O6_167,3177
Nd1.9Dy0.1Al2O6_74,3178
Nd1B0.9Rh3_221,3179
Nd2.4Dy1.6Al4O12_62,3180
Nd2.4Gd1.6Al4O12_62,3181
Nd2.8Eu1.2Ni4O12_62,3182
Nd2.8Gd1.2Al4O12_62,3183
Nd2.8Mn3.6Fe0.4Pb1.2O12_62,3184
Nd2.8Mn4Pb1.2O12_62,3185
Nd2Al1.852Cr0.148O6_167,3186
Nd2CoNiO6_62,3187
Nd2CoPtO6_14,3188
Nd2FeNiO6_62,3189
Nd2MgIrO6_14,3190
Nd2MgRuO6_14,3191
Nd2MgSnO6_14,3192
Nd2MgTiO6_14,3193
Nd2MnCoO6_14,3194
Nd2MnCoO6_62,3195
Nd2MnCrO6_62,3196
Nd2MnFeO6_62,3197
Nd2MnGaO6_62,3198
Nd2MnNiO6_14,3199
Nd2MnRhO6_62,3200
Nd3.2Dy0.8Al4O12_62,3201
Nd3.4Gd0.6Al4O12_62,3202
Nd3.6Mn2Fe2Bi0.4O12_62,3203
Nd3.6Ti4O12_62,3204
Nd3.872Sc4O11.808_62,3205
Nd3.892Mn3.8O12_62,3206
Nd3.8Mn4O12_62,3207
Nd3.8Th0.2Ni4O12_62,3208
Nd3.92Mn1.96Co1.96O12_14,3209
Nd3AlN_221,3210
Nd3InC_221,3211
Nd3InN_221,3212
Nd3Sm(GaO3)4_62,3213
Nd3SnC_221,3214
Nd3SnN_221,3215
Nd3TlC_221,3216
Nd3TlN_221,3217
Nd4Al0.4Ni3.6O11.96_62,3218
Nd4Al2Ni2O11.76_62,3219
Nd4Co3.8Ni0.2O12_62,3220
Nd4Co4O11.748_62,3221
Nd4Co4O11.808_62,3222
Nd4Cr0.8Co3.2O12_62,3223
Nd4Cr0.8Fe3.2O12_62,3224
Nd4Cr1.6Co2.4O12_62,3225
Nd4Cr1.6Fe2.4O12_62,3226
Nd4Cr1.6Ni2.4O12_62,3227
Nd4Cr2.4Co1.6O12_62,3228
Nd4Cr2.4Fe1.6O12_62,3229
Nd4Cr2.4Ni1.6O12_62,3230
Nd4Cr3.2Co0.8O12_62,3231
Nd4Cr3.2Fe0.8O12_62,3232
Nd4Cr3.2Ni0.8O12_62,3233
Nd4Cu0.2Ni3.8O12_62,3234
Nd4Cu0.4Ni3.6O12_62,3235
Nd4Cu0.6Ni3.4O12_62,3236
Nd4Cu4O11.724_62,3237
Nd4Fe2.668Mo1.332O12_62,3238
Nd4Fe2.8Co1.2O12_62,3239
Nd4Mn(NiO4)3_62,3240
Nd4Mn0.8Cr3.2O12_62,3241
Nd4Mn1.6Cr2.4O12_62,3242
Nd4Mn2.4Cr1.6O12_62,3243
Nd4Mn3.84O11.544_62,3244
Nd4Mn3NiO12_62,3245
Nd4Ru3.532O12_62,3246
Nd4Ru3.536O12_62,3247
Nd4Ru3.544O12_62,3248
Nd4Ru3.556O12_62,3249
Nd4Ru3.576O12_62,3250
Nd4Ru3.588O12_62,3251
Nd4Ru3.6O12_62,3252
Nd4Ta4N8.004O3.996_62,3253
Nd4Ti4N3.32O8.68_62,3254
Nd4V2.0144Fe1.9856O12_62,3255
Nd4V2.014Fe1.986O12_62,3256
Nd4V2.0224Fe1.9776O12_62,3257
Nd4V2.0232Fe1.9768O12_62,3258
Nd4Zr4N3.996O8.004_62,3259
NdAlO3_167,3260
NdBPd3_221,3261
NdBRh3_221,3262
NdCoO3_221,3263
NdCoO3_62,3264
NdCoSbPbO6_14,3265
NdCrO3_221,3266
NdCrO3_62,3267
NdDyAl2O6_62,3268
NdFeO3_62,3269
NdGaO3_221,3270
NdGaO3_62,3271
NdGdAl2O6_62,3272
NdMnFeBiO6_62,3273
NdMnO3_62,3274
NdNiO3_14,3275
NdNiO3_62,3276
NdRh3C_221,3277
NdRhO3_62,3278
NdScO3_62,3279
NdTiO3_62,3280
NdVO3_221,3281
NdVO3_62,3282
Ni3GeC_221,3283
Ni4N_221,3284
NiNF3_221,3285
Pd3PbC_221,3286
Pr0.5Fe4Bi3.5O12_62,3287
Pr1B0.75Rh3_221,3288
Pr2.4Y1.6Mn4O12_62,3289
Pr2.68Mn4Pb1.32O12_62,3290
Pr2.8Mn4Pb1.2O12_62,3291
Pr2Al1.88Cr0.12O6_167,3292
Pr2CoPtO6_14,3293
Pr2FeCoO6_62,3294
Pr2MgIrO6_14,3295
Pr2MnRhO6_62,3296
Pr2TiCoO6_14,3297
Pr2TiZnO6_14,3298
Pr2VFeO6_62,3299
Pr2ZrNiO6_14,3300
Pr3.2Mn4Pb0.8O12_62,3301
Pr3.608Mn3.968O12_62,3302
Pr3.6Mn4Pb0.4O12_62,3303
Pr3.6Y0.4Mn4O12_62,3304
Pr3.84Mn3.928O12_62,3305
Pr3.8Mn3.756O12_62,3306
Pr3AlC_221,3307
Pr3AlN_221,3308
Pr3GaC_221,3309
Pr3InC_221,3310
Pr3InN_221,3311
Pr3InO_221,3312
Pr3PbC_221,3313
Pr3SnC_221,3314
Pr3TlC_221,3315
Pr4Co3.8Ni0.2O12_62,3316
Pr4Ru3.592O12_62,3317
Pr4Ru3.692O12_62,3318
Pr4Ta4N8.00004O3.99996_62,3319
Pr4Ta4N8.004O3.996_62,3320
Pr4Zr4N3.996O8.004_62,3321
PrAlO3_167,3322
PrAlO3_221,3323
PrBPd3_221,3324
PrBRh3_221,3325
PrCoO3_221,3326
PrCoO3_62,3327
PrCoSbPbO6_14,3328
PrCrO3_221,3329
PrCrO3_62,3330
PrFeO3_62,3331
PrGaO3_221,3332
PrGaO3_62,3333
PrInO3_62,3334
PrLuO3_62,3335
PrMnO3_62,3336
PrNiO3_167,3337
PrNiO3_62,3338
PrRh3C_221,3339
PrRhO3_62,3340
PrRuO3_62,3341
PrScO3_62,3342
PrTiNO2_62,3343
PrVO3_221,3344
PrVO3_62,3345
Pt3PbC_221,3346
PuRh3C_221,3347
PuRu3C_221,3348
Rb0.12La1.818Mn1.88O6_167,3349
Rb0.12La1.88Mn1.92O6_167,3350
Rb0.329La0.671Ti1O3_221,3351
Rb0.33La0.67Mn1O2.901_221,3352
Rb1Se1O1.9998F1.0002_221,3353
Rb3AuO_221,3354
Rb3BrO_221,3355
RbCaF3_140,3356
RbCaF3_221,3357
RbCaF3_62,3358
RbCaH3_221,3359
RbCdF3_221,3360
RbFeF3_221,3361
RbGeI3_221,3362
RbHgF3_221,3363
RbMgF3_221,3364
RbMnF3_221,3365
RbNO3_221,3366
RbPbF3_221,3367
RbPdF3_221,3368
RbUO3_221,3369
RbVF3_221,3370
RbYbBr3_62,3371
RbYbF3_221,3372
Sc0.225Ti0.55Nb0.225Pb1O3_99,3373
Sc0.285Ti0.43Nb0.285Pb1O3_99,3374
Sc0.36Ti0.64Bi0.36Pb0.64O3_99,3375
Sc0.48Nb0.52Pb1O3_221,3376
Sc0.5Nb0.5Pb1O3_221,3377
Sc0.5Ta0.5Pb1O3_221,3378
Sc1B0.706Rh3_221,3379
Sc1B0.7Rh3_221,3380
Sc2MnNiO6_14,3381
Sc3.648V4O12_62,3382
Sc3.688V4O12_62,3383
Sc3.704V4O12_62,3384
Sc3.8Co4.2O12_62,3385
Sc3.8Cr0.05Co4.15O12_62,3386
Sc3AlC_221,3387
Sc3AlN_221,3388
Sc3BPb_221,3389
Sc3GaC_221,3390
Sc3InB_221,3391
Sc3InC_221,3392
Sc3InN_221,3393
Sc3PbC_221,3394
Sc3SnB_221,3395
Sc3SnC_221,3396
Sc3TlB_221,3397
Sc3TlC_221,3398
ScAlO3_62,3399
ScBIr3_221,3400
ScBRh3_221,3401
ScCo3C_221,3402
ScCoO3_62,3403
ScCrO3_62,3404
ScIr3C_221,3405
ScMn2SbO6_14,3406
ScRh3C_221,3407
ScRu3C_221,3408
Sm0.7Fe4Bi3.3O12_62,3409
Sm0.8Eu3.2Al4O12_62,3410
Sm0.8Fe4Bi3.2O12_62,3411
Sm0.8Gd3.2Al4O12_62,3412
Sm1.6Eu2.4Al4O12_62,3413
Sm1.6Gd2.4Al4O12_62,3414
Sm1B0.8Rh3_221,3415
Sm2.4Y1.6Mn4O12_62,3416
Sm2.8Eu1.2Al4O12_62,3417
Sm2.8Gd1.2Al4O12_62,3418
Sm2CoNiO6_62,3419
Sm2FeCoO6_62,3420
Sm2MgIrO6_14,3421
Sm2MnCoO6_14,3422
Sm2MnFeO6_62,3423
Sm2MnNiO6_14,3424
Sm2MnRhO6_62,3425
Sm2TiCuO6_62,3426
Sm2TiMnO6_14,3427
Sm2VFeO6_62,3428
Sm3.6Eu0.4Al4O12_62,3429
Sm3.6Gd0.4Al4O12_62,3430
Sm3.824Sc4O11.736_62,3431
Sm3AlC_221,3432
Sm3AlN_221,3433
Sm3GaC_221,3434
Sm3InC_221,3435
Sm3InN_221,3436
Sm3PbC_221,3437
Sm3SnC_221,3438
Sm3TlC_221,3439
Sm4Co0.12Ni3.88O12_62,3440
Sm4Co0.3Ni3.7O12_62,3441
Sm4Co0.4Ni3.6O12_62,3442
Sm4Co0.8Ni3.2O12_62,3443
Sm4Co1.2Ni2.8O12_62,3444
Sm4Co2.8Ni1.2O12_62,3445
Sm4Co3.6Ni0.4O12_62,3446
Sm4Co3.8Ni0.2O12_62,3447
Sm4Co4O9.9996_62,3448
Sm4Fe0.4Co3.6O10.2_62,3449
Sm4Fe0.4Co3.6O12_62,3450
Sm4Fe0.8Co3.2O10.4004_62,3451
Sm4Fe1.2Co2.8O10.5996_62,3452
Sm4Fe1.2Co2.8O12_62,3453
Sm4Fe1.6Co2.4O10.8_62,3454
Sm4Fe2.4Co1.6O11.1996_62,3455
Sm4Fe2.8Co1.2O11.4_62,3456
Sm4Fe2.8Co1.2O12_62,3457
Sm4Fe2Co2O11.0004_62,3458
Sm4Fe3.2Co0.8O11.6004_62,3459
Sm4Fe3.6Co0.4O11.7996_62,3460
Sm4Fe3.6Co0.4O12_62,3461
Sm4Ta4N8.004O3.996_62,3462
Sm4Zr4N3.996O8.004_62,3463
SmAlO3_62,3464
SmBPd3_221,3465
SmBPt3_221,3466
SmBRh3_221,3467
SmCoO3_221,3468
SmCoO3_62,3469
SmCrO3_221,3470
SmCrO3_62,3471
SmFeO3_62,3472
SmMnO3_62,3473
SmNiO3_62,3474
SmRh3C_221,3475
SmRhO3_62,3476
SmScO3_62,3477
SmTiO3_62,3478
SmVO3_221,3479
SmVO3_62,3480
SnHgO3_167,3481
SnPt3C_221,3482
Sr0.049Li0.461La0.49Ti1O3_221,3483
Sr0.04La3.96Ga4O12_62,3484
Sr0.05La0.5Pr0.2Mn1Pb0.25O3_221,3485
Sr0.06La1.94Fe0.8Co1.2O6_167,3486
Sr0.06Zr0.4655Ti0.4845Mn0.01667Sb0.03333Pb0.94O3_99,3487
Sr0.06Zr0.494Ti0.456Mn0.01667Sb0.03333Pb0.94O3_99,3488
Sr0.06Zr0.5Ti0.5Pb0.91O3_99,3489
Sr0.08Ca1.52Ta4O12_62,3490
Sr0.08La1.92Co2O6_167,3491
Sr0.111Li0.429La0.46Ti1O3_221,3492
Sr0.12La1.88Co2O6_167,3493
Sr0.15Fe1Bi0.85O2.925_221,3494
Sr0.15La0.67Mn1O3_221,3495
Sr0.15La1.595Mn2O5.79_167,3496
Sr0.16La1.6Mn2O5.568F0.366_167,3497
Sr0.16La1.84Ti0.16Ga1.84O6_167,3498
Sr0.16La3.84Ga4O12_62,3499
Sr0.16La3.84Sc4O12_62,3500
Sr0.17La0.83Ru1O2.94_221,3501
Sr0.18La1.4Mn2Hg0.36O6_167,3502
Sr0.18La1.712Mn1.892O6_167,3503
Sr0.1La0.9Cr1O3_221,3504
Sr0.1La0.9Fe0.5Co0.5O3_221,3505
Sr0.1La0.9Mg0.1Al0.9O2.9001_221,3506
Sr0.1La0.9Mg0.2Ga0.8O2.85_221,3507
Sr0.1La0.9Mn1O3_221,3508
Sr0.1La1.6Mn2O6_167,3509
Sr0.1La1.9Mg0.18Ga1.82O5.7_167,3510
Sr0.1La1.9Mn0.1Ga1.9O6_167,3511
Sr0.2258La1.5804Mn2.1938O6_167,3512
Sr0.23Li0.368La0.402Ti1O3_221,3513
Sr0.24La3.76Ga4O12_62,3514
Sr0.2582La1.5496Mn2.1324O6_167,3515
Sr0.25Ca0.45La0.2Ti1O3_221,3516
Sr0.25Fe1Bi0.75O2.8749_221,3517
Sr0.25La0.375Ce0.375Mn0.5Cr0.5O3_221,3518
Sr0.25La0.75Cr1O3_221,3519
Sr0.25La0.75Mn1O3_221,3520
Sr0.25La1.75Mn2O6_167,3521
Sr0.25La1.75Mn2O6_74,3522
Sr0.2664Ca1.0664La2Nd0.6668Mn4O12_62,3523
Sr0.26La1.34Mg0.4Mn2O6_167,3524
Sr0.26La1.6Mn2O6_167,3525
Sr0.2Ca0.3La1.5Mn2O6_167,3526
Sr0.2Ca0.46La1.34Mn2O6_167,3527
Sr0.2Ca0.4La1.4Mn1.8Cr0.2O6_167,3528
Sr0.2Ca0.4La1.4Mn1.9Cr0.1O6_167,3529
Sr0.2Ca0.4La1.4Mn2O6_167,3530
Sr0.2Ca0.5La0.2Ti1O3_221,3531
Sr0.2Ca1.4La2.4Mn4O12_62,3532
Sr0.2Ca3.8Fe2Mo2O12_14,3533
Sr0.2Fe1Bi0.8O2.901_221,3534
Sr0.2Gd3.8Fe4O12_62,3535
Sr0.2La0.8Cr1O3_221,3536
Sr0.2La0.8Fe0.5Co0.5O3_221,3537
Sr0.2La0.8Mg0.15Ga0.85O2.82_221,3538
Sr0.2La0.8Mg0.15Ga0.8Co0.05O2.7999_221,3539
Sr0.2La0.8Mg0.2Ga0.8O2.55_221,3540
Sr0.2La0.8Ti0.2Al0.8O3_221,3541
Sr0.2La1.6Mn2O6_167,3542
Sr0.2La1.8Co1.4Ni0.6O6_167,3543
Sr0.2La1.8Co1.6Ni0.4O6_167,3544
Sr0.2La1.8Co1.8Ni0.2O6_167,3545
Sr0.2La1.8Co2O6_167,3546
Sr0.2La1.8Fe0.8Co1.2O6_167,3547
Sr0.2La1.8Ga2O5.982_167,3548
Sr0.2La1.8Mg0.2Ga1.8O5.754_167,3549
Sr0.2La1.8Mg0.2Ga1.8O5.79_167,3550
Sr0.2La1.8Mg0.2Ga1.8O5.802_167,3551
Sr0.2La1.8Mg0.38Ga1.62O5.64_167,3552
Sr0.2La1.8Mg0.4Ga1.6O5.64_167,3553
Sr0.2La1.8Ni2O6_167,3554
Sr0.2La3.8Cr4O12_62,3555
Sr0.2La3.8Mn0.2Ga3.8O12_62,3556
Sr0.2Nd1.8Fe1.4Co0.6O5.46_74,3557
Sr0.2Nd1.8Fe1.4Co0.6O5.6_74,3558
Sr0.2Nd1.8Fe1.4Co0.6O5.86_74,3559
Sr0.2Nd3.8Cr4O12_62,3560
Sr0.2Nd3.8Ni4O11.84_62,3561
Sr0.2Nd3.8Ni4O12_62,3562
Sr0.2Pr3.8Ni4O12_62,3563
Sr0.32Ca0.88Nd2.8Mn4O12_62,3564
Sr0.32La3.68Ti0.32Ga3.68O12_62,3565
Sr0.33La0.67Mn1O3_221,3566
Sr0.344La3.656Mg0.448Ga3.552O11.604_62,3567
Sr0.344Li0.326La0.33Ti1O3_221,3568
Sr0.34Ca0.26La1.4Mn2O6_167,3569
Sr0.34La1.44Mn2O5.166F0.666_167,3570
Sr0.34La1.66Mn1.8Cu0.2O6_167,3571
Sr0.34La1.66Mn1.8Zn0.2O6_167,3572
Sr0.34La1.6Mn2O6_167,3573
Sr0.35Fe1Bi0.65O2.8251_221,3574
Sr0.36La1.14Nd0.2Mn2O6_167,3575
Sr0.36La1.34Mg0.3Mn2O6_167,3576
Sr0.36La1.568Mn1.948O6_167,3577
Sr0.36La3.64Sc4O12_62,3578
Sr0.37La0.63Mn1O3_221,3579
Sr0.38Ca0.22La1.4Mn2O6_167,3580
Sr0.38La1.4Mn2Hg0.18O6_167,3581
Sr0.392La1.608Mn1.84Cu0.16O6_167,3582
Sr0.392La1.608Mn1.84Zn0.16O6_167,3583
Sr0.3Ca0.2La1.4Mn1.4In0.6Bi0.1O6_167,3584
Sr0.3Ca0.2La1.4Mn1.6In0.4Bi0.1O6_167,3585
Sr0.3Ca0.2La1.4Mn1.7In0.3Bi0.1O6_167,3586
Sr0.3Ca0.2La1.4Mn1.8In0.2Bi0.1O6_167,3587
Sr0.3Ca0.2La1.4Mn2Bi0.1O6_167,3588
Sr0.3Ca0.3La1.4Cr2O6_167,3589
Sr0.3Ce0.004Ti0.988Fe0.008Pb0.7O3_221,3590
Sr0.3Ce0.004Ti0.988Fe0.008Pb0.7O3_99,3591
Sr0.3La0.004Ti0.988Fe0.008Pb0.7O3_221,3592
Sr0.3La0.004Ti0.988Fe0.008Pb0.7O3_99,3593
Sr0.3La0.7Fe0.5Co0.5O3_221,3594
Sr0.3La1.34Mn2O6_167,3595
Sr0.3La1.6Mn2O6_167,3596
Sr0.3La1.7Co2O6_167,3597
Sr0.3La1.7Cr2O6_167,3598
Sr0.3La1Pr0.4Mn2Pb0.3O6_167,3599
Sr0.3Li0.349La0.351Ti1O3_221,3600
Sr0.3Nd0.7Fe0.8Cu0.2O3_221,3601
Sr0.3Ti0.988Fe0.012Pb0.7O3_99,3602
Sr0.421La1.4736Mn2.1052O6_167,3603
Sr0.42Ca0.58V1O3_123,3604
Sr0.444La1.556Mn1.88Cu0.12O6_167,3605
Sr0.444La1.556Mn1.88Zn0.12O6_167,3606
Sr0.44Ca3.56V4O12_62,3607
Sr0.44La3.56Mg0.8Ga2.24Fe0.96O10.48_62,3608
Sr0.44La3.56Mg0.96Ga2.24Fe0.8O10.48_62,3609
Sr0.44La3.56Mn4O12_62,3610
Sr0.45116La1.54884Mn2O6_167,3611
Sr0.45Fe1Bi0.55O2.775_221,3612
Sr0.45Gd0.55Fe0.2Co0.8O3_221,3613
Sr0.45Mn1Bi0.55O3_99,3614
Sr0.46La1.14Nd0.2Mn2O6_167,3615
Sr0.47La0.53Mn1O3_221,3616
Sr0.484La3.392Mn3.936O12_62,3617
Sr0.48La1.5Mn2O6_167,3618
Sr0.49494La1.50506Mn2O6_167,3619
Sr0.496La1.504Mn1.92Cu0.08O6_167,3620
Sr0.496La1.504Mn1.92Zn0.08O6_167,3621
Sr0.498Pr0.502Fe0.997O2.613_221,3622
Sr0.49Gd0.51Co1O3_221,3623
Sr0.4Ca0.4La1.2Mn2O6_167,3624
Sr0.4Ca0.8Pr2.8Mn4O12_62,3625
Sr0.4Ca1.2La2.4Mn4O12_62,3626
Sr0.4Ca1La0.4Ti2O6_140,3627
Sr0.4Ca2.4La0.8Ti4O12_62,3628
Sr0.4Ca2.8Nd0.8Mn4O12_62,3629
Sr0.4Ca3.2Nd0.4Mn4O12_62,3630
Sr0.4Ca3.6Fe2Mo2O12_14,3631
Sr0.4Ca3.6Fe4O12_62,3632
Sr0.4Ca3.6Ti2Mn2O12_62,3633
Sr0.4Gd3.6Co4O12_62,3634
Sr0.4Gd3.6Fe0.8Co3.2O12_62,3635
Sr0.4La0.6Co0.9Ni0.1O3_221,3636
Sr0.4La0.6Co1O2.658_221,3637
Sr0.4La0.6Co1O3_221,3638
Sr0.4La0.6Fe0.1Co0.9O3_221,3639
Sr0.4La0.6Fe0.2Co0.8O2.712_221,3640
Sr0.4La0.6Fe0.2Co0.8O3_221,3641
Sr0.4La0.6Fe0.5Co0.5O3_221,3642
Sr0.4La0.6Fe0.8Co0.2O3_221,3643
Sr0.4La0.6Fe0.8Cu0.2O2.934_221,3644
Sr0.4La0.6Fe0.8Cu0.2O3_221,3645
Sr0.4La0.6Fe1O2.754_221,3646
Sr0.4La0.6Fe1O2.796_221,3647
Sr0.4La1.4Tb0.2Mn2O6_74,3648
Sr0.4La1.6Co1.8Ni0.2O6_167,3649
Sr0.4La1.6Co2O6_167,3650
Sr0.4La1.6Cr1.68Pd0.32O6_167,3651
Sr0.4La1.6Fe0.8Co1.2O6_167,3652
Sr0.4La1.6Fe1.6Cu0.4O6_167,3653
Sr0.4La1.6Ga1.3Fe0.7O5.934_167,3654
Sr0.4La1.6Ga1.3Fe0.7O5.964_167,3655
Sr0.4La1.6Ga1.3Fe0.7O5.982_167,3656
Sr0.4La1.6Ga1.3Fe0.7O6_167,3657
Sr0.4La1.6Mg0.3Ga1.6Co0.1O5.5998_167,3658
Sr0.4La1.6Mn1.6Fe0.4O6_167,3659
Sr0.4La1.6Mn1.8Sb0.2O6_167,3660
Sr0.4La1.6Mn2O5.802_167,3661
Sr0.4La1.6Mn2O6_167,3662
Sr0.4La1Pr0.4Mn2Pb0.2O6_167,3663
Sr0.4La3.32Mg0.8Fe3.2O10.92_62,3664
Sr0.4La3.6Cr3.4Fe0.2Co0.2Ni0.2O12_62,3665
Sr0.4La3.6Cr4O11.916_62,3666
Sr0.4La3.6Fe4O12_62,3667
Sr0.4La3.6Ga4O12_62,3668
Sr0.4La3.6In4O11.7996_62,3669
Sr0.4La3.6Lu4O11.7996_62,3670
Sr0.4La3.6Mg0.8Ga3.2O11.4_62,3671
Sr0.4La3.6Mg1.8Ti2.2O12_14,3672
Sr0.4La3.6Mn4O11.7996_62,3673
Sr0.4La3.6Mn4O12_62,3674
Sr0.4La3.6Sc4H0.4O12_62,3675
Sr0.4La3.6Sc4O11.7996_62,3676
Sr0.4La3.6Sc4O11.84_62,3677
Sr0.4La3.6Zr0.8Fe2.4Co0.8O11.7996_62,3678
Sr0.4Mn1Bi0.6O3_99,3679
Sr0.4Nd0.6Fe0.8Cu0.2O2.985_221,3680
Sr0.4Nd3.6Co4O12_62,3681
Sr0.4Nd3.6Cr4O12_62,3682
Sr0.4Nd3.6Fe2.8Co1.2O11.6_62,3683
Sr0.4Nd3.6Fe2.8Co1.2O11.92_62,3684
Sr0.4Nd3.6Fe2.8Co1.2O11.96_62,3685
Sr0.4Nd3.6Fe2.8Co1.2O12_62,3686
Sr0.4Nd3.6Fe4O12_62,3687
Sr0.4Pr3.6Mn4O12_62,3688
Sr0.4Sm3.6Fe4O12_62,3689
Sr0.5104La1.0208Nd2.0416Mn4.3072O12_62,3690
Sr0.5128La1.436Mn2.0512O6_167,3691
Sr0.5136La2.054Nd1.0268Mn4.2856O12_62,3692
Sr0.52Ca0.68La2.8Mn4O12_62,3693
Sr0.52La3.48Mn4O12_62,3694
Sr0.54692La1.45308Mn2O6_167,3695
Sr0.548La1.452Mn1.96Cu0.04O6_167,3696
Sr0.548La1.452Mn1.96Zn0.04O6_167,3697
Sr0.54Ca1.46V2O6_140,3698
Sr0.54La1.46Mn1.8Co0.2O6_167,3699
Sr0.54La1.46Mn1.8Cr0.2O6_167,3700
Sr0.54La1.46Mn1.8Ga0.2O6_167,3701
Sr0.54La1.46Sc0.2Mn1.8O6_167,3702
Sr0.552La1.448Mn1.84Co0.16O6_167,3703
Sr0.552La1.448Mn1.84Cr0.16O6_167,3704
Sr0.552La1.448Mn1.84Ga0.16O6_167,3705
Sr0.552La1.448Sc0.16Mn1.84O6_167,3706
Sr0.55La0.45Co1O3_221,3707
Sr0.55La0.45Mn1O3_123,3708
Sr0.55Mn1Bi0.45O3_99,3709
Sr0.564La1.436Mn1.88Co0.12O6_167,3710
Sr0.564La1.436Mn1.88Cr0.12O6_167,3711
Sr0.564La1.436Mn1.88Ga0.12O6_167,3712
Sr0.564La1.436Sc0.12Mn1.88O6_167,3713
Sr0.56Ca0.44Fe0.89Si0.11O2.79_221,3714
Sr0.56La1.34Mg0.1Mn2O6_167,3715
Sr0.576La1.424Mn1.92Co0.08O6_167,3716
Sr0.576La1.424Mn1.92Cr0.08O6_167,3717
Sr0.576La1.424Mn1.92Ga0.08O6_167,3718
Sr0.576La1.424Sc0.08Mn1.92O6_167,3719
Sr0.588La1.412Mn1.96Co0.04O6_167,3720
Sr0.588La1.412Mn1.96Cr0.04O6_167,3721
Sr0.588La1.412Mn1.96Ga0.04O6_167,3722
Sr0.588La1.412Sc0.04Mn1.96O6_167,3723
Sr0.58Gd0.42Fe0.6Co0.4O3_221,3724
Sr0.597Li0.19La0.213Ti1O3_221,3725
Sr0.59894La1.39902Ti1Co1O6_167,3726
Sr0.5Ca0.5Cr1O3_221,3727
Sr0.5Ca0.5Mn0.27Fe0.73O2.676_221,3728
Sr0.5Ca0.5Mn0.338Fe0.662O2.697_221,3729
Sr0.5Ca0.5Mn0.505Fe0.495O2.76_221,3730
Sr0.5Ca0.5Mn1O3_123,3731
Sr0.5Ca0.5Mn1O3_221,3732
Sr0.5Ca0.5W1N1.11O1.89_221,3733
Sr0.5Ca0.9La0.4Ti2O6_140,3734
Sr0.5Eu0.5Co1O3_221,3735
Sr0.5Fe1Bi0.5O2.751_221,3736
Sr0.5Fe1Bi0.5O3_221,3737
Sr0.5Fe1Bi0.5O3_99,3738
Sr0.5Gd0.5Co1O2.751_221,3739
Sr0.5Gd0.5Fe0.8Co0.2O3_221,3740
Sr0.5La0.5Co0.9Ni0.1O3_221,3741
Sr0.5La0.5Co1O3_221,3742
Sr0.5La0.5Fe0.5Co0.5O2.781_221,3743
Sr0.5La0.5Fe0.5Co0.5O2.79_221,3744
Sr0.5La0.5Mn0.6Fe0.4O3_123,3745
Sr0.5La0.5Mn0.95Ru0.05O3_123,3746
Sr0.5La0.5Mn1O3_123,3747
Sr0.5La0.5Mn1O3_221,3748
Sr0.5La0.5Ti0.5Fe0.5O2.982_221,3749
Sr0.5La0.5Ti0.5Fe0.5O3_221,3750
Sr0.5La1.3Ce0.2Mn1Cr1O6_167,3751
Sr0.5La1.5Cr1.25Mo0.75O6_74,3752
Sr0.5La1.5Cr2O5.958_167,3753
Sr0.5La1.5Cr2O6_167,3754
Sr0.5La1.5Cr2O6_74,3755
Sr0.5La1.5Mn0.6Cr1.4O6_167,3756
Sr0.5La1.5Mn1.5Cr0.5O6_167,3757
Sr0.5La1.5Mn1.6Cr0.4O6_167,3758
Sr0.5La1.5Mn1.7Cr0.3O6_167,3759
Sr0.5La1.5Mn1Cr1O6_167,3760
Sr0.5La1.5Mn2O6_167,3761
Sr0.5La1.5Ti1Cu1O5.375_74,3762
Sr0.5La1Ce0.5Mn1Cr1O6_167,3763
Sr0.5La3.5Mn4O12_62,3764
Sr0.5La3.5Ti2Cu2O11_62,3765
Sr0.5Li0.25La0.25Ti1O3_221,3766
Sr0.5Mn1Bi0.5O3_99,3767
Sr0.5Nd0.5Fe0.8Cu0.2O2.961_221,3768
Sr0.5Pr0.5Fe1O2.751_221,3769
Sr0.5Sm0.5Fe1O2.9499_221,3770
Sr0.5Ti0.125Mn0.875Bi0.5O3_221,3771
Sr0.5Ti0.5Cr0.5Bi0.5O3_221,3772
Sr0.5Ti0.5Fe0.5Bi0.5O3_221,3773
Sr0.5Ti0.5Mn0.5Bi0.5O3_221,3774
Sr0.601Ce0.269Ti1O3_221,3775
Sr0.61334La1.38666Ti1Co1O6_167,3776
Sr0.615Li0.196La0.189Ti1O3_221,3777
Sr0.616La1.344Mn2O6_167,3778
Sr0.625Ti0.5Mn0.5Bi0.375O3_221,3779
Sr0.634La1.34Mn2O4.764F1.098_167,3780
Sr0.638La0.314Ti0.952O3_221,3781
Sr0.64La1.304Mn2O6_167,3782
Sr0.64La1.334Mn2O4.668F1.266_167,3783
Sr0.65136La1.34864Mn2O6_167,3784
Sr0.65Ca0.35Ti1O3_221,3785
Sr0.65Ce0.3Pr0.05Mn1O3_123,3786
Sr0.65La0.35Mn0.5Ir0.5O3_221,3787
Sr0.65Pr0.35Mn1O3_123,3788
Sr0.65Pr0.35Mn1O3_221,3789
Sr0.6664La0.2856Ti0.952O3_221,3790
Sr0.666La1.334Mn2O6_167,3791
Sr0.667Gd0.333Fe1O2.9001_221,3792
Sr0.667La0.333Fe1O2.979_221,3793
Sr0.667La0.333Fe1O3_221,3794
Sr0.667Pr0.333Fe1O2.679_221,3795
Sr0.667Pr0.333Fe1O2.67_221,3796
Sr0.667Pr0.333Fe1O2.943_221,3797
Sr0.66La0.74Eu0.6Mn2O6_167,3798
Sr0.66La0.94Eu0.4Mn2O6_167,3799
Sr0.66La1.14Eu0.2Mn2O6_167,3800
Sr0.66La1.14Nd0.2Mn1.4Al0.6O6_167,3801
Sr0.66La1.14Nd0.2Mn1.6Al0.4O6_167,3802
Sr0.66La1.14Nd0.2Mn1.6Sn0.4O6_167,3803
Sr0.66La1.14Nd0.2Mn1.7Al0.3O6_167,3804
Sr0.66La1.14Nd0.2Mn1.7Sn0.3O6_167,3805
Sr0.66La1.14Nd0.2Mn1.8Al0.2O6_167,3806
Sr0.66La1.14Nd0.2Mn1.8Sn0.2O6_167,3807
Sr0.66La1.14Nd0.2Mn1.9Al0.1O6_167,3808
Sr0.66La1.14Nd0.2Mn1.9Sn0.1O6_167,3809
Sr0.66La1.14Nd0.2Mn2O6_167,3810
Sr0.66La1.34Mn1.34Ni0.66O6_167,3811
Sr0.66La1.34Mn1.3Fe0.7O6_167,3812
Sr0.66La1.34Mn1.5Fe0.5O6_167,3813
Sr0.66La1.34Mn1.7Fe0.3O6_167,3814
Sr0.66La1.34Mn1.7V0.3O6_167,3815
Sr0.66La1.34Mn1.8Co0.2O6_167,3816
Sr0.66La1.34Mn1.8Ni0.2O6_167,3817
Sr0.66La1.34Mn1.8V0.2O6_167,3818
Sr0.66La1.34Mn1.94Co0.06O6_167,3819
Sr0.66La1.34Mn1.9Co0.1O6_167,3820
Sr0.66La1.34Mn1.9Ni0.1O6_167,3821
Sr0.66La1.34Mn1.9V0.1O6_167,3822
Sr0.66La1.34Mn2O6_167,3823
Sr0.66La3.34Co2.84W1.16O12_14,3824
Sr0.66La3.34Mn4O12_62,3825
Sr0.67Gd0.33Fe0.4Co0.6O3_221,3826
Sr0.67La0.33Co1O2.73_221,3827
Sr0.67La0.33Ti0.67Fe0.33O3_221,3828
Sr0.67La0.33Ti0.67Mn0.33O3_221,3829
Sr0.67Nd0.33Co1O2.64_221,3830
Sr0.67Nd0.33Cu0.67Ru0.33O3_221,3831
Sr0.67Pr0.33Co1O2.7_221,3832
Sr0.67Pr0.33Fe1O2.667_221,3833
Sr0.67Pr0.33Fe1O2.751_221,3834
Sr0.68Ca0.17Fe0.25Co0.75Bi0.15O2.58_221,3835
Sr0.68Ca0.17Fe0.25Co0.75Bi0.15O2.721_221,3836
Sr0.68Ca0.17Fe0.5Co0.5Bi0.15O2.604_221,3837
Sr0.68Ca0.17Fe0.5Co0.5Bi0.15O2.742_221,3838
Sr0.68Ca0.17Fe0.75Co0.25Bi0.15O2.628_221,3839
Sr0.68Ca0.17Fe0.75Co0.25Bi0.15O2.76_221,3840
Sr0.68Ca0.17Fe1Bi0.15O2.532_221,3841
Sr0.68Ca0.17Fe1Bi0.15O2.703_221,3842
Sr0.68Ca0.52La2.8Mn4O12_62,3843
Sr0.69Li0.16Ta0.75Ga0.25O3_221,3844
Sr0.6Ca0.1La0.2Ti1O3_221,3845
Sr0.6Ca0.2La1.2Mn2O6_167,3846
Sr0.6Ca0.3Nd0.1Mn1O3_123,3847
Sr0.6Ca0.4Cr1O3_221,3848
Sr0.6Ca0.4Ti0.5Mn0.5O3_123,3849
Sr0.6Ca0.6La2.8Cr4O12_62,3850
Sr0.6Ca1Nd0.4Mn2O6_140,3851
Sr0.6Ca3.4Fe2Mo2O12_14,3852
Sr0.6Fe1Bi0.4O2.7_221,3853
Sr0.6Fe1Bi0.4O3_221,3854
Sr0.6Gd0.4Fe1O3_221,3855
Sr0.6La0.4Co0.9Ni0.1O3_221,3856
Sr0.6La0.4Co1O3_221,3857
Sr0.6La0.4Fe0.1Co0.9O3_221,3858
Sr0.6La0.4Fe0.2Co0.8O3_221,3859
Sr0.6La0.4Fe0.3Co0.7O3_221,3860
Sr0.6La0.4Fe0.4Co0.6O3_221,3861
Sr0.6La0.4Fe0.5Co0.5O3_221,3862
Sr0.6La0.4Fe0.6Co0.4O3_221,3863
Sr0.6La0.4Fe0.7Co0.3O3_221,3864
Sr0.6La0.4Fe0.8Co0.2O3_221,3865
Sr0.6La0.4Fe0.9Co0.1O3_221,3866
Sr0.6La0.4Mn1O2.6016_221,3867
Sr0.6La0.4Mn1O3_123,3868
Sr0.6La0.4Ti1O3_221,3869
Sr0.6La0.4Zr0.2Fe0.6Co0.2O2.7_221,3870
Sr0.6La1.2Gd0.2Mn1.7Si0.3O6_167,3871
Sr0.6La1.2Gd0.2Mn1.8Si0.2O6_167,3872
Sr0.6La1.2Gd0.2Mn1.9Si0.1O6_167,3873
Sr0.6La1.2Gd0.2Mn2O6_167,3874
Sr0.6La1.2Nd0.2Mn1.4Cr0.6O6_167,3875
Sr0.6La1.2Pr0.2Mn1.4Fe0.6O6_167,3876
Sr0.6La1.2Pr0.2Mn1.6Fe0.4O6_167,3877
Sr0.6La1.2Pr0.2Mn1.7Ru0.3O6_167,3878
Sr0.6La1.2Pr0.2Mn1.8Fe0.2O6_167,3879
Sr0.6La1.2Pr0.2Mn1.9Ru0.1O6_167,3880
Sr0.6La1.2Pr0.2Mn2O6_167,3881
Sr0.6La1.3Eu0.1Mn1.7Cr0.3O6_167,3882
Sr0.6La1.3Eu0.1Mn1.8Cr0.2O6_167,3883
Sr0.6La1.3Eu0.1Mn1.9Cr0.1O6_167,3884
Sr0.6La1.4Co1.8Ni0.2O6_167,3885
Sr0.6La1.4Co2O5.94_167,3886
Sr0.6La1.4Co2O6_167,3887
Sr0.6La1.4Fe0.2Co1.8O6_167,3888
Sr0.6La1.4Fe0.4Co1.6O6_167,3889
Sr0.6La1.4Fe0.6Co1.4O6_167,3890
Sr0.6La1.4Fe0.8Co1.2O6_167,3891
Sr0.6La1.4Fe2O6_167,3892
Sr0.6La1.4Ga0.2Co1.8O6_167,3893
Sr0.6La1.4Mg0.16Mn1.7Nb0.14O6_167,3894
Sr0.6La1.4Mg0.16Mn1.7Nb0.14O6_74,3895
Sr0.6La1.4Mg0.3Mn1.7O5.952_167,3896
Sr0.6La1.4Mg0.3Mn1.7O6_167,3897
Sr0.6La1.4Mn0.5Co1.5O5.9598_167,3898
Sr0.6La1.4Mn0.5Co1.5O6_167,3899
Sr0.6La1.4Mn1.4Cr0.6O6_167,3900
Sr0.6La1.4Mn1.4Fe0.6O6_167,3901
Sr0.6La1.4Mn1.5Co0.5O6_167,3902
Sr0.6La1.4Mn1.6Fe0.4O6_167,3903
Sr0.6La1.4Mn1.6Ge0.2Sb0.2O6_167,3904
Sr0.6La1.4Mn1.75Cu0.25O6_167,3905
Sr0.6La1.4Mn1.7Cu0.3O6_167,3906
Sr0.6La1.4Mn1.7Nb0.3O6_167,3907
Sr0.6La1.4Mn1.7Nb0.3O6_74,3908
Sr0.6La1.4Mn1.7Sb0.3O6_167,3909
Sr0.6La1.4Mn1.7Sn0.3O6_167,3910
Sr0.6La1.4Mn1.84Cr0.16O6_167,3911
Sr0.6La1.4Mn1.84Fe0.16O6_167,3912
Sr0.6La1.4Mn1.85Cu0.15O6_167,3913
Sr0.6La1.4Mn1.88Cr0.12O6_167,3914
Sr0.6La1.4Mn1.88Fe0.12O6_167,3915
Sr0.6La1.4Mn1.8Cr0.2O6_167,3916
Sr0.6La1.4Mn1.8Cu0.2O6_167,3917
Sr0.6La1.4Mn1.8Fe0.2O6_167,3918
Sr0.6La1.4Mn1.8Sn0.2O6_167,3919
Sr0.6La1.4Mn1.92Al0.016In0.064O6_167,3920
Sr0.6La1.4Mn1.92Al0.032In0.048O6_167,3921
Sr0.6La1.4Mn1.92Al0.048In0.032O6_167,3922
Sr0.6La1.4Mn1.92Al0.064In0.016O6_167,3923
Sr0.6La1.4Mn1.92Al0.08O6_167,3924
Sr0.6La1.4Mn1.92Cr0.08O6_167,3925
Sr0.6La1.4Mn1.92Cu0.08O6_167,3926
Sr0.6La1.4Mn1.92Fe0.08O6_167,3927
Sr0.6La1.4Mn1.92In0.08O6_167,3928
Sr0.6La1.4Mn1.95Cu0.05O6_167,3929
Sr0.6La1.4Mn1.96Cr0.04O6_167,3930
Sr0.6La1.4Mn1.96Fe0.04O6_167,3931
Sr0.6La1.4Mn1.98Cu0.02O6_167,3932
Sr0.6La1.4Mn1.9Cu0.1O6_167,3933
Sr0.6La1.4Mn1.9Sn0.1O6_167,3934
Sr0.6La1.4Mn1Co1O5.9802_167,3935
Sr0.6La1.4Mn1Co1O6_167,3936
Sr0.6La1.4Mn2O5.7_167,3937
Sr0.6La1.4Mn2O5.802_167,3938
Sr0.6La1.4Mn2O6_140,3939
Sr0.6La1.4Mn2O6_167,3940
Sr0.6La1.4Ti0.06Mn1.94O6_167,3941
Sr0.6La1.4Ti0.1Mn1.9O6_167,3942
Sr0.6La1.4Ti0.2Mn1.8O6_167,3943
Sr0.6La1.4Ti0.3Mn1.7O6_167,3944
Sr0.6La1.4Ti0.4Mn1.6O6_167,3945
Sr0.6La1.4Ti0.6Mn1.4O6_167,3946
Sr0.6La1.4Ti1Co1O5.712_167,3947
Sr0.6La1Nd0.4Mn1.4Cr0.6O6_167,3948
Sr0.6La1Sm0.4Ti1Fe1O6_74,3949
Sr0.6La3.4Cr4O12_62,3950
Sr0.6Nd0.4Co1O2.6601_221,3951
Sr0.6Nd0.4Fe0.8Cu0.2O2.931_221,3952
Sr0.6Nd3.4Co4O12_62,3953
Sr0.6Nd3.4Cr4O12_62,3954
Sr0.6Sm0.4Fe1O2.9301_221,3955
Sr0.722La1.278Mn2O6_167,3956
Sr0.724Nb1O3_221,3957
Sr0.744Ce0.167Ti1O3_221,3958
Sr0.74Ca0.26V1O3_221,3959
Sr0.74La1.26Mn2O5.772_167,3960
Sr0.74La3.26Mn4O12_62,3961
Sr0.75Ce0.25Mn1O3_123,3962
Sr0.75Gd0.25Fe1O2.8701_221,3963
Sr0.75Gd0.25Fe1O2.94_221,3964
Sr0.75La0.25Mn1O3_221,3965
Sr0.75La0.25Ti0.5Mn0.5O3_221,3966
Sr0.75Pr0.25Mn1O3_123,3967
Sr0.75Ti0.5Mn0.5Bi0.25O3_221,3968
Sr0.75Y0.25Cr0.2Fe0.8O2.79_221,3969
Sr0.75Y0.25Cr0.33Fe0.67O2.79_221,3970
Sr0.75Y0.25Cr0.5Fe0.5O2.79_221,3971
Sr0.75Y0.25Fe0.5Ni0.5O2.79_221,3972
Sr0.75Y0.25Fe0.67Ni0.33O2.79_221,3973
Sr0.75Y0.25Fe0.8Ni0.2O2.79_221,3974
Sr0.75Y0.25Fe1O2.79_221,3975
Sr0.75Y0.25Mn0.2Fe0.8O2.79_221,3976
Sr0.75Y0.25Mn0.33Fe0.67O2.79_221,3977
Sr0.75Y0.25Mn0.57Co0.43O2.73_221,3978
Sr0.75Y0.25Mn0.5Fe0.5O2.79_221,3979
Sr0.76Ca0.44La2.8Mn4O12_62,3980
Sr0.76Ca3.24V4O12_62,3981
Sr0.76La0.24Ru0.96O2.7_221,3982
Sr0.77608La1.22068Ti1Co1O6_167,3983
Sr0.78La0.22Ru1O2.88_221,3984
Sr0.79Ca0.21Fe0.89Si0.11O2.73_221,3985
Sr0.7Ca0.1Nd0.2Mn1O3_123,3986
Sr0.7Ca0.2Nd0.1Mn1O3_123,3987
Sr0.7Ca0.3Ti0.5Mn0.5O3_221,3988
Sr0.7Ca0.7La0.4Ti2O6_140,3989
Sr0.7La0.29Cr0.29Fe0.7O3_221,3990
Sr0.7La0.3Co0.9Ni0.1O3_221,3991
Sr0.7La0.3Co1O3_221,3992
Sr0.7La0.3Cr0.3Fe0.7O3_221,3993
Sr0.7La0.3Fe1O3_221,3994
Sr0.7La0.3In0.5Ga0.5O2.649_221,3995
Sr0.7La0.3Mn1O3_221,3996
Sr0.7La0.3Ti1O3_221,3997
Sr0.7La0.3Zr0.2Fe0.6Co0.2O2.6499_221,3998
Sr0.7La1.266Mn2O3.936F1.932_167,3999
Sr0.7La1.26Mn2O4.368F1.566_167,4000
Sr0.7La1.3Ti1Co1O5.532_167,4001
Sr0.7Nd0.3Co1O2.58_221,4002
Sr0.7Nd0.3Fe0.1Co0.9O2.5899_221,4003
Sr0.7Nd0.3Fe0.1Co0.9O2.649_221,4004
Sr0.7Nd0.3Fe0.3Co0.7O2.61_221,4005
Sr0.7Nd0.3Fe0.5Co0.5O2.6199_221,4006
Sr0.7Nd0.3Fe0.5Co0.5O2.649_221,4007
Sr0.7Nd0.3Fe0.7Co0.3O2.6199_221,4008
Sr0.7Nd0.3Fe0.8Cu0.2O2.88_221,4009
Sr0.7Nd0.3Fe0.9Co0.1O2.649_221,4010
Sr0.7Nd0.3Fe0.9Co0.1O2.64_221,4011
Sr0.7Nd0.3Fe1O2.67_221,4012
Sr0.7Pr0.3Mn1O3_123,4013
Sr0.7Sm0.3Fe1O2.9001_221,4014
Sr0.825Pr0.175Mn1O3_221,4015
Sr0.82682La1.13686Mn2.03632O6_167,4016
Sr0.82Ca0.18Pr1Mn2O6_140,4017
Sr0.83Pr0.17Ti1O3_221,4018
Sr0.844Nd0.104Ti1O3_221,4019
Sr0.84La0.16Ru1O3_221,4020
Sr0.855Co1Bi0.145O2.736_221,4021
Sr0.857Nb1O3_221,4022
Sr0.85Ce0.15Fe1O3_221,4023
Sr0.85Ce0.15Mn1O3_123,4024
Sr0.85Fe0.21Co0.79Bi0.15O2.82_221,4025
Sr0.85Fe0.22Co0.78Bi0.15O2.64_221,4026
Sr0.85Fe0.63Co0.37Bi0.15O2.67_221,4027
Sr0.85Fe1Bi0.15O2.85_221,4028
Sr0.85La0.15Mn1O3_221,4029
Sr0.85La0.15Nb0.425Ga0.575O3_221,4030
Sr0.85Pr0.15Mn1O3_123,4031
Sr0.85Pr0.15Mn1O3_221,4032
Sr0.85Pr0.15Ti1O3_123,4033
Sr0.85Pr0.15Ti1O3_221,4034
Sr0.85Ti0.85Fe0.15Bi0.15O3_221,4035
Sr0.86896La1.0862Mn2.04484O6_167,4036
Sr0.868La1.132Ti1Co1O6_167,4037
Sr0.86La0.14Nb0.43Ga0.57O3_221,4038
Sr0.86Nb1O3_221,4039
Sr0.875Gd0.125Fe1O2.9499_221,4040
Sr0.875Ti0.5Mn0.5Bi0.125O3_221,4041
Sr0.87Pr0.13Ti1O3_221,4042
Sr0.87Y0.07Ti1O2.9751_221,4043
Sr0.8837La1.0494Mn2.0669O6_167,4044
Sr0.88Co1Bi0.12O2.724_221,4045
Sr0.897Ca0.103Mo1O3_221,4046
Sr0.89Y0.07Ti1O2.9949_221,4047
Sr0.8Ca0.1Nd0.1Mn1O3_221,4048
Sr0.8Ca0.2Cr1O3_221,4049
Sr0.8Ca0.2Fe1O3_221,4050
Sr0.8Ca0.2Ti0.5Mn0.5O3_221,4051
Sr0.8Ca0.2Ti1H0.204O2.796_221,4052
Sr0.8Ca0.4Pr2.8Mn4O12_62,4053
Sr0.8Ca0.6La0.4Ti2O6_140,4054
Sr0.8Ca0.8Nd0.4Mn2O6_140,4055
Sr0.8Ca2.4Nd0.8Mn4O12_62,4056
Sr0.8Ca2.8Nd0.4Mn4O12_62,4057
Sr0.8Ca2La0.8Ti4O12_62,4058
Sr0.8Ca3.2Cr4O12_62,4059
Sr0.8Ca3.2Fe4O12_62,4060
Sr0.8Ca3.2Mn4O12_62,4061
Sr0.8Ca3.2Ru4O12_62,4062
Sr0.8Ca3.2Sn4O12_62,4063
Sr0.8Ca3.2Ti2Mn2O12_62,4064
Sr0.8Ca3.2Ti4H0.876O11.124_62,4065
Sr0.8Ca3.2V4O12_62,4066
Sr0.8Ce0.2Mn0.8Co0.2O3_221,4067
Sr0.8Ce0.2Mn1O3_123,4068
Sr0.8La0.12Pr1.08Mn2O6_74,4069
Sr0.8La0.2Co0.9Ni0.1O3_221,4070
Sr0.8La0.2Co1O3_221,4071
Sr0.8La0.2Cr0.1Fe0.8Co0.1O3_221,4072
Sr0.8La0.2Cr0.2Fe0.8O3_221,4073
Sr0.8La0.2Fe0.4Co0.6O3_221,4074
Sr0.8La0.2Fe0.6Cu0.4O2.64_221,4075
Sr0.8La0.2Mn1O2.58_221,4076
Sr0.8La0.2Mn1O2.8581_221,4077
Sr0.8La0.2Mn1O3_221,4078
Sr0.8La0.2Ti1O3_221,4079
Sr0.8La0.2Zr0.2Fe0.6Co0.2O2.6001_221,4080
Sr0.8La0.6Mn2Bi0.6O6_167,4081
Sr0.8La0.6Pr0.6Mn2O6_167,4082
Sr0.8La0.7Mn2Bi0.5O6_167,4083
Sr0.8La0.84Pr0.36Mn2O6_167,4084
Sr0.8La0.8Mn2Bi0.4O6_167,4085
Sr0.8La0.9Mn2Bi0.3O6_167,4086
Sr0.8La1.08Pr0.12Mn2O6_167,4087
Sr0.8La1.14Pr0.06Mn2O6_167,4088
Sr0.8La1.2Co2O6_167,4089
Sr0.8La1.2Cr0.4Fe1.6O6_167,4090
Sr0.8La1.2Cr2O6_167,4091
Sr0.8La1.2Fe0.2Co1.8O6_167,4092
Sr0.8La1.2Fe0.8Co1.2O6_167,4093
Sr0.8La1.2Fe1.6Co0.4O5.958_167,4094
Sr0.8La1.2Fe1.6Co0.4O5.982_167,4095
Sr0.8La1.2Fe1.6Co0.4O6_167,4096
Sr0.8La1.2Fe1.6Cu0.4O5.736_167,4097
Sr0.8La1.2Fe2O5.952_167,4098
Sr0.8La1.2Fe2O6_167,4099
Sr0.8La1.2Mn1.2Fe0.8O6_167,4100
Sr0.8La1.2Mn2O6_167,4101
Sr0.8La1Mn2Bi0.2O6_167,4102
Sr0.8La1Sm0.2Mn1.8In0.2O6_167,4103
Sr0.8La1Sm0.2Mn1.9In0.1O6_167,4104
Sr0.8La1Sm0.2Mn2O6_167,4105
Sr0.8La2.24Pr0.96Ti0.4Mn3.6O12_62,4106
Sr0.8La2.8Tb0.4Mn4O12_62,4107
Sr0.8La3.2Cr0.8Fe3.2O12_62,4108
Sr0.8La3.2Cr3.4Fe0.2Co0.2Ni0.2O12_62,4109
Sr0.8La3.2Cr3.62Ni0.38O12_14,4110
Sr0.8La3.2Cr4O12_62,4111
Sr0.8La3.2Fe3.2Cu0.8O12_62,4112
Sr0.8La3.2Fe3.6Cu0.4O12_62,4113
Sr0.8La3.2Fe3.8Cu0.2O12_62,4114
Sr0.8La3.2Fe4O11.1996F0.8004_62,4115
Sr0.8La3.2Fe4O12_62,4116
Sr0.8La3.2Mg0.46Ga3.2Co0.34O11.28_62,4117
Sr0.8La3.2Mn3.66Ni0.34O12_14,4118
Sr0.8La3.2Mn3.6Sb0.4O12_62,4119
Sr0.8La3.2Ni3.2Te0.8O12_62,4120
Sr0.8La3.2Ti0.8Cr3.2O12_62,4121
Sr0.8La3.2Zr0.8Fe2.4Co0.8O11.6004_62,4122
Sr0.8Nb1O3_221,4123
Sr0.8Nd0.2Co1O2.5599_221,4124
Sr0.8Nd0.2Fe0.1Co0.9O2.598_221,4125
Sr0.8Nd0.2Fe0.5Co0.5O2.598_221,4126
Sr0.8Nd0.2Fe0.9Co0.1O2.598_221,4127
Sr0.8Nd0.2Mn1O3_123,4128
Sr0.8Nd3.2Co4O12_62,4129
Sr0.8Nd3.2Fe4O11.64_62,4130
Sr0.8Pr0.2Fe1O2.745_221,4131
Sr0.8Pr0.2Mn1O3_221,4132
Sr0.8Pr0.8Er0.4Mn2O6_74,4133
Sr0.8Pr1.2Mn2O6_74,4134
Sr0.8Pr1Er0.2Mn2O6_74,4135
Sr0.8Pr3.2Co4O12_62,4136
Sr0.8Pr3.2Fe4O11.976_62,4137
Sr0.8Pr3.2Fe4O12_62,4138
Sr0.8Pr3.2Mn4O12_62,4139
Sr0.8Sm0.2Fe1O2.8599_221,4140
Sr0.8Ti0.6Nb0.4O3_221,4141
Sr0.905Y0.07Ti0.995O3_221,4142
Sr0.916Nd0.056Ti1O3_221,4143
Sr0.91808La0.97546Mn2.10646O6_167,4144
Sr0.919Y0.069Ti0.988O3_221,4145
Sr0.925Ce0.075Mn1O3_221,4146
Sr0.925Gd0.05Ti1O3_221,4147
Sr0.92992La1.07008Ti1Co1O6_167,4148
Sr0.92Nb1O3_221,4149
Sr0.948La0.948Ti1Mn1O6_74,4150
Sr0.94Ce0.06Fe1O3_221,4151
Sr0.94Pr0.94Mn2O6_140,4152
Sr0.95Pr0.05Ti1O3_221,4153
Sr0.9625Gd0.025Ti1O3_221,4154
Sr0.964Nd0.024Ti1O3_221,4155
Sr0.96Ca0.04Ti1O3_221,4156
Sr0.96Pr1.04Mn2O6_140,4157
Sr0.972Fe2Bi1.028O6_167,4158
Sr0.97Co1O2.919_221,4159
Sr0.985Gd0.01Ti1O3_221,4160
Sr0.988Li0.01La0.002Ti1O3_221,4161
Sr0.988Nd0.008Ti1O3_221,4162
Sr0.98Pr0.02Ti1O3_221,4163
Sr0.991Mo1O3_221,4164
Sr0.9Ca0.1Ti0.5Mn0.5O3_221,4165
Sr0.9Ce0.1Co1O2.748_221,4166
Sr0.9Ce0.1Co1O2.85_221,4167
Sr0.9Ce0.1Fe1O3_221,4168
Sr0.9Ce0.1Mn1O3_123,4169
Sr0.9Ce0.1Ti1O3_221,4170
Sr0.9Ho0.1Co1O2.799_221,4171
Sr0.9La0.1Co1O2.67_221,4172
Sr0.9La0.1Co1O3_221,4173
Sr0.9La0.1Mg0.05Ti0.95O3_221,4174
Sr0.9La0.1Mn1O3_221,4175
Sr0.9La0.1Ti1H0.108N0.099O2.748_221,4176
Sr0.9La0.1Ti1H0.108N0.099O2.793_221,4177
Sr0.9La0.1Ti1O3_221,4178
Sr0.9La0.1Zr0.2Fe0.6Co0.2O2.55_221,4179
Sr0.9La1.1Mn2O6_167,4180
Sr0.9Nb1O3_221,4181
Sr0.9Nd0.1Co1O2.67_221,4182
Sr0.9Nd0.1Fe0.3Co0.7O2.55_221,4183
Sr0.9Nd0.1Fe0.5Co0.5O2.55_221,4184
Sr0.9Nd0.1Fe0.7Co0.3O2.55_221,4185
Sr0.9Nd0.1Fe0.9Co0.1O2.55_221,4186
Sr0.9Nd0.1Mn1O3_221,4187
Sr0.9Pr0.1Co1O2.67_221,4188
Sr0.9Pr0.1Mn1O3_123,4189
Sr0.9Pr0.1Mn1O3_221,4190
Sr0.9Pr0.1Ti1O3_221,4191
Sr0.9Sm0.1Fe1O2.8299_221,4192
Sr1.02Ca0.48Nd2.5Mn4O12_62,4193
Sr1.05Pr0.95Mn2O6_140,4194
Sr1.08Pr0.92Mn2O6_140,4195
Sr1.12Pr0.88Mn2O6_140,4196
Sr1.176Pr2.536Mn4Bi0.288O12_62,4197
Sr1.184Pr2.532Sm0.284Mn4O12_62,4198
Sr1.18Ca0.468Nd2.352Mn4O10.976F0.904_62,4199
Sr1.1Pr0.9Mn2O6_140,4200
Sr1.232Ca0.268Nd1.6Sm0.9Mn4O12_62,4201
Sr1.2Ca0.4Nd0.4Mn1.6Cr0.4O6_140,4202
Sr1.2Ca0.4Nd0.4Mn1.7Cr0.3O6_140,4203
Sr1.2Ca0.4Nd0.4Mn1.9Cr0.1O6_140,4204
Sr1.2Ca0.4Nd0.4Mn2O6_140,4205
Sr1.2Ca0.4Pr2.4Mn3.7Fe0.3O12_62,4206
Sr1.2Ca0.4Pr2.4Mn3.8Fe0.2O12_62,4207
Sr1.2Ca0.4Pr2.4Mn3.9Fe0.1O12_62,4208
Sr1.2Ca0.4Pr2.4Mn4O12_62,4209
Sr1.2Ca0.6Ce0.2Mn2O6_140,4210
Sr1.2Ca0.72Pr2.08Mn4O12_62,4211
Sr1.2Ca0.88Pr1.92Mn4O12_62,4212
Sr1.2Ca0.8Ti2H0.216O5.784_140,4213
Sr1.2Ca1.6La0.8Ti4O12_62,4214
Sr1.2Ca2.4Nd0.4Mn4O12_62,4215
Sr1.2Ca2.8Ru4O12_62,4216
Sr1.2Ca2.8Ti2Mn2O12_62,4217
Sr1.2La0.8Cr0.4Fe1.6O6_167,4218
Sr1.2La0.8Fe1Ir1O6_12,4219
Sr1.2La0.8Fe2O6_167,4220
Sr1.2La0.8Ta0.2Co1.8O6_167,4221
Sr1.2La0.8Ta0.4Co1.6O6_167,4222
Sr1.2La0.8Ti1Mn1O6_167,4223
Sr1.2La1.6Nd1.2Mn2.8Cr1.2O12_62,4224
Sr1.2La1.6Nd1.2Ti1.2Mn2.8O12_62,4225
Sr1.2La2.4Nd0.4Ti1.2Mn2.8O12_62,4226
Sr1.2La2.68Dy0.12Mn4O12_62,4227
Sr1.2La2.76Dy0.04Mn4O12_62,4228
Sr1.2La2.8Cr3.4Fe0.2Co0.2Ni0.2O12_62,4229
Sr1.2La2.8Fe2.8Co1.2O12_62,4230
Sr1.2La2.8Fe2Co2O12_62,4231
Sr1.2La2.8Fe4O12_62,4232
Sr1.2La2.8Mg0.2Mn3.4Nb0.4O12_62,4233
Sr1.2La2.8Mg1.4Ti2.6O12_62,4234
Sr1.2La2.8Mn3.2Ge0.4Sb0.4O12_62,4235
Sr1.2La2.8Mn3.4Sb0.6O12_62,4236
Sr1.2La2.8Mn4O12_62,4237
Sr1.2La2Nd0.8Ti1.2Mn2.8O12_62,4238
Sr1.2Mn4Bi2.8O12_62,4239
Sr1.2Nd0.8Fe2O5.88_74,4240
Sr1.2Nd2.4Mg0.4Mn4O12_62,4241
Sr1.2Nd2.4Mg0.8Mn3.6O12_62,4242
Sr1.2Nd2.4Mg1.2Mn3.2O12_62,4243
Sr1.2Nd2.8Co4O12_62,4244
Sr1.2Nd2.8Fe4O11.436_62,4245
Sr1.2Nd2.8Mn4O12_62,4246
Sr1.2Pr0.8Mn2O6_140,4247
Sr1.2Pr2.8Cr3.6Ni0.4O12_62,4248
Sr1.2Pr2.8Mn4O12_62,4249
Sr1.2Sm2.8Mn3.8Fe0.2O12_62,4250
Sr1.32Eu2.68Mn4O12_62,4251
Sr1.32La2.68Fe4O12_62,4252
Sr1.32La2.68Mn4O12_62,4253
Sr1.32Nd0.4Eu2.28Mn4O12_62,4254
Sr1.32Nd0.8Eu1.88Mn4O12_62,4255
Sr1.32Nd1.2Eu1.48Mn4O12_62,4256
Sr1.32Nd1.6Eu1.08Mn4O12_62,4257
Sr1.32Nd2.4Eu0.28Mn4O12_62,4258
Sr1.32Nd2.68Mn4O12_62,4259
Sr1.32Nd2Eu0.68Mn4O12_62,4260
Sr1.32Pr2.68Mn4O12_62,4261
Sr1.332Nd2.668Mn4O12_62,4262
Sr1.332Nd2.668Ti1.332Mn2.668O12_62,4263
Sr1.3332La2.6668Ni2.66Te1.34O12_14,4264
Sr1.334Gd0.666Fe2O5.922_74,4265
Sr1.334La0.666Fe2O5.958_167,4266
Sr1.334La0.666Fe2O6_167,4267
Sr1.3Ca0.7Ti2O6_140,4268
Sr1.3Ce0.1Pr0.6Mn2O6_140,4269
Sr1.3Ce0.2Pr0.5Mn2O6_140,4270
Sr1.3Ce0.3Pr0.4Mn2O6_140,4271
Sr1.3Ce0.4Pr0.3Mn2O6_140,4272
Sr1.3Ce0.5Pr0.2Mn2O6_140,4273
Sr1.3Nd0.7Mn2O6_140,4274
Sr1.3Pr0.7Mn2O6_140,4275
Sr1.4Ca0.6Ti2O6_74,4276
Sr1.4Ce0.6Mn2O6_140,4277
Sr1.4Eu2.6Mn2Fe2O12_62,4278
Sr1.4Eu2.6Mn3.6Fe0.4O12_62,4279
Sr1.4Pr0.6Mn2O6_140,4280
Sr1.4Pr2.6Mn4O12_62,4281
Sr1.5Ca0.49Ti2O6_74,4282
Sr1.5Ce0.5Mn2O6_140,4283
Sr1.5La0.5Cr1Mo1O6_12,4284
Sr1.5La0.5Mn2O6_167,4285
Sr1.5Nd0.484Sm2.016Mn4O12_62,4286
Sr1.5Pr0.5Mn2O6_140,4287
Sr1.6Ca2.4Cr4O12_62,4288
Sr1.6Ca2.4Fe4O12_62,4289
Sr1.6Ca2.4Mn4O12_62,4290
Sr1.6Ca2.4Ru4O12_62,4291
Sr1.6Ca2.4Sn4O12_62,4292
Sr1.6Ca2.4Ti2Mn2O12_62,4293
Sr1.6Ca2.4Ti4H0.42O11.58_62,4294
Sr1.6Ca2Nd0.4Mn4O12_62,4295
Sr1.6Ce0.4Mn1.6Co0.4O6_140,4296
Sr1.6Ce0.4Mn2O6_140,4297
Sr1.6Ce0.4Pr2Mn4O12_62,4298
Sr1.6La0.4Mn2O6_167,4299
Sr1.6La0.72Pr1.68Mn4O12_62,4300
Sr1.6La2.4Co2.4Ru1.6O12_14,4301
Sr1.6La2.4Cr3.4Fe0.2Co0.2Ni0.2O12_62,4302
Sr1.6La2.4Mn2In2O12_62,4303
Sr1.6La2.4Mn3.2Sb0.8O12_62,4304
Sr1.6La2.4Mn4O12_62,4305
Sr1.6La2.4Ti1.6Cr2.4O12_62,4306
Sr1.6Nd2.4Co4O12_62,4307
Sr1.6Nd2.4Fe4O11.244_62,4308
Sr1.6Nd2Mn3.84Fe0.16Pb0.4O12_62,4309
Sr1.6Pr0.8Mn4Bi1.6O12_62,4310
Sr1.6Pr1.2Mn4Bi1.2O12_62,4311
Sr1.6Pr1.6Mn4Bi0.8O12_62,4312
Sr1.6Pr2.4Fe4O12_62,4313
Sr1.6Pr2.4Mn3.6Bi0.4O12_62,4314
Sr1.6Pr2.4Mn3.8Bi0.2O12_62,4315
Sr1.6Pr2.4Mn4O12_62,4316
Sr1.6Pr2.4Ti0.784Mn3.2O12_62,4317
Sr1.6Pr2.4Ti1.588Mn2.408O12_62,4318
Sr1.6Pr2Eu0.4Mn4O12_62,4319
Sr1.6Pr2Mn4Bi0.4O12_62,4320
Sr1.6Pr2Y0.4Mn4O12_62,4321
Sr1.6Sm2.4Mn4O12_62,4322
Sr1.7La0.3Cr1.15Mo0.85O6_74,4323
Sr1.7La0.3Cr1Mo1O6_12,4324
Sr1.7La0.3Mn2O6_167,4325
Sr1.82La2.18Co2.54W1.46O12_14,4326
Sr1.84Nb2O6_55,4327
Sr1.8La0.2Mn2O6_167,4328
Sr1.8La2.2Cu2Ru2O12_14,4329
Sr1.8Sm2.2Mn4O12_62,4330
Sr1.95La0.05Fe1Ir1O6_12,4331
Sr1.996Ca1.976Ti4O11.96_62,4332
Sr1Ca0.4La0.4Ti2O6_140,4333
Sr1Ca0.6Nd0.4Mn2O6_140,4334
Sr1Ca0.8Nd0.2Mn2O6_140,4335
Sr1Ca1.2La1.3Tb0.5Mn4O12_62,4336
Sr1Ca1.8La0.8Ti4O12_62,4337
Sr1Co0.08Mo0.92O2.979_221,4338
Sr1Co0.08Mo0.92O2.97_221,4339
Sr1Co0.08Mo0.92O2.994_221,4340
Sr1Co0.08Mo0.92O3_221,4341
Sr1Co0.1Mo0.9O2.9499_123,4342
Sr1Co0.1Mo0.9O2.9499_221,4343
Sr1Co0.901Re0.099O2.952_221,4344
Sr1Co0.95Sb0.05O2.52_221,4345
Sr1Co0.9Sb0.1O2.52_221,4346
Sr1Co0.9Sb0.1O2.589_221,4347
Sr1Co1O2.4999F0.5001_221,4348
Sr1Co1O2.64_221,4349
Sr1Cr0.05Fe0.95O2.784_221,4350
Sr1Cr0.16Mo0.84O2.982_221,4351
Sr1Cr0.2Fe0.8O2.526_221,4352
Sr1Cr1H1.011O1.989_221,4353
Sr1Cr1O2.0097_221,4354
Sr1Fe0.06Mo0.94O2.988_221,4355
Sr1Fe0.06Mo0.94O3_221,4356
Sr1Fe0.145Mo0.855O2.991_221,4357
Sr1Fe0.145Mo0.855O3_221,4358
Sr1Fe0.19Co0.81O2.781_221,4359
Sr1Fe0.224Mo0.776O2.967_221,4360
Sr1Fe0.2Co0.8O2.529_221,4361
Sr1Fe0.39Mo0.61O3_221,4362
Sr1Fe0.3Co0.7O2.5599_221,4363
Sr1Fe0.4Co0.6O2.5599_221,4364
Sr1Fe0.4Sn0.6O3_221,4365
Sr1Fe0.5Co0.5O2.4999F0.5001_221,4366
Sr1Fe0.5Co0.5O2.5599_221,4367
Sr1Fe0.5Co0.5O2.679_221,4368
Sr1Fe0.5Co0.5O2.751_221,4369
Sr1Fe0.5Co0.5O2.829_221,4370
Sr1Fe0.5Co0.5O2.88_221,4371
Sr1Fe0.5Co0.5O2.91_221,4372
Sr1Fe0.5Sn0.5O3_221,4373
Sr1Fe0.6667Te0.3333O3_221,4374
Sr1Fe0.67Ru0.33O3_221,4375
Sr1Fe0.6Co0.2Ni0.2O3_221,4376
Sr1Fe0.6Co0.4O2.5599_221,4377
Sr1Fe0.6Sn0.4O3_221,4378
Sr1Fe0.706Rh0.294O3_221,4379
Sr1Fe0.75Mo0.25O2.88_221,4380
Sr1Fe0.75Mo0.25O2.978_123,4381
Sr1Fe0.75Re0.25O3_221,4382
Sr1Fe0.7Co0.3O2.5599_221,4383
Sr1Fe0.7Sn0.3O3_221,4384
Sr1Fe0.8Mo0.2O3_221,4385
Sr1Fe0.92Si0.08O2.7_221,4386
Sr1Fe0.9Sn0.1O3_221,4387
Sr1Fe1O1.998F0.999_221,4388
Sr1Fe1O2.001F0.999_221,4389
Sr1Fe1O2.7432_221,4390
Sr1Fe1O2.9601_221,4391
Sr1H2.712Pd1_221,4392
Sr1H2.73Pd1_221,4393
Sr1Hf0.27Ti0.73O3_221,4394
Sr1La0.6Gd0.4Ti1Fe1O6_74,4395
Sr1La0.6Nd0.4Ti1Fe1O6_74,4396
Sr1La1Cr1.5Mo0.5O6_74,4397
Sr1La1Fe1Co1O4.9998F1.0002_167,4398
Sr1La1Ga0.2Co1.8O6_167,4399
Sr1La1Mn1.6Cr0.4O6_140,4400
Sr1La1Mn1.7Cr0.3O6_140,4401
Sr1La1Mn1.82Cu0.18O6_140,4402
Sr1La1Mn1.84Cu0.16O6_140,4403
Sr1La1Mn1.86Cu0.14O6_140,4404
Sr1La1Mn1.88Cu0.12O6_140,4405
Sr1La1Mn1.8Cr0.2O6_140,4406
Sr1La1Mn1.8Cu0.2O6_140,4407
Sr1La1Mn1.92Cu0.08O6_140,4408
Sr1La1Mn1.94Cu0.06O6_140,4409
Sr1La1Mn1.96Cu0.04O6_140,4410
Sr1La1Mn1.98Cu0.02O6_140,4411
Sr1La1Mn1.9Cr0.1O6_140,4412
Sr1La1Mn1.9Cu0.1O6_140,4413
Sr1La1Mn1Co1O5.02_55,4414
Sr1La1Mn1Co1O5.94_167,4415
Sr1La1Ti0.2Mn1.8O6_167,4416
Sr1La1Ti0.6Mn1.4O6_167,4417
Sr1La1Ti1Fe1O5.75_74,4418
Sr1La1Ti1Mn1O5.6212_74,4419
Sr1La1Ti1Mn1O5.702_74,4420
Sr1Li0.5Mo0.5O2.499F0.501_221,4421
Sr1Li0.5W0.5O2.499F0.501_221,4422
Sr1Mn0.05Fe0.95O2.757_221,4423
Sr1Mn0.54131Ga0.45869O2.6511_221,4424
Sr1Mn0.5Nb0.5O2.8749_221,4425
Sr1Mn0.67413Ga0.32587O2.81619_221,4426
Sr1Mn0.7355Ga0.2645O2.829_221,4427
Sr1Mn0.735Ga0.265O2.829_221,4428
Sr1Mn0.8187Ga0.1813O2.868_221,4429
Sr1Mn0.819Ga0.181O2.868_221,4430
Sr1Mn0.91059Ga0.08941O2.9319_221,4431
Sr1Mn0.91Ga0.09O2.928_221,4432
Sr1Mo0.05W0.95N1.509O1.491_221,4433
Sr1Mo0.15W0.85N1.791O1.209_221,4434
Sr1Mo0.25W0.75N1.23O1.77_221,4435
Sr1Mo0.4W0.6N1.65O1.35_221,4436
Sr1Mo0.75W0.25N1.029O1.971_221,4437
Sr1Mo0.85W0.15N0.849O2.151_221,4438
Sr1Mo0.95W0.05N1.041O1.959_221,4439
Sr1Mo1N0.3999O2.6001_221,4440
Sr1Mo1N0.51O2.49_221,4441
Sr1Mo1N1.08O1.92_221,4442
Sr1Nb0.1Co0.9O2.514_221,4443
Sr1Nb0.1Co0.9O2.604_221,4444
Sr1Nb0.5Co0.5O3_221,4445
Sr1Nb0.5Cr0.5O3_221,4446
Sr1Nb0.5Cu0.5O2.625_221,4447
Sr1Nb0.5Fe0.5O3_221,4448
Sr1Nb0.5Ga0.5O3_221,4449
Sr1Nb0.5In0.5O3_221,4450
Sr1Nb0.667Zn0.333O3_221,4451
Sr1Nb1N0.99999O2.00001_221,4452
Sr1Nb1N0.9999O2.0001_221,4453
Sr1Nd1Fe2O5.52_74,4454
Sr1Ru0.91O3_221,4455
Sr1Ru0.92O3_221,4456
Sr1Sc0.05Ti0.95H0.411O2.562_221,4457
Sr1Ta0.01Ti0.99O3_221,4458
Sr1Ta0.05Ti0.95O3_221,4459
Sr1Ta0.1Ti0.9O3_221,4460
Sr1Ta0.5Fe0.5O3_221,4461
Sr1Ta0.5Ga0.05Fe0.45O3_221,4462
Sr1Ta0.5Ga0.125Fe0.375O3_221,4463
Sr1Ta0.5Ga0.2Fe0.3O3_221,4464
Sr1Ta0.5V0.5O3_221,4465
Sr1Ta1N0.9999O2.0001_221,4466
Sr1Ti0.05V0.95H1.5O1.5_221,4467
Sr1Ti0.1Fe0.9O2.949_221,4468
Sr1Ti0.2Fe0.8O2.757_221,4469
Sr1Ti0.2Nb0.8N0.6O2.4_221,4470
Sr1Ti0.4Fe0.6O2.7933_221,4471
Sr1Ti0.5Fe0.5O2.877_221,4472
Sr1Ti0.5Fe0.5O2.901_221,4473
Sr1Ti0.5Fe0.5O3_221,4474
Sr1Ti0.5Mn0.5O3_221,4475
Sr1Ti0.5Mo0.5O3_221,4476
Sr1Ti0.5Nb0.5N0.45O2.55_221,4477
Sr1Ti0.5Ru0.5O3_221,4478
Sr1Ti0.6Fe0.4O2.844_221,4479
Sr1Ti0.873Nb0.127O3_221,4480
Sr1Ti0.875Nb0.125O3_221,4481
Sr1Ti0.877Nb0.123O3_221,4482
Sr1Ti0.8Fe0.2O2.9265_221,4483
Sr1Ti0.8Nb0.2N0.21O2.79_221,4484
Sr1Ti0.95Nb0.05N0.06O2.94_221,4485
Sr1Ti0.9Nb0.1N0.09O2.91_221,4486
Sr1Ti1H0.12O2.88_221,4487
Sr1Ti1H0.198O2.802_221,4488
Sr1Ti1O2.88_221,4489
Sr1Ti1O2.9793_221,4490
Sr1V0.5Mo0.5O3_221,4491
Sr1V1O2.76_221,4492
Sr1V1O2.934_221,4493
Sr1W1N0.951O2.049_221,4494
Sr1W1N1.308O1.689_221,4495
Sr1Zn0.5W0.5O3_123,4496
Sr1Zr0.05Ti0.95O3_221,4497
Sr1Zr0.075Ti0.925O3_221,4498
Sr1Zr0.125Ti0.875O3_123,4499
Sr1Zr0.15Ti0.85O3_221,4500
Sr1Zr0.175Ti0.825O3_221,4501
Sr1Zr0.1Ti0.9O3_123,4502
Sr1Zr0.1Ti0.9O3_221,4503
Sr1Zr0.225Ti0.775O3_221,4504
Sr1Zr0.25Ti0.75O3_221,4505
Sr1Zr0.275Ti0.725O3_221,4506
Sr1Zr0.2Ti0.8O3_123,4507
Sr1Zr0.2Ti0.8O3_221,4508
Sr1Zr0.5Mo0.5O3_221,4509
Sr2.28Ca1.72Ti4O12_62,4510
Sr2.4Ca1.6Ru4O12_62,4511
Sr2.4Ca1.6Sn4O12_62,4512
Sr2.4Ca1.6Ti4O12_62,4513
Sr2.4Ca1.6Y2Ru2O12_14,4514
Sr2.4La1.6Co1.6Ru2.4O12_14,4515
Sr2.4La1.6Fe2Ir2O12_14,4516
Sr2.4La1.6Ru4O12_62,4517
Sr2.4Pr1.6Fe4O12_62,4518
Sr2.5La1.5Mn2W2O12_14,4519
Sr2.64La1.36Co2.34W1.66O12_14,4520
Sr2.6La1.12Mn4O9.296F2.48_62,4521
Sr2.6La1.3Mn4O8F3.8_62,4522
Sr2.6La1.3Mn4O9.52F2.296_62,4523
Sr2.6La1.4Mn2Ir2O12_62,4524
Sr2.8Ca1.2Y2Ru2O12_14,4525
Sr2.8La1.2Fe1.2Ru2.8O12_62,4526
Sr2.8La1.2Ru4O12_62,4527
Sr2.8La1.2Ta2Fe2O12_14,4528
Sr2CaIrO6_14,4529
Sr2CaMoO6_14,4530
Sr2CaReO6_14,4531
Sr2CaTeO6_14,4532
Sr2CaUO6_14,4533
Sr2CaWO6_14,4534
Sr2CdWO6_14,4535
Sr2CeIrO6_14,4536
Sr2Co1.11Sb0.88O6_12,4537
Sr2CoIrO6_14,4538
Sr2CoReO6_14,4539
Sr2CoTeO6_14,4540
Sr2CoWO6_14,4541
Sr2CrSbO6_12,4542
Sr2DyMoO6_14,4543
Sr2DyRuO6_14,4544
Sr2DySbO6_14,4545
Sr2ErMoO6_14,4546
Sr2ErRuO6_14,4547
Sr2ErSbO6_14,4548
Sr2EuMoO6_14,4549
Sr2EuRuO6_14,4550
Sr2EuSbO6_14,4551
Sr2FeIrO6_14,4552
Sr2FeSbO6_12,4553
Sr2FeWO6_14,4554
Sr2GdMoO6_14,4555
Sr2GdRuO6_14,4556
Sr2GdSbO6_14,4557
Sr2HoMoO6_14,4558
Sr2HoRuO6_14,4559
Sr2HoSbO6_14,4560
Sr2HoTaO6_14,4561
Sr2InIrO6_14,4562
Sr2InOsO6_14,4563
Sr2InSbO6_14,4564
Sr2La1.2Dy0.8Mn2Cr2O12_62,4565
Sr2La2Co2Re2O12_14,4566
Sr2La2Fe4O9.9996F2.0004_62,4567
Sr2La2Mg(RuO4)3_62,4568
Sr2La2MgTi3O12_62,4569
Sr2La2Mn1.998Nb2.002O12_14,4570
Sr2La2Mn2.1Sb1.9O12_14,4571
Sr2La2Mn2.8Fe1.2O12_62,4572
Sr2La2Mn2Re2O12_14,4573
Sr2La2Mn3.2Fe0.8O12_62,4574
Sr2La2Re2Ni2O12_14,4575
Sr2La2Ti2Mn2O11.6992_62,4576
Sr2LaSbO6_14,4577
Sr2Li0.382Nb1.618N0.468O5.532_140,4578
Sr2Li0.386Ta1.614N0.4O5.6_140,4579
Sr2LuBiO6_14,4580
Sr2LuIrO6_14,4581
Sr2LuNbO6_14,4582
Sr2LuReO6_14,4583
Sr2LuRuO6_14,4584
Sr2LuSbO6_14,4585
Sr2Mg0.1Co0.9Te1O6_12,4586
Sr2Mg0.432Nb1.568N0.802O5.198_140,4587
Sr2MgUO6_14,4588
Sr2Mn0.25Fe0.75Mo1O6_12,4589
Sr2Mn0.8Nb1.2O6_74,4590
Sr2Mn0.8Ru1.2O6_140,4591
Sr2Mn1.2Ru0.8O6_140,4592
Sr2MnMoO6_14,4593
Sr2MnNbO6_140,4594
Sr2MnRuO6_140,4595
Sr2MnSbO6_140,4596
Sr2MnWO6_14,4597
Sr2Nb2N1.86O4.14_140,4598
Sr2Nb2N1.92O4.08_140,4599
Sr2Nb2N1.998O4.002_140,4600
Sr2NbFeO6_74,4601
Sr2NbInO6_14,4602
Sr2Nd2Ti2Mn2O10.832_62,4603
Sr2Nd2Ti2Mn2O11.6808_62,4604
Sr2NdBiO6_14,4605
Sr2NdSbO6_14,4606
Sr2NiIrO6_14,4607
Sr2NiTeO6_14,4608
Sr2Pr1.6Gd0.4Mn4O12_62,4609
Sr2Pr1.8Gd0.2Mn4O12_62,4610
Sr2PrSbO6_14,4611
Sr2PrSmMn4O12_62,4612
Sr2Ru1.84O6_140,4613
Sr2Ru1.86O6_74,4614
Sr2Ru1.92O6_74,4615
Sr2Sc0.25Fe0.73Mo0.98O5.958_12,4616
Sr2ScIrO6_14,4617
Sr2ScNbO6_14,4618
Sr2ScOsO6_14,4619
Sr2ScSbO6_14,4620
Sr2Sm2Ti2Mn2O10.832_62,4621
Sr2Sm2Ti2Mn2O11.52_62,4622
Sr2SmNbO6_14,4623
Sr2SmSbO6_14,4624
Sr2TaFeO6_14,4625
Sr2TaFeO6_74,4626
Sr2TaInO6_14,4627
Sr2TbIrO6_14,4628
Sr2TbRuO6_14,4629
Sr2TiIrO6_62,4630
Sr2TmRuO6_14,4631
Sr2TmSbO6_14,4632
Sr2TmTaO6_14,4633
Sr2UCdO6_14,4634
Sr2UCoO6_14,4635
Sr2UFeO6_14,4636
Sr2UMnO6_14,4637
Sr2UNiO6_14,4638
Sr2UZnO6_14,4639
Sr2YIrO6_14,4640
Sr2YNbO6_14,4641
Sr2YOsO6_14,4642
Sr2YRuO6_14,4643
Sr2YSbO6_14,4644
Sr2YTaO6_14,4645
Sr2YbMoO6_14,4646
Sr2YbNbO6_14,4647
Sr2YbRuO6_14,4648
Sr2YbSbO6_14,4649
Sr2YbTaO6_14,4650
Sr2ZnReO6_14,4651
Sr2ZnWO6_14,4652
Sr2Zr0.6Ti1.4O6_140,4653
Sr2Zr0.7Ti1.3O6_140,4654
Sr2Zr0.8Ti1.2O6_140,4655
Sr2Zr0.9Ti1.1O6_140,4656
Sr2Zr1.1Ti0.9O6_140,4657
Sr2ZrTiO6_140,4658
Sr3.2Ca0.8Ru4O12_62,4659
Sr3.2Ca0.8Sn4O12_62,4660
Sr3.2Ca0.8Y2Ru2O12_14,4661
Sr3.2La0.8Co0.8Ru3.2O12_14,4662
Sr3.2La0.8Ru4O12_62,4663
Sr3.2La0.8Ta2Fe2O12_14,4664
Sr3.2Nd0.8Fe2Mo2O12_14,4665
Sr3.44La0.56Co2.14W1.86O12_14,4666
Sr3.4Ca0.6Ni2W2O12_14,4667
Sr3.4Fe1.2Ru3.4O12_62,4668
Sr3.5La0.5Mg1Ru3O12_62,4669
Sr3.64La0.36Co2.088W1.912O12_14,4670
Sr3.68Nb4O12_62,4671
Sr3.6Ca0.4Ru4O12_62,4672
Sr3.6Ca0.4Y2Ru2O12_14,4673
Sr3.6La0.4Ru4O12_62,4674
Sr3.6La0.4Ta2Fe2O12_14,4675
Sr3.6Zr3.2Nb0.8O12_62,4676
Sr3.72La0.28Co2.072W1.928O12_14,4677
Sr3.832Yb0.404Ce3.596O11.776_62,4678
Sr3.852Pr4O12_62,4679
Sr3.876La0.124Co2.032W1.968O12_14,4680
Sr3.88Er0.12Sn4O12_62,4681
Sr3.8Zr3.6Nb0.4O12_62,4682
Sr3.928Yb0.408Ce3.592O11.76_62,4683
Sr3.944Lu2Ti0.198Nb1.802O11.82_14,4684
Sr3.96Er0.04Sn4O12_62,4685
Sr3CaHf4O12_62,4686
Sr3CaNi2(WO6)2_14,4687
Sr3CaY2(RuO6)2_14,4688
Sr3LaCo(RuO4)3_14,4689
Sr3LaCr2(MoO6)2_14,4690
Sr3LaMn2(WO6)2_14,4691
Sr3Pb1N0.81_221,4692
Sr3PbO_221,4693
Sr3SbN_221,4694
Sr3Sn1N0.74_221,4695
Sr3SnO_221,4696
Sr3UO6_14,4697
Sr4Ca1.2Bi2.8O12_14,4698
Sr4Ca1.2Sb2.8O12_14,4699
Sr4Ce3.4Y0.6O11.7_62,4700
Sr4Co(IrO4)3_62,4701
Sr4Co0.8Ir3.2O12_62,4702
Sr4Cu0.4Ru3.6O12_62,4703
Sr4Er0.04Sn3.96O12_62,4704
Sr4Er0.12Sn3.88O12_62,4705
Sr4Fe0.8Sn3.2O12_62,4706
Sr4Fe1.2Sn2.8O12_62,4707
Sr4Fe2Mo0.4W1.6O12_14,4708
Sr4Fe2W2N0.396O11.604_14,4709
Sr4Fe3Mo1O11.904_62,4710
Sr4Hf2.08Ti1.92O12_62,4711
Sr4Hf3.08Ti0.92O12_62,4712
Sr4Hf4O11.84_62,4713
Sr4In1.934Re2.066O12_14,4714
Sr4In1.954Re2.046O12_14,4715
Sr4In2.668W1.332O12_62,4716
Sr4In2.68W1.32O12_14,4717
Sr4Li(RuO4)3_62,4718
Sr4Lu2Ti0.204Nb1.796O12_14,4719
Sr4Lu2Ti0.384Nb1.616O12_14,4720
Sr4Mg0.2Co1.8Te2O12_14,4721
Sr4Mg0.2Ni1.8Te2O12_14,4722
Sr4Mg2Ir2O11.788_14,4723
Sr4Mn2Re2O11.604_14,4724
Sr4Ni0.88Ir3.12O12_62,4725
Sr4Ni0.8Ir3.2O12_62,4726
Sr4Ni0.8Ru3.2O12_62,4727
Sr4Ni1.334Sb2.666O12_14,4728
Sr4Pr2.932Bi1.068O11.856_14,4729
Sr4Ru3.76O12_62,4730
Sr4Ti0.4Ru3.6O12_62,4731
Sr4U1.32In2.66O12_14,4732
Sr4U3.056Zn0.944O12_62,4733
Sr4U3.152Co0.848O12_62,4734
Sr4U3.176Ni0.824O12_62,4735
Sr4U3.336Mn0.664O12_62,4736
Sr4U3.488Fe0.512O12_62,4737
Sr4Y2Cu0.3Ru1.7O12_14,4738
Sr4Yb0.2Ce3.8O11.9004_62,4739
Sr4Yb0.2Ce3.8O11.904_62,4740
Sr4Yb0.396Ce3.604O11.88_62,4741
Sr4Zn(IrO4)3_62,4742
Sr4Zn0.8Ir3.2O12_62,4743
Sr4Zn2Ir2O11.732_14,4744
Sr4Zr2.4Ti1.6O12_62,4745
Sr4Zr2.6Ti1.4O12_62,4746
Sr4Zr2.8Ti1.2O12_62,4747
Sr4Zr3.2Ti0.8O12_62,4748
Sr4Zr3.6Ti0.4O12_62,4749
Sr4Zr3.8Sc0.2H0.0672O11.912_62,4750
Sr4Zr3TiO12_62,4751
Sr5(BiO4)3_14,4752
Sr5.34U2.66O12_14,4753
SrAlH3_221,4754
SrBiO3_14,4755
SrCa(RuO3)2_62,4756
SrCa3Hf4O12_62,4757
SrCa3La2(SbO6)2_14,4758
SrCa3Sm2(SbO6)2_14,4759
SrCa3Ti4O12_62,4760
SrCaCoTeO6_14,4761
SrCaFeOsO6_14,4762
SrCaHf2O6_62,4763
SrCaLaSbO6_14,4764
SrCaMn2O6_140,4765
SrCaMn2O6_62,4766
SrCaMnRuO6_62,4767
SrCaNbCrO6_14,4768
SrCaNdRuO6_14,4769
SrCaNiTeO6_14,4770
SrCaNiWO6_14,4771
SrCaSmSbO6_14,4772
SrCaTi2O6_62,4773
SrCaTiMnO6_62,4774
SrCaV2O6_62,4775
SrCaYRuO6_14,4776
SrCeO3_62,4777
SrCoBiRuO6_62,4778
SrCoO3_221,4779
SrCr2BiO6_167,4780
SrCrO3_221,4781
SrFeO3_221,4782
SrGdMn2O6_62,4783
SrGeO3_221,4784
SrHfO3_140,4785
SrHfO3_221,4786
SrHfO3_62,4787
SrHoMn2O6_62,4788
SrIrO3_62,4789
SrLa(FeO3)2_167,4790
SrLa(RuO3)2_62,4791
SrLa3Co3RuO12_14,4792
SrLa3Cr4O12_62,4793
SrLaCoOsO6_14,4794
SrLaCoRuO6_14,4795
SrLaCuRuO6_14,4796
SrLaCuRuO6_62,4797
SrLaCuSbO6_14,4798
SrLaFeCoO6_167,4799
SrLaFeRuO6_62,4800
SrLaFeSnO6_62,4801
SrLaMgIrO6_14,4802
SrLaMgReO6_14,4803
SrLaMgRuO6_14,4804
SrLaMgTaO6_14,4805
SrLaMn2O6_140,4806
SrLaMn2O6_167,4807
SrLaMnFeO6_167,4808
SrLaMnFeO6_62,4809
SrLaMnMoO6_14,4810
SrLaMnRuO6_167,4811
SrLaMnRuO6_62,4812
SrLaMnSnO6_62,4813
SrLaNbCoO6_14,4814
SrLaNiIrO6_14,4815
SrLaNiOsO6_14,4816
SrLaNiRuO6_14,4817
SrLaNiSbO6_14,4818
SrLaTa2(NO)3_62,4819
SrLaTaMnO6_14,4820
SrLaTiFeO6_140,4821
SrLaTiFeO6_62,4822
SrLaTiFeO6_74,4823
SrLaTiMnO6_167,4824
SrLaTiMnO6_74,4825
SrLaZnIrO6_14,4826
SrLaZnRuO6_14,4827
SrLaZnSbO6_14,4828
SrLiEuTeO6_14,4829
SrLiH3_221,4830
SrLiPrTeO6_14,4831
SrMn2BiO6_62,4832
SrMn2BiO6_74,4833
SrMnFeBiO6_167,4834
SrMnO3_221,4835
SrMoO3_221,4836
SrNbO3_221,4837
SrNbO3_62,4838
SrNd(CoO3)2_62,4839
SrNdCoRuO6_14,4840
SrNdFeRuO6_62,4841
SrNdMgRuO6_14,4842
SrNdNiRuO6_14,4843
SrNdTiFeO6_62,4844
SrNdZnRuO6_14,4845
SrOsO3_62,4846
SrPbO3_62,4847
SrPr(CoO3)2_140,4848
SrPr(CoO3)2_14,4849
SrPr(CoO3)2_167,4850
SrPr(FeO3)2_62,4851
SrPr3Mn4O12_62,4852
SrPrCoRuO6_14,4853
SrPrFeCoO6_140,4854
SrPrFeRuO6_62,4855
SrPrMgRuO6_14,4856
SrPrMn2O6_140,4857
SrPrMn2O6_62,4858
SrPrNiRuO6_14,4859
SrPrO3_62,4860
SrPrTiFeO6_62,4861
SrPrZnRuO6_14,4862
SrRhO3_62,4863
SrRuO3_140,4864
SrRuO3_221,4865
SrRuO3_62,4866
SrSmMn2O6_62,4867
SrSnO3_140,4868
SrSnO3_221,4869
SrSnO3_62,4870
SrTaNO2_123,4871
SrTb(CoO3)2_62,4872
SrTbO3_62,4873
SrTcO3_221,4874
SrTcO3_62,4875
SrTiO3_221,4876
SrTiO5_123,4877
SrVO3_221,4878
SrZrO3_140,4879
SrZrO3_221,4880
SrZrO3_62,4881
Ta0.5Fe0.5Pb1O3_221,4882
Ta0.5Fe0.5Pb1O3_99,4883
TaAgO3_167,4884
TaRu3C_221,4885
TaSnO3_221,4886
Tb0.04Zr0.29Ti0.69Pb0.98O3_99,4887
Tb0.1Nd1.9Al2O6_167,4888
Tb0.2Nd1.8Al2O6_167,4889
Tb0.4Nd3.6Al4O12_62,4890
Tb0.6Nd1.4Al2O6_74,4891
Tb0.6Nd3.4Al4O12_62,4892
Tb0.8Nd3.2Al4O12_62,4893
Tb1.6Nd2.4Al4O12_62,4894
Tb1B0.9Rh3_221,4895
Tb2.8Nd1.2Al4O12_62,4896
Tb2AlFeO6_62,4897
Tb2MnCoO6_14,4898
Tb2MnCrO6_62,4899
Tb2MnFeO6_62,4900
Tb2MnNiO6_14,4901
Tb2VFeO6_62,4902
Tb3.444Mn4.004Cu0.48O12_62,4903
Tb3.444Mn4.084Cu0.4O12_62,4904
Tb3.444Mn4.184Cu0.3O12_62,4905
Tb3.444Mn4.284Cu0.2O12_62,4906
Tb3.444Mn4.384Cu0.1O12_62,4907
Tb3.444Mn4.484O12_62,4908
Tb3.512Mn4.408O12_62,4909
Tb3.644Mn4.252O12_62,4910
Tb3.8364Sc4O11.7544_62,4911
Tb3AlC_221,4912
Tb3InC_221,4913
Tb3InN_221,4914
Tb3PbC_221,4915
Tb3SnC_221,4916
Tb3TlC_221,4917
Tb4Al0.06Fe3.94O12_62,4918
Tb4Al0.124Fe3.876O12_62,4919
Tb4Al0.12Fe3.88O12_62,4920
Tb4Al0.208Fe3.792O12_62,4921
Tb4Al0.24Fe3.76O12_62,4922
Tb4Al0.44Fe3.56O12_62,4923
Tb4Al0.4Fe3.6O12_62,4924
Tb4Al0.684Fe3.316O12_62,4925
Tb4Al0.8Fe3.2O12_62,4926
Tb4Al1.2Fe2.8O12_62,4927
Tb4Al1.636Fe2.364O12_62,4928
Tb4Al1.6Fe2.4O12_62,4929
Tb4Al1.908Fe2.092O12_62,4930
Tb4Al2.384Fe1.616O12_62,4931
Tb4Al2.4Fe1.6O12_62,4932
Tb4Al2.704Fe1.296O12_62,4933
Tb4Al2.8Fe1.2O12_62,4934
Tb4Al3.2Fe0.8O12_62,4935
Tb4Al3.3Fe0.7O12_62,4936
Tb4Ga0.12Fe3.88O12_62,4937
Tb4Ga0.24Fe3.76O12_62,4938
Tb4Ga0.4Fe3.6O12_62,4939
Tb4Ga0.6Fe3.4O12_62,4940
Tb4Mg0.2Al3.8O11.9004_62,4941
Tb4Mn0.4Fe3.6O12_62,4942
Tb4Mn1.2Fe2.8O12_62,4943
Tb4Mn1.996Co2.004O12_62,4944
Tb4Mn2.8Co1.2O12_62,4945
Tb4Mn2.8Fe1.2O12_62,4946
Tb4Mn3.6Al0.4O12_62,4947
Tb4Mn3.6Co0.4O12_62,4948
Tb4Mn3.6Fe0.4O12_62,4949
TbAlO3_62,4950
TbBPd3_221,4951
TbBPt3_221,4952
TbBRh3_221,4953
TbCoO3_62,4954
TbCrO3_62,4955
TbFeO3_62,4956
TbMnO3_62,4957
TbNd3Al4O12_62,4958
TbNdAl2O6_62,4959
TbRh3C_221,4960
TbRhO3_62,4961
TbScO3_62,4962
TbVO3_62,4963
Th1B0.9Ru3_221,4964
ThRu3C_221,4965
ThTaN3_221,4966
Ti0.08Nb0.46Fe0.46Pb1O3_221,4967
Ti0.08Nb0.46Fe0.46Pb1O3_99,4968
Ti0.2499N1Cl1_221,4969
Ti0.2Fe0.8Bi0.8Pb0.2O3_221,4970
Ti0.35Fe0.65Bi0.65Pb0.35O3_99,4971
Ti0.3Mn0.2Zn0.5Bi1O3_99,4972
Ti0.5Fe0.5Bi0.5Pb0.5O3_99,4973
Ti0.5Fe0.5Pb1O2.499F0.501_99,4974
Ti0.6Fe0.4Bi0.4Pb0.6O3_99,4975
Ti0.715Ni0.285Bi0.57Pb0.43O3_99,4976
Ti0.725Ni0.275Bi0.55Pb0.45O3_99,4977
Ti0.72Ni0.28Bi0.56Pb0.44O3_99,4978
Ti0.735Ni0.265Bi0.53Pb0.47O3_99,4979
Ti0.73Ni0.27Bi0.54Pb0.46O3_99,4980
Ti0.745Ni0.255Bi0.51Pb0.49O3_99,4981
Ti0.74Ni0.26Bi0.52Pb0.48O3_99,4982
Ti0.75Ni0.25Bi0.5Pb0.5O3_99,4983
Ti0.76Ni0.24Bi0.48Pb0.52O3_99,4984
Ti0.775Ni0.225Bi0.45Pb0.55O3_99,4985
Ti0.7Fe0.3Bi0.3Pb0.7O3_221,4986
Ti0.7Fe0.3Bi0.3Pb0.7O3_99,4987
Ti0.85Al0.15Bi0.15Pb0.85O3_99,4988
Ti0.85In0.15Bi0.15Pb0.85O3_99,4989
Ti0.85Zn0.15Bi0.3Pb0.7O3_99,4990
Ti0.8Al0.2Bi0.2Pb0.8O3_99,4991
Ti0.8Fe0.2Bi0.2Pb0.8O3_99,4992
Ti0.8In0.2Bi0.2Pb0.8O3_99,4993
Ti0.95Al0.05Bi0.05Pb0.95O3_99,4994
Ti0.95In0.05Bi0.05Pb0.95O3_99,4995
Ti0.95Zn0.05Bi0.1Pb0.9O3_99,4996
Ti0.962Pb0.9909O2.9794_99,4997
Ti0.964Pb0.9981O2.8972_99,4998
Ti0.96Pb0.9844O2.96_99,4999
Ti0.984Pb0.9923O2.9426_99,5000
Ti0.986Pb0.993O2.9044_99,5001
Ti0.988Fe0.012Pb1O3_99,5002
Ti0.9965Pb0.9976O3_99,5003
Ti0.9Al0.1Bi0.1Pb0.9O3_99,5004
Ti0.9Fe0.1Bi0.1Pb0.9O3_99,5005
Ti0.9In0.1Bi0.1Pb0.9O3_99,5006
Ti1.2Hg0.8C3_221,5007
Ti1Ag0.5Bi0.5O3_221,5008
Ti1Bi0.05Pb0.95O3_99,5009
Ti1Bi0.1Pb0.9O3_99,5010
Ti1Cd0.03Pb0.97O3_99,5011
Ti1Cd0.06Pb0.94O3_99,5012
Ti1Pb0.9633O2.6098_99,5013
Ti1Pb0.983O2.802_99,5014
Ti1Pb0.987O2.959_99,5015
Ti1Pb0.9926O2.9342_99,5016
Ti1Pb0.9982O3_99,5017
Ti3.1Cd0.9C0.9_221,5018
Ti3.1Zn0.9N0.5_221,5019
Ti3.2Hg0.8N1_221,5020
Ti3AlC_221,5021
Ti3AlN_221,5022
Ti3InC_221,5023
Ti3InN_221,5024
Ti3Sn1H0.957_221,5025
Ti3SnH_221,5026
Ti3TlC_221,5027
Ti3TlN_221,5028
Ti3Zn1C0.5_221,5029
TiCdO3_221,5030
TiCdO3_62,5031
TiPbO3_221,5032
TiPbO3_99,5033
TlCrO3_62,5034
TlFeO3_62,5035
TlHPd3_221,5036
TlNiO3_14,5037
TlNiO3_62,5038
Tm1B0.98Rh3_221,5039
Tm2MnNiO6_14,5040
Tm3AlC_221,5041
Tm3GaC_221,5042
Tm3InC_221,5043
Tm3InN_221,5044
Tm3PbC_221,5045
Tm3SnC_221,5046
Tm3TlC_221,5047
Tm4Al0.12Fe3.88O12_62,5048
Tm4Al0.24Fe3.76O12_62,5049
Tm4Al0.4Fe3.6O12_62,5050
Tm4Al0.6Fe3.4O12_62,5051
Tm4Cr2.12Fe1.88O12_62,5052
Tm4Ga0.12Fe3.88O12_62,5053
Tm4Ga0.24Fe3.76O12_62,5054
Tm4Ga0.4Fe3.6O12_62,5055
Tm4Ga0.6Fe3.4O12_62,5056
TmBPd3_221,5057
TmBPt3_221,5058
TmBRh3_221,5059
TmCoO3_62,5060
TmCrO3_62,5061
TmFeO3_62,5062
TmMnO3_62,5063
TmNiO3_14,5064
TmNiO3_62,5065
TmRh3C_221,5066
TmVO3_62,5067
U1B0.75Ru3_221,5068
U1B0.8Rh3_221,5069
U1Ru3C0.7_221,5070
UBRh3_221,5071
UCd(PbO3)2_14,5072
V1Bi0.2Pb0.8O3_99,5073
V1Bi0.3Pb0.7O3_99,5074
V3AuN_221,5075
VCdO3_62,5076
VRu3C_221,5077
Y0.24Ta0.72W3.28O12_62,5078
Y0.2Cr4Bi3.8O12_62,5079
Y0.4Fe4Bi3.6O12_62,5080
Y0.4Mn4Bi3.6O12_62,5081
Y0.8Cr4Bi3.2O12_62,5082
Y1B0.8Rh3_221,5083
Y2.4V4Cd1.6O12_62,5084
Y2.9256Cr2.9592O9.5072_62,5085
Y2AlCrO6_14,5086
Y2CrFeO6_62,5087
Y2FeCoO6_62,5088
Y2MgTiO6_14,5089
Y2MnCoO6_14,5090
Y2MnCrO6_62,5091
Y2MnFeO6_62,5092
Y2MnNiO6_14,5093
Y2VFeO6_62,5094
Y3.78Mg0.2Al3.8O11.9004_62,5095
Y3.808Mg0.2Al3.8O11.9004_62,5096
Y3.832Mg0.2Al3.8O11.9004_62,5097
Y3.836Mg0.2Al3.8O11.9004_62,5098
Y3.8552Sc4O11.784_62,5099
Y3.90036V1.92812Fe2.07188O12_62,5100
Y3.90036V1.928Fe2.072O12_62,5101
Y3.916Mn2.096Co1.904O12_14,5102
Y3.924Mn2.096Co1.904O12_14,5103
Y3.928Mn2.096Co1.904O12_14,5104
Y3.92Co4O12_62,5105
Y3.944Fe4O12_62,5106
Y3AlC_221,5107
Y3GaC_221,5108
Y3InC_221,5109
Y3PbC_221,5110
Y3SnC_221,5111
Y3TlC_221,5112
Y4Co2.7Pt1.3O12_62,5113
Y4Fe1.16Co2.84O12_62,5114
Y4Fe1.96Co2.04O12_62,5115
Y4Fe2.776Co1.224O12_62,5116
Y4Mn2Co2O11.568_14,5117
Y4Mn3NiO12_62,5118
YAlO3_62,5119
YBRh3_221,5120
YCoO3_62,5121
YCr2BiO6_62,5122
YCrO3_62,5123
YEr(FeO3)2_62,5124
YErAl2O6_62,5125
YFeO3_62,5126
YMn2BiO6_62,5127
YMn3V4O12_62,5128
YMnO3_62,5129
YNiO3_14,5130
YNiO3_62,5131
YRh3C_221,5132
YScO3_62,5133
YTi3Mn3AlO12_62,5134
YTiO3_62,5135
YVO3_62,5136
Yb0.04Zr0.29Ti0.67Pb1O3_99,5137
Yb0.5Nb0.5Pb1O3_221,5138
Yb0.5Ta0.5Pb1O3_221,5139
Yb1B0.85Rh3_221,5140
Yb1B1Rh2.673_221,5141
Yb2CrFeO6_62,5142
Yb2MnCoO6_62,5143
Yb3GaC_221,5144
Yb3InC_221,5145
Yb3PbO_221,5146
Yb3SnC_221,5147
Yb3SnO_221,5148
Yb3TlC_221,5149
Yb4Cr3.4Ru0.6O12_62,5150
Yb4Cr3.6Ru0.4O12_62,5151
Yb4Cr3.8Ru0.2O12_62,5152
YbAlO3_62,5153
YbBPd3_221,5154
YbBRh3_221,5155
YbCoO3_62,5156
YbCrO3_62,5157
YbDyMn2O6_62,5158
YbFeO3_62,5159
YbH3Pd_221,5160
YbMnO3_62,5161
YbNiH3_221,5162
YbNiO3_14,5163
YbNiO3_62,5164
YbRh3C_221,5165
YbVO3_62,5166
ZnAgF3_221,5167
ZnCo3C_221,5168
ZnFe3C_221,5169
ZnNi3C_221,5170
Zr0.1Fe0.9Bi0.95O3_221,5171
Zr0.1Ti0.9Pb1O3_99,5172
Zr0.2Ti0.8Pb1O3_99,5173
Zr0.3254Ti0.6659Pb0.9912O3_99,5174
Zr0.3Ti0.65Nb0.05Si0.04Pb0.96O3_99,5175
Zr0.3Ti0.675Nb0.025Si0.02Pb0.98O3_99,5176
Zr0.3Ti0.7Pb1O3_99,5177
Zr0.3Ti0.7Si0.02Pb0.98O3_99,5178
Zr0.44Ti0.44Mn0.04Nb0.04Ni0.04Pb1O3_99,5179
Zr0.45Ti0.55Pb1O3_99,5180
Zr0.4Ti0.55Nb0.05Si0.02Pb0.98O3_99,5181
Zr0.4Ti0.6Pb1O3_221,5182
Zr0.4Ti0.6Pb1O3_99,5183
Zr0.515Ti0.485Pb1O3_99,5184
Zr0.525Ti0.475Pb1O3_99,5185
Zr0.52Ti0.48Pb1O3_221,5186
Zr0.52Ti0.48Pb1O3_99,5187
Zr0.53Ti0.47Pb1O3_99,5188
Zr0.55Ti0.45Pb1O3_221,5189
Zr0.55Ti0.45Pb1O3_99,5190
Zr0.5Ti0.48Si0.01Pb0.99W0.02O3_99,5191
Zr0.5Ti0.5Pb1O3_221,5192
Zr0.5Ti0.5Pb1O3_99,5193
Zr0.65Ti0.35Pb1O3_221,5194
Zr0.6Ti0.4Pb1O3_221,5195
Zr0.945Ti0.029Nb0.026Pb0.987O3_99,5196
Zr0.95Ti0.05Pb1O3_221,5197
Zr0.9Ti0.1Pb1O3_221,5198
Zr1B0.5Ir3_221,5199
ZrBRh3_221,5200
ZrPbO3_221,5201
ZrRu3C_221,5202
