Compound,Space_Group,Crystal_System,cluster_id,Representative_Compound
AcCuO3_221,221,cubic,161,Sr3La7Mn7(FeO10)3_1
AcFeO3_221,221,cubic,173,VBiO3_14
AcGaO3_221,221,cubic,161,Sr3La7Mn7(FeO10)3_1
AcMnO3_221,221,cubic,173,VBiO3_14
AcNiO3_221,221,cubic,97,La3Mn3O10_1
AcPdO3_221,221,cubic,53,EuMoO3_221
AcScO3_221,221,cubic,170,TlCuF3_123
AcVO3_221,221,cubic,173,VBiO3_14
Ag12SBr_221,221,cubic,70,K2LiLuCl6_225
Ag12SI_221,221,cubic,70,K2LiLuCl6_225
Ag3IrO4_91,91,tetragonal,97,La3Mn3O10_1
Ag3SBr_63,63,orthorhombic,167,Tb3AlC_221
Ag3SI_155,155,trigonal,168,Tl2SnO3_62
Ag6S2IBr_42,42,orthorhombic,168,Tl2SnO3_62
AlAgO3_221,221,cubic,82,K5Na3Ta5Nb3O24_1
AlAuO3_221,221,cubic,50,ErVO3_62
AlBiO3_221,221,cubic,50,ErVO3_62
AlCoO3_221,221,cubic,111,MgFeO3_221
AlCoO3_62,62,orthorhombic,0,AlCoO3_62
AlCrO3_123,123,tetragonal,111,MgFeO3_221
AlFe3B_221,221,cubic,112,MgNi3C_221
AlFe3C_221,221,cubic,112,MgNi3C_221
AlFe3H_221,221,cubic,175,ZnNi3N_221
AlFe3O_221,221,cubic,154,ScBRh3_221
AlFeO3_221,221,cubic,111,MgFeO3_221
AlGaO3_62,62,orthorhombic,0,AlCoO3_62
AlInO3_62,62,orthorhombic,108,LuAlO3_221
AlIrO3_221,221,cubic,108,LuAlO3_221
AlMoO3_221,221,cubic,82,K5Na3Ta5Nb3O24_1
AlNi3C_221,221,cubic,112,MgNi3C_221
AlNiO3_221,221,cubic,1,AlNiO3_221
AlPt3C_221,221,cubic,172,UBRh3_221
AlVO3_221,221,cubic,21,CaSiO3_139
AlVO3_62,62,orthorhombic,2,AlVO3_62
Ba10Ta10(N3O7)3_47,47,orthorhombic,53,EuMoO3_221
Ba10Ti8NbNiO30_139,139,tetragonal,170,TlCuF3_123
Ba10Zn4Cu(WO6)5_12,12,monoclinic,166,SrPrZnBiO6_216
Ba12(CoO3)11_15,15,monoclinic,168,Tl2SnO3_62
Ba14Ir8(PdO11)3_5,5,monoclinic,157,SmScS3_62
Ba15(ZrSe3)14_167,167,trigonal,150,RbCoBr3_185
Ba16Tb8Nb5(SnO16)3_75,75,tetragonal,14,BaSrNdSbO6_216
Ba2(CrS2)5_2,2,triclinic,157,SmScS3_62
Ba2AgIO6_225,225,cubic,14,BaSrNdSbO6_216
Ba2BiIrO6_2,2,triclinic,14,BaSrNdSbO6_216
Ba2BiIrO6_225,225,cubic,14,BaSrNdSbO6_216
Ba2BiSbO6_12,12,monoclinic,14,BaSrNdSbO6_216
Ba2BiSbO6_148,148,trigonal,14,BaSrNdSbO6_216
Ba2BiSbO6_225,225,cubic,14,BaSrNdSbO6_216
Ba2CaBiO6_225,225,cubic,12,BaCaLaSbO6_216
Ba2CaIrO6_225,225,cubic,11,BaCaDyNbO6_216
Ba2CaMoO6_225,225,cubic,14,BaSrNdSbO6_216
Ba2CaNbO6_225,225,cubic,14,BaSrNdSbO6_216
Ba2CaOsO6_225,225,cubic,11,BaCaDyNbO6_216
Ba2CaReO6_225,225,cubic,11,BaCaDyNbO6_216
Ba2CaReO6_87,87,tetragonal,11,BaCaDyNbO6_216
Ba2CaSeO6_225,225,cubic,160,Sr2NdMnO6_225
Ba2CaTeO6_225,225,cubic,14,BaSrNdSbO6_216
Ba2CaUO6_14,14,monoclinic,12,BaCaLaSbO6_216
Ba2CaWO6_12,12,monoclinic,11,BaCaDyNbO6_216
Ba2CaWO6_225,225,cubic,11,BaCaDyNbO6_216
Ba2CaWO6_87,87,tetragonal,11,BaCaDyNbO6_216
Ba2CdMoO6_225,225,cubic,8,Ba2TmMoO6_225
Ba2CdOsO6_225,225,cubic,8,Ba2TmMoO6_225
Ba2CdReO6_225,225,cubic,8,Ba2TmMoO6_225
Ba2CeBiO6_225,225,cubic,6,Ba2ErPaO6_225
Ba2CeHfO6_225,225,cubic,14,BaSrNdSbO6_216
Ba2CePaO6_225,225,cubic,5,Ba2CePaO6_225
Ba2CePrO6_225,225,cubic,5,Ba2CePaO6_225
Ba2CePuO6_225,225,cubic,6,Ba2ErPaO6_225
Ba2CeSnO6_225,225,cubic,14,BaSrNdSbO6_216
Ba2CeZrO6_123,123,tetragonal,14,BaSrNdSbO6_216
Ba2CoMoO6_139,139,tetragonal,53,EuMoO3_221
Ba2CoMoO6_225,225,cubic,53,EuMoO3_221
Ba2CoReO6_166,166,trigonal,166,SrPrZnBiO6_216
Ba2CoWO6_166,166,trigonal,166,SrPrZnBiO6_216
Ba2CrBiO6_225,225,cubic,166,SrPrZnBiO6_216
Ba2CrMoO6_139,139,tetragonal,53,EuMoO3_221
Ba2DyBiO6_225,225,cubic,14,BaSrNdSbO6_216
Ba2DyMoO6_225,225,cubic,8,Ba2TmMoO6_225
Ba2DyNbO6_225,225,cubic,14,BaSrNdSbO6_216
Ba2DyPaO6_225,225,cubic,6,Ba2ErPaO6_225
Ba2DyReO6_225,225,cubic,8,Ba2TmMoO6_225
Ba2DySbO6_201,201,cubic,14,BaSrNdSbO6_216
Ba2DyTaO6_225,225,cubic,14,BaSrNdSbO6_216
Ba2DyUO6_225,225,cubic,6,Ba2ErPaO6_225
Ba2DyWO6_225,225,cubic,14,BaSrNdSbO6_216
Ba2ErMoO6_225,225,cubic,8,Ba2TmMoO6_225
Ba2ErPaO6_225,225,cubic,6,Ba2ErPaO6_225
Ba2ErReO6_12,12,monoclinic,8,Ba2TmMoO6_225
Ba2ErReO6_225,225,cubic,8,Ba2TmMoO6_225
Ba2ErTaO6_225,225,cubic,14,BaSrNdSbO6_216
Ba2ErUO6_225,225,cubic,6,Ba2ErPaO6_225
Ba2EuMgNbO6_1,1,triclinic,160,Sr2NdMnO6_225
Ba2EuMoO6_225,225,cubic,14,BaSrNdSbO6_216
Ba2EuNbO6_225,225,cubic,14,BaSrNdSbO6_216
Ba2EuReO6_225,225,cubic,14,BaSrNdSbO6_216
Ba2EuRuO6_225,225,cubic,14,BaSrNdSbO6_216
Ba2EuSbO6_201,201,cubic,14,BaSrNdSbO6_216
Ba2EuSbO6_225,225,cubic,14,BaSrNdSbO6_216
Ba2EuTaO6_87,87,tetragonal,14,BaSrNdSbO6_216
Ba2FeMoO6_139,139,tetragonal,53,EuMoO3_221
Ba2FeMoO6_44,44,orthorhombic,53,EuMoO3_221
Ba2GdBiO6_225,225,cubic,6,Ba2ErPaO6_225
Ba2GdMoO6_225,225,cubic,14,BaSrNdSbO6_216
Ba2GdNbO6_87,87,tetragonal,14,BaSrNdSbO6_216
Ba2GdPaO6_225,225,cubic,6,Ba2ErPaO6_225
Ba2GdReO6_14,14,monoclinic,14,BaSrNdSbO6_216
Ba2GdReO6_225,225,cubic,14,BaSrNdSbO6_216
Ba2GdSbO6_225,225,cubic,14,BaSrNdSbO6_216
Ba2GdTaO6_225,225,cubic,14,BaSrNdSbO6_216
Ba2GdTaO6_87,87,tetragonal,14,BaSrNdSbO6_216
Ba2GdUO6_225,225,cubic,6,Ba2ErPaO6_225
Ba2HfUO6_225,225,cubic,14,BaSrNdSbO6_216
Ba2HoMoO6_225,225,cubic,8,Ba2TmMoO6_225
Ba2HoPaO6_225,225,cubic,6,Ba2ErPaO6_225
Ba2HoReO6_225,225,cubic,8,Ba2TmMoO6_225
Ba2HoTaO6_87,87,tetragonal,14,BaSrNdSbO6_216
Ba2HoUO6_225,225,cubic,6,Ba2ErPaO6_225
Ba2InOsO6_225,225,cubic,8,Ba2TmMoO6_225
Ba2InReO6_225,225,cubic,8,Ba2TmMoO6_225
Ba2InRuO6_164,164,trigonal,160,Sr2NdMnO6_225
Ba2InSbO6_225,225,cubic,8,Ba2TmMoO6_225
Ba2La(FeO3)3_164,164,trigonal,96,La2NiMoO6_225
Ba2La2MgMn(WO6)2_12,12,monoclinic,11,BaCaDyNbO6_216
Ba2La2MgTi3O12_166,166,trigonal,159,Sr2HfCrO6_12
Ba2LaBiO6_201,201,cubic,6,Ba2ErPaO6_225
Ba2LaBiO6_225,225,cubic,6,Ba2ErPaO6_225
Ba2LaCrO6_225,225,cubic,14,BaSrNdSbO6_216
Ba2LaIrO6_12,12,monoclinic,14,BaSrNdSbO6_216
Ba2LaIrO6_148,148,trigonal,14,BaSrNdSbO6_216
Ba2LaIrO6_225,225,cubic,14,BaSrNdSbO6_216
Ba2LaNbO6_12,12,monoclinic,14,BaSrNdSbO6_216
Ba2LaNbO6_201,201,cubic,14,BaSrNdSbO6_216
Ba2LaPaO6_225,225,cubic,5,Ba2CePaO6_225
Ba2LaPuO6_225,225,cubic,5,Ba2CePaO6_225
Ba2LaSbO6_201,201,cubic,14,BaSrNdSbO6_216
Ba2LaSbO6_225,225,cubic,14,BaSrNdSbO6_216
Ba2LaTaO6_14,14,monoclinic,14,BaSrNdSbO6_216
Ba2LaTaO6_148,148,trigonal,14,BaSrNdSbO6_216
Ba2LaUO6_225,225,cubic,5,Ba2CePaO6_225
Ba2LaWO6_225,225,cubic,14,BaSrNdSbO6_216
Ba2LiIO6_225,225,cubic,130,NaPrYSbO6_216
Ba2LiLaIrO6_1,1,triclinic,7,Ba2TmMgNbO6_71
Ba2LiOsO6_225,225,cubic,132,NaSr2OsO6_225
Ba2LiReO6_225,225,cubic,132,NaSr2OsO6_225
Ba2LiTbIrO6_71,71,orthorhombic,14,BaSrNdSbO6_216
Ba2LiTbSnO6_71,71,orthorhombic,14,BaSrNdSbO6_216
Ba2LiTeO6_225,225,cubic,130,NaPrYSbO6_216
Ba2LuBiO6_148,148,trigonal,14,BaSrNdSbO6_216
Ba2LuBiO6_225,225,cubic,14,BaSrNdSbO6_216
Ba2LuMgRuO6_71,71,orthorhombic,160,Sr2NdMnO6_225
Ba2LuMoO6_225,225,cubic,8,Ba2TmMoO6_225
Ba2LuTaO6_225,225,cubic,8,Ba2TmMoO6_225
Ba2LuUO6_225,225,cubic,14,BaSrNdSbO6_216
Ba2MgMoO6_225,225,cubic,166,SrPrZnBiO6_216
Ba2MgOsO6_225,225,cubic,130,NaPrYSbO6_216
Ba2MgUO6_225,225,cubic,134,NaSrNdWO6_216
Ba2MgVMoO6_71,71,orthorhombic,160,Sr2NdMnO6_225
Ba2Mn5O10_12,12,monoclinic,168,Tl2SnO3_62
Ba2MnNbO6_62,62,orthorhombic,53,EuMoO3_221
Ba2MnSnO6_225,225,cubic,53,EuMoO3_221
Ba2MnTeO6_225,225,cubic,8,Ba2TmMoO6_225
Ba2NaIO6_225,225,cubic,11,BaCaDyNbO6_216
Ba2NaMnO6_225,225,cubic,160,Sr2NdMnO6_225
Ba2NaOsO6_225,225,cubic,130,NaPrYSbO6_216
Ba2NaReO6_225,225,cubic,130,NaPrYSbO6_216
Ba2NaUO6_58,58,orthorhombic,66,K2CrAgF6_225
Ba2NbFeO6_225,225,cubic,53,EuMoO3_221
Ba2NbInO6_225,225,cubic,8,Ba2TmMoO6_225
Ba2NbRhO6_225,225,cubic,53,EuMoO3_221
Ba2NdBiO6_201,201,cubic,6,Ba2ErPaO6_225
Ba2NdBiO6_225,225,cubic,6,Ba2ErPaO6_225
Ba2NdIrO6_225,225,cubic,14,BaSrNdSbO6_216
Ba2NdMgMoO6_1,1,triclinic,160,Sr2NdMnO6_225
Ba2NdMgRuO6_71,71,orthorhombic,7,Ba2TmMgNbO6_71
Ba2NdMoO6_2,2,triclinic,14,BaSrNdSbO6_216
Ba2NdMoO6_225,225,cubic,14,BaSrNdSbO6_216
Ba2NdMoO6_87,87,tetragonal,14,BaSrNdSbO6_216
Ba2NdNbO6_12,12,monoclinic,14,BaSrNdSbO6_216
Ba2NdPaO6_225,225,cubic,5,Ba2CePaO6_225
Ba2NdPuO6_225,225,cubic,6,Ba2ErPaO6_225
Ba2NdReO6_14,14,monoclinic,14,BaSrNdSbO6_216
Ba2NdReO6_225,225,cubic,14,BaSrNdSbO6_216
Ba2NdTaO6_12,12,monoclinic,14,BaSrNdSbO6_216
Ba2NdTaO6_225,225,cubic,14,BaSrNdSbO6_216
Ba2NdUO6_225,225,cubic,5,Ba2CePaO6_225
Ba2NdVO6_225,225,cubic,14,BaSrNdSbO6_216
Ba2NdWO6_225,225,cubic,14,BaSrNdSbO6_216
Ba2NiMoO6_225,225,cubic,53,EuMoO3_221
Ba2NiRuO6_194,194,hexagonal,9,Ba3FeRu2O9_194
Ba2NiTeO6_166,166,trigonal,160,Sr2NdMnO6_225
Ba2NiWO6_225,225,cubic,166,SrPrZnBiO6_216
Ba2PaInO6_225,225,cubic,12,BaCaLaSbO6_216
Ba2PrBiO6_12,12,monoclinic,6,Ba2ErPaO6_225
Ba2PrHfO6_225,225,cubic,6,Ba2ErPaO6_225
Ba2PrIrO6_14,14,monoclinic,14,BaSrNdSbO6_216
Ba2PrIrO6_225,225,cubic,14,BaSrNdSbO6_216
Ba2PrIrO6_58,58,orthorhombic,14,BaSrNdSbO6_216
Ba2PrMgRuO6_71,71,orthorhombic,7,Ba2TmMgNbO6_71
Ba2PrNbO6_14,14,monoclinic,14,BaSrNdSbO6_216
Ba2PrNbO6_148,148,trigonal,14,BaSrNdSbO6_216
Ba2PrNbO6_225,225,cubic,14,BaSrNdSbO6_216
Ba2PrPaO6_225,225,cubic,5,Ba2CePaO6_225
Ba2PrPtO6_225,225,cubic,14,BaSrNdSbO6_216
Ba2PrRuO6_12,12,monoclinic,14,BaSrNdSbO6_216
Ba2PrRuO6_225,225,cubic,14,BaSrNdSbO6_216
Ba2PrSeO6_201,201,cubic,14,BaSrNdSbO6_216
Ba2PrTaO6_12,12,monoclinic,14,BaSrNdSbO6_216
Ba2PrTaO6_225,225,cubic,14,BaSrNdSbO6_216
Ba2PrVO6_225,225,cubic,14,BaSrNdSbO6_216
Ba2PrWO6_225,225,cubic,14,BaSrNdSbO6_216
Ba2PrZrO6_201,201,cubic,6,Ba2ErPaO6_225
Ba2PuInO6_225,225,cubic,14,BaSrNdSbO6_216
Ba2PuMnO6_225,225,cubic,11,BaCaDyNbO6_216
Ba2PuPaO6_225,225,cubic,6,Ba2ErPaO6_225
Ba2PuPbO6_225,225,cubic,6,Ba2ErPaO6_225
Ba2PuTaO6_225,225,cubic,14,BaSrNdSbO6_216
Ba2PuTiO6_225,225,cubic,11,BaCaDyNbO6_216
Ba2PuZnO6_225,225,cubic,11,BaCaDyNbO6_216
Ba2ReNiO6_225,225,cubic,166,SrPrZnBiO6_216
Ba2ScIrO6_225,225,cubic,166,SrPrZnBiO6_216
Ba2ScNbO6_225,225,cubic,53,EuMoO3_221
Ba2ScOsO6_225,225,cubic,166,SrPrZnBiO6_216
Ba2ScPaO6_225,225,cubic,12,BaCaLaSbO6_216
Ba2ScReO6_225,225,cubic,166,SrPrZnBiO6_216
Ba2ScTaO6_225,225,cubic,166,SrPrZnBiO6_216
Ba2ScUO6_225,225,cubic,11,BaCaDyNbO6_216
Ba2SmCrO6_225,225,cubic,8,Ba2TmMoO6_225
Ba2SmMgNbO6_71,71,orthorhombic,7,Ba2TmMgNbO6_71
Ba2SmMoO6_87,87,tetragonal,14,BaSrNdSbO6_216
Ba2SmOsO6_225,225,cubic,14,BaSrNdSbO6_216
Ba2SmPaO6_225,225,cubic,5,Ba2CePaO6_225
Ba2SmReO6_225,225,cubic,14,BaSrNdSbO6_216
Ba2SmSbO6_225,225,cubic,14,BaSrNdSbO6_216
Ba2SmSeO6_225,225,cubic,8,Ba2TmMoO6_225
Ba2SmUO6_225,225,cubic,6,Ba2ErPaO6_225
Ba2SnWO6_225,225,cubic,14,BaSrNdSbO6_216
Ba2Sr(IrO3)3_187,187,hexagonal,89,KLaHfFeO6_216
Ba2Sr2CaTi5O15_6,6,monoclinic,161,Sr3La7Mn7(FeO10)3_1
Ba2Sr2Co(CuO4)3_6,6,monoclinic,161,Sr3La7Mn7(FeO10)3_1
Ba2Sr6Co3Cu5O24_3,3,monoclinic,161,Sr3La7Mn7(FeO10)3_1
Ba2SrSeO6_225,225,cubic,8,Ba2TmMoO6_225
Ba2SrTeO6_148,148,trigonal,14,BaSrNdSbO6_216
Ba2SrTm6O12_143,143,trigonal,8,Ba2TmMoO6_225
Ba2SrUO6_14,14,monoclinic,12,BaCaLaSbO6_216
Ba2SrUO6_225,225,cubic,5,Ba2CePaO6_225
Ba2SrWO6_12,12,monoclinic,12,BaCaLaSbO6_216
Ba2SrWO6_148,148,trigonal,12,BaCaLaSbO6_216
Ba2SrWO6_225,225,cubic,12,BaCaLaSbO6_216
Ba2TaFeO6_225,225,cubic,166,SrPrZnBiO6_216
Ba2TaInO6_225,225,cubic,8,Ba2TmMoO6_225
Ba2TaMnO6_139,139,tetragonal,166,SrPrZnBiO6_216
Ba2TaMnO6_62,62,orthorhombic,166,SrPrZnBiO6_216
Ba2TaTlO6_225,225,cubic,14,BaSrNdSbO6_216
Ba2TbBiO6_12,12,monoclinic,14,BaSrNdSbO6_216
Ba2TbBiO6_225,225,cubic,14,BaSrNdSbO6_216
Ba2TbHfO6_225,225,cubic,14,BaSrNdSbO6_216
Ba2TbIrO6_225,225,cubic,8,Ba2TmMoO6_225
Ba2TbMoO6_225,225,cubic,14,BaSrNdSbO6_216
Ba2TbNbO6_225,225,cubic,14,BaSrNdSbO6_216
Ba2TbNbO6_87,87,tetragonal,14,BaSrNdSbO6_216
Ba2TbPaO6_225,225,cubic,6,Ba2ErPaO6_225
Ba2TbSbO6_225,225,cubic,14,BaSrNdSbO6_216
Ba2TbSnO6_225,225,cubic,14,BaSrNdSbO6_216
Ba2TbTaO6_225,225,cubic,14,BaSrNdSbO6_216
Ba2TbTaO6_87,87,tetragonal,14,BaSrNdSbO6_216
Ba2TbWO6_12,12,monoclinic,14,BaSrNdSbO6_216
Ba2TbWO6_201,201,cubic,14,BaSrNdSbO6_216
Ba2TbZrO6_225,225,cubic,14,BaSrNdSbO6_216
Ba2TiFeO6_156,156,trigonal,9,Ba3FeRu2O9_194
Ba2TlSbO6_225,225,cubic,14,BaSrNdSbO6_216
Ba2TmMgNbO6_71,71,orthorhombic,7,Ba2TmMgNbO6_71
Ba2TmMoO6_225,225,cubic,8,Ba2TmMoO6_225
Ba2TmNbO6_225,225,cubic,8,Ba2TmMoO6_225
Ba2TmPaO6_225,225,cubic,6,Ba2ErPaO6_225
Ba2TmRuO6_225,225,cubic,8,Ba2TmMoO6_225
Ba2TmTaO6_225,225,cubic,8,Ba2TmMoO6_225
Ba2UBeO6_225,225,cubic,132,NaSr2OsO6_225
Ba2UCdO6_225,225,cubic,12,BaCaLaSbO6_216
Ba2UCoO6_225,225,cubic,11,BaCaDyNbO6_216
Ba2UCrO6_225,225,cubic,11,BaCaDyNbO6_216
Ba2UGeO6_225,225,cubic,12,BaCaLaSbO6_216
Ba2UHgO6_225,225,cubic,6,Ba2ErPaO6_225
Ba2UInO6_225,225,cubic,14,BaSrNdSbO6_216
Ba2UMnO6_225,225,cubic,12,BaCaLaSbO6_216
Ba2UNiO6_225,225,cubic,11,BaCaDyNbO6_216
Ba2UPbO6_225,225,cubic,5,Ba2CePaO6_225
Ba2UTiO6_225,225,cubic,11,BaCaDyNbO6_216
Ba2UZnO6_225,225,cubic,11,BaCaDyNbO6_216
Ba2VFeO6_194,194,hexagonal,9,Ba3FeRu2O9_194
Ba2VFeO6_225,225,cubic,158,Sr2CrSbO6_12
Ba2YBiO6_225,225,cubic,12,BaCaLaSbO6_216
Ba2YbMgNbO6_71,71,orthorhombic,7,Ba2TmMgNbO6_71
Ba2YbMgRuO6_71,71,orthorhombic,160,Sr2NdMnO6_225
Ba2YbMoO6_225,225,cubic,8,Ba2TmMoO6_225
Ba2YbPaO6_225,225,cubic,14,BaSrNdSbO6_216
Ba2YbTaO6_225,225,cubic,8,Ba2TmMoO6_225
Ba2YbUO6_225,225,cubic,14,BaSrNdSbO6_216
Ba2YIrO6_225,225,cubic,8,Ba2TmMoO6_225
Ba2YMoO6_225,225,cubic,8,Ba2TmMoO6_225
Ba2YNbO6_225,225,cubic,14,BaSrNdSbO6_216
Ba2YOsO6_225,225,cubic,8,Ba2TmMoO6_225
Ba2YPaO6_225,225,cubic,6,Ba2ErPaO6_225
Ba2YRuO6_225,225,cubic,8,Ba2TmMoO6_225
Ba2YSbO6_201,201,cubic,14,BaSrNdSbO6_216
Ba2YTaO6_225,225,cubic,14,BaSrNdSbO6_216
Ba2YTaO6_87,87,tetragonal,14,BaSrNdSbO6_216
Ba2YUO6_225,225,cubic,6,Ba2ErPaO6_225
Ba2YZrO6_225,225,cubic,14,BaSrNdSbO6_216
Ba2ZnMoO6_225,225,cubic,53,EuMoO3_221
Ba2ZnOsO6_225,225,cubic,166,SrPrZnBiO6_216
Ba2ZnReO6_225,225,cubic,166,SrPrZnBiO6_216
Ba2ZnTeO6_225,225,cubic,53,EuMoO3_221
Ba2ZnWO6_225,225,cubic,166,SrPrZnBiO6_216
Ba2ZrInO6_225,225,cubic,14,BaSrNdSbO6_216
Ba2ZrUO6_225,225,cubic,12,BaCaLaSbO6_216
Ba32Sb7Pb25O96_1,1,triclinic,14,BaSrNdSbO6_216
Ba3AsN_221,221,cubic,152,RbTlI3_225
Ba3AsP_221,221,cubic,152,RbTlI3_225
Ba3BeIr2O9_164,164,trigonal,159,Sr2HfCrO6_12
Ba3BiAs_221,221,cubic,145,Rb2NaCeI6_225
Ba3BiIr2O9_15,15,monoclinic,11,BaCaDyNbO6_216
Ba3BiIrRuO9_9,9,monoclinic,11,BaCaDyNbO6_216
Ba3BiN_221,221,cubic,142,PbCI3N_99
Ba3BiP_221,221,cubic,142,PbCI3N_99
Ba3BiSb_221,221,cubic,37,Cs2YTlI6_225
Ba3CaIr2O9_15,15,monoclinic,157,SmScS3_62
Ba3CaRu2O9_190,190,hexagonal,11,BaCaDyNbO6_216
Ba3CaRu2O9_194,194,hexagonal,11,BaCaDyNbO6_216
Ba3CaSb2O9_15,15,monoclinic,11,BaCaDyNbO6_216
Ba3CaTa2O9_164,164,trigonal,11,BaCaDyNbO6_216
Ba3CeIr2O9_194,194,hexagonal,11,BaCaDyNbO6_216
Ba3CeRu2O9_194,194,hexagonal,160,Sr2NdMnO6_225
Ba3CoIr2O9_194,194,hexagonal,144,Rb2LiRhF6_225
Ba3Cr2MoO9_194,194,hexagonal,9,Ba3FeRu2O9_194
Ba3CuSb2O9_186,186,hexagonal,160,Sr2NdMnO6_225
Ba3Dy2MoO9_71,71,orthorhombic,14,BaSrNdSbO6_216
Ba3Dy4O9_146,146,trigonal,14,BaSrNdSbO6_216
Ba3DyRu2O9_194,194,hexagonal,160,Sr2NdMnO6_225
Ba3Er4O9_146,146,trigonal,8,Ba2TmMoO6_225
Ba3EuRu2O9_194,194,hexagonal,160,Sr2NdMnO6_225
Ba3FeRu2O9_186,186,hexagonal,9,Ba3FeRu2O9_194
Ba3FeRu2O9_194,194,hexagonal,9,Ba3FeRu2O9_194
Ba3GdIrRuO9_186,186,hexagonal,11,BaCaDyNbO6_216
Ba3GeO_62,62,orthorhombic,60,In9Pb4S17_55
Ba3Ho4O9_146,146,trigonal,14,BaSrNdSbO6_216
Ba3HoIrRuO9_186,186,hexagonal,11,BaCaDyNbO6_216
Ba3HoRu2O9_194,194,hexagonal,160,Sr2NdMnO6_225
Ba3InIr2O9_194,194,hexagonal,166,SrPrZnBiO6_216
Ba3La2Ti3Cr2O15_65,65,orthorhombic,96,La2NiMoO6_225
Ba3La7Mn2(Co4O15)2_10,10,monoclinic,161,Sr3La7Mn7(FeO10)3_1
Ba3LiIr2O9_194,194,hexagonal,157,SmScS3_62
Ba3LiIrRuO9_186,186,hexagonal,157,SmScS3_62
Ba3LiOs2O9_194,194,hexagonal,157,SmScS3_62
Ba3LiRu2O9_194,194,hexagonal,144,Rb2LiRhF6_225
Ba3LiTa3Ti5O21_36,36,orthorhombic,27,Cs2GaHgBr6_225
Ba3MgIr2O9_194,194,hexagonal,157,SmScS3_62
Ba3MgIrRuO9_164,164,trigonal,144,Rb2LiRhF6_225
Ba3MgMnNb2O9_1,1,triclinic,160,Sr2NdMnO6_225
Ba3MgSb2O9_194,194,hexagonal,160,Sr2NdMnO6_225
Ba3MgTiWO9_186,186,hexagonal,144,Rb2LiRhF6_225
Ba3Mn2IrO9_166,166,trigonal,157,SmScS3_62
Ba3MnNb2O9_164,164,trigonal,8,Ba2TmMoO6_225
Ba3Na7Ti3Nb7O30_6,6,monoclinic,89,KLaHfFeO6_216
Ba3NaIr2O9_194,194,hexagonal,157,SmScS3_62
Ba3Nb2NiO9_164,164,trigonal,53,EuMoO3_221
Ba3Nb2ZnO9_164,164,trigonal,53,EuMoO3_221
Ba3NiIr2O9_194,194,hexagonal,144,Rb2LiRhF6_225
Ba3NiIrRuO9_164,164,trigonal,144,Rb2LiRhF6_225
Ba3PN_221,221,cubic,143,Rb2InGaI6_225
Ba3PrIr2O9_194,194,hexagonal,11,BaCaDyNbO6_216
Ba3PuO6_225,225,cubic,5,Ba2CePaO6_225
Ba3SbN_221,221,cubic,10,Ba3SnO_221
Ba3SbP_221,221,cubic,146,Rb2NaYI6_225
Ba3SiO_221,221,cubic,39,CsAgBr3_6
Ba3SnO_221,221,cubic,10,Ba3SnO_221
Ba3Sr(SnO3)4_47,47,orthorhombic,8,Ba2TmMoO6_225
Ba3Sr3(BiN)2_194,194,hexagonal,38,Cs3Sc2Br9_194
Ba3Sr3(SbN)2_194,194,hexagonal,38,Cs3Sc2Br9_194
Ba3Sr5Co2(CuO4)6_6,6,monoclinic,161,Sr3La7Mn7(FeO10)3_1
Ba3Sr5Co3Cu5O24_1,1,triclinic,161,Sr3La7Mn7(FeO10)3_1
Ba3Sr5Co4(CuO6)4_8,8,monoclinic,161,Sr3La7Mn7(FeO10)3_1
Ba3Sr5Ti7MnO24_8,8,monoclinic,161,Sr3La7Mn7(FeO10)3_1
Ba3Sr5Ti8O24_123,123,tetragonal,96,La2NiMoO6_225
Ba3SrCo(CuO4)3_38,38,orthorhombic,96,La2NiMoO6_225
Ba3SrMg2(TeO6)2_160,160,trigonal,166,SrPrZnBiO6_216
Ba3SrMgNb2O9_1,1,triclinic,7,Ba2TmMgNbO6_71
Ba3SrNb2O9_176,176,hexagonal,7,Ba2TmMgNbO6_71
Ba3Ta2MnO9_164,164,trigonal,160,Sr2NdMnO6_225
Ba3Ta2NiO9_164,164,trigonal,166,SrPrZnBiO6_216
Ba3Ta2ZnO9_164,164,trigonal,166,SrPrZnBiO6_216
Ba3TiFe2O9_164,164,trigonal,9,Ba3FeRu2O9_194
Ba3TiFe2O9_186,186,hexagonal,9,Ba3FeRu2O9_194
Ba3Tm4O9_146,146,trigonal,8,Ba2TmMoO6_225
Ba3TmRu2O9_194,194,hexagonal,160,Sr2NdMnO6_225
Ba3UFe2O9_71,71,orthorhombic,166,SrPrZnBiO6_216
Ba3UIn2O9_71,71,orthorhombic,14,BaSrNdSbO6_216
Ba3UO6_225,225,cubic,148,Rb3MoF6_225
Ba3WO6_225,225,cubic,5,Ba2CePaO6_225
Ba3Y4O9_146,146,trigonal,14,BaSrNdSbO6_216
Ba3Yb4O9_146,146,trigonal,8,Ba2TmMoO6_225
Ba3YIrRuO9_186,186,hexagonal,11,BaCaDyNbO6_216
Ba3YRu2O9_194,194,hexagonal,160,Sr2NdMnO6_225
Ba3ZnIrRuO9_164,164,trigonal,144,Rb2LiRhF6_225
Ba3ZnSb2O9_194,194,hexagonal,160,Sr2NdMnO6_225
Ba3ZrIr2O9_194,194,hexagonal,166,SrPrZnBiO6_216
Ba3ZrRu2O9_194,194,hexagonal,160,Sr2NdMnO6_225
Ba4(PtO3)3_1,1,triclinic,157,SmScS3_62
Ba4Bi(IrO4)3_12,12,monoclinic,11,BaCaDyNbO6_216
Ba4Bi(PbO4)3_10,10,monoclinic,14,BaSrNdSbO6_216
Ba4Bi(PbO4)3_12,12,monoclinic,14,BaSrNdSbO6_216
Ba4Bi(PbO4)3_123,123,tetragonal,14,BaSrNdSbO6_216
Ba4Ca(RhO3)4_1,1,triclinic,160,Sr2NdMnO6_225
Ba4Ca(RhO3)4_8,8,monoclinic,160,Sr2NdMnO6_225
Ba4CaTi5O15_123,123,tetragonal,158,Sr2CrSbO6_12
Ba4CaZr5O15_65,65,orthorhombic,8,Ba2TmMoO6_225
Ba4CaZr5O15_83,83,tetragonal,8,Ba2TmMoO6_225
Ba4Ce(RuO4)3_12,12,monoclinic,160,Sr2NdMnO6_225
Ba4Ce2In2O11_6,6,monoclinic,14,BaSrNdSbO6_216
Ba4Er(RuO4)3_166,166,trigonal,160,Sr2NdMnO6_225
Ba4Fe2MoWO12_166,166,trigonal,166,SrPrZnBiO6_216
Ba4Ir3O10_14,14,monoclinic,157,SmScS3_62
Ba4La(RuO4)3_12,12,monoclinic,160,Sr2NdMnO6_225
Ba4Li(BiO4)3_229,229,cubic,12,BaCaLaSbO6_216
Ba4Li(RhO3)4_1,1,triclinic,160,Sr2NdMnO6_225
Ba4Na(BiO4)3_229,229,cubic,12,BaCaLaSbO6_216
Ba4Na(IrO4)3_229,229,cubic,166,SrPrZnBiO6_216
Ba4Na(RuO4)3_186,186,hexagonal,9,Ba3FeRu2O9_194
Ba4Nd(IrO4)3_12,12,monoclinic,11,BaCaDyNbO6_216
Ba4Pr3BiO12_2,2,triclinic,5,Ba2CePaO6_225
Ba4ScTi4BiO15_65,65,orthorhombic,158,Sr2CrSbO6_12
Ba4Sm(RuO4)3_12,12,monoclinic,160,Sr2NdMnO6_225
Ba4Sr(FeO3)5_123,123,tetragonal,158,Sr2CrSbO6_12
Ba4Sr(FeO3)5_99,99,tetragonal,158,Sr2CrSbO6_12
Ba4Sr(SnO3)5_166,166,trigonal,8,Ba2TmMoO6_225
Ba4Sr4CoCu7O24_8,8,monoclinic,161,Sr3La7Mn7(FeO10)3_1
Ba4Ta2O9_14,14,monoclinic,7,Ba2TmMgNbO6_71
Ba4Ta2TiZnO12_141,141,tetragonal,166,SrPrZnBiO6_216
Ba4Tb(RuO4)3_166,166,trigonal,160,Sr2NdMnO6_225
Ba4Y2Cu4W2O17_1,1,triclinic,166,SrPrZnBiO6_216
Ba4YCu(WO6)2_123,123,tetragonal,8,Ba2TmMoO6_225
Ba4Zr(RuO4)3_166,166,trigonal,160,Sr2NdMnO6_225
Ba4Zr3TiO12_123,123,tetragonal,8,Ba2TmMoO6_225
Ba5Ca2Nb3O15_87,87,tetragonal,14,BaSrNdSbO6_216
Ba5Fe3W2O15_87,87,tetragonal,166,SrPrZnBiO6_216
Ba5Hf4S13_139,139,tetragonal,28,Cs2InBiF6_225
Ba5Li2(TeO5)3_87,87,tetragonal,166,SrPrZnBiO6_216
Ba6Hf5S16_139,139,tetragonal,28,Cs2InBiF6_225
Ba6Li2Ti7Nb9O42_8,8,monoclinic,60,In9Pb4S17_55
Ba6Mg(IrO3)6_1,1,triclinic,166,SrPrZnBiO6_216
Ba6Mg(IrO3)6_2,2,triclinic,166,SrPrZnBiO6_216
Ba6Mg(IrO3)6_5,5,monoclinic,166,SrPrZnBiO6_216
Ba6Na2Mn2Nb2O17_194,194,hexagonal,11,BaCaDyNbO6_216
Ba6Na2Nb2V2O17_194,194,hexagonal,11,BaCaDyNbO6_216
Ba6Na2Ta2Mn2O17_194,194,hexagonal,11,BaCaDyNbO6_216
Ba6Na2Ta2V2O17_194,194,hexagonal,11,BaCaDyNbO6_216
Ba6Na2V2Sb2O17_194,194,hexagonal,11,BaCaDyNbO6_216
Ba6Sr2CoCu7O24_38,38,orthorhombic,96,La2NiMoO6_225
Ba6Ti5PtO18_156,156,trigonal,9,Ba3FeRu2O9_194
Ba6Tl2NCl_225,225,cubic,35,Cs2NaNdBr6_225
Ba7Na3Ti7Nb3O30_6,6,monoclinic,159,Sr2HfCrO6_12
Ba7Sr(CuO3)8_221,221,cubic,96,La2NiMoO6_225
Ba7SrCoCu7O24_160,160,trigonal,96,La2NiMoO6_225
Ba8LiNb7O24_156,156,trigonal,160,Sr2NdMnO6_225
Ba8Sr3Ca(WO6)4_2,2,triclinic,12,BaCaLaSbO6_216
Ba8Y4Cu(WO8)3_139,139,tetragonal,14,BaSrNdSbO6_216
BaAlO3_221,221,cubic,100,LaMgO3_221
BaAuO3_221,221,cubic,8,Ba2TmMoO6_225
BaBiO3_12,12,monoclinic,14,BaSrNdSbO6_216
BaBiO3_14,14,monoclinic,14,BaSrNdSbO6_216
BaBiO3_148,148,trigonal,14,BaSrNdSbO6_216
BaBiO3_155,155,trigonal,6,Ba2ErPaO6_225
BaBiO3_221,221,cubic,6,Ba2ErPaO6_225
BaBO3_221,221,cubic,103,LiCeO3_221
BaCaCeGeO6_216,216,cubic,166,SrPrZnBiO6_216
BaCaCeHfO6_2,2,triclinic,11,BaCaDyNbO6_216
BaCaCeSnO6_2,2,triclinic,11,BaCaDyNbO6_216
BaCaCeSnO6_216,216,cubic,12,BaCaLaSbO6_216
BaCaCeZrO6_2,2,triclinic,11,BaCaDyNbO6_216
BaCaCeZrO6_216,216,cubic,12,BaCaLaSbO6_216
BaCaCuBiO6_216,216,cubic,130,NaPrYSbO6_216
BaCaDyBiO6_2,2,triclinic,11,BaCaDyNbO6_216
BaCaDyFeO6_216,216,cubic,130,NaPrYSbO6_216
BaCaDyNbO6_216,216,cubic,11,BaCaDyNbO6_216
BaCaDySbO6_216,216,cubic,11,BaCaDyNbO6_216
BaCaDyVO6_216,216,cubic,130,NaPrYSbO6_216
BaCaEuBiO6_2,2,triclinic,11,BaCaDyNbO6_216
BaCaEuBiO6_216,216,cubic,12,BaCaLaSbO6_216
BaCaEuFeO6_216,216,cubic,170,TlCuF3_123
BaCaEuNbO6_2,2,triclinic,11,BaCaDyNbO6_216
BaCaEuNbO6_216,216,cubic,11,BaCaDyNbO6_216
BaCaEuSbO6_216,216,cubic,11,BaCaDyNbO6_216
BaCaEuSbO6_48,48,orthorhombic,11,BaCaDyNbO6_216
BaCaEuSeO6_216,216,cubic,166,SrPrZnBiO6_216
BaCaEuWO6_2,2,triclinic,11,BaCaDyNbO6_216
BaCaGdBiO6_216,216,cubic,12,BaCaLaSbO6_216
BaCaGdNbO6_16,16,orthorhombic,11,BaCaDyNbO6_216
BaCaGdSbO6_2,2,triclinic,11,BaCaDyNbO6_216
BaCaGdSbO6_48,48,orthorhombic,11,BaCaDyNbO6_216
BaCaLaBiO6_216,216,cubic,12,BaCaLaSbO6_216
BaCaLaSbO6_216,216,cubic,12,BaCaLaSbO6_216
BaCaNbWO6_216,216,cubic,130,NaPrYSbO6_216
BaCaNdMnO6_216,216,cubic,170,TlCuF3_123
BaCaNdSbO6_2,2,triclinic,11,BaCaDyNbO6_216
BaCaNdSbO6_216,216,cubic,12,BaCaLaSbO6_216
BaCaO3_221,221,cubic,13,BaCaO3_221
BaCaPrFeO6_216,216,cubic,130,NaPrYSbO6_216
BaCaPrSbO6_216,216,cubic,160,Sr2NdMnO6_225
BaCaSmBiO6_2,2,triclinic,11,BaCaDyNbO6_216
BaCaSmBiO6_216,216,cubic,12,BaCaLaSbO6_216
BaCaSmFeO6_216,216,cubic,170,TlCuF3_123
BaCaSmNbO6_216,216,cubic,12,BaCaLaSbO6_216
BaCaSmSbO6_16,16,orthorhombic,11,BaCaDyNbO6_216
BaCaSmSbO6_2,2,triclinic,11,BaCaDyNbO6_216
BaCaYSbO6_216,216,cubic,11,BaCaDyNbO6_216
BaCaZrWO6_216,216,cubic,130,NaPrYSbO6_216
BaCe2EuO6_123,123,tetragonal,6,Ba2ErPaO6_225
BaCeEuCrO6_216,216,cubic,53,EuMoO3_221
BaCeEuHfO6_216,216,cubic,14,BaSrNdSbO6_216
BaCeEuHfO6_48,48,orthorhombic,14,BaSrNdSbO6_216
BaCeEuNbO6_2,2,triclinic,14,BaSrNdSbO6_216
BaCeEuSbO6_16,16,orthorhombic,14,BaSrNdSbO6_216
BaCeEuWO6_16,16,orthorhombic,6,Ba2ErPaO6_225
BaCeEuWO6_2,2,triclinic,14,BaSrNdSbO6_216
BaCeEuWO6_216,216,cubic,14,BaSrNdSbO6_216
BaCeO3_62,62,orthorhombic,6,Ba2ErPaO6_225
BaCoO3_8,8,monoclinic,168,Tl2SnO3_62
BaCrInWO6_216,216,cubic,159,Sr2HfCrO6_12
BaCrO3_194,194,hexagonal,59,GdMnO3_62
BaCuO3_221,221,cubic,96,La2NiMoO6_225
BaDyNbSnO6_2,2,triclinic,8,Ba2TmMoO6_225
BaErO3_221,221,cubic,6,Ba2ErPaO6_225
BaEuBiSbO6_2,2,triclinic,14,BaSrNdSbO6_216
BaEuCrBiO6_216,216,cubic,166,SrPrZnBiO6_216
BaEuDyMnO6_216,216,cubic,166,SrPrZnBiO6_216
BaEuDySbO6_48,48,orthorhombic,8,Ba2TmMoO6_225
BaEuDySnO6_216,216,cubic,14,BaSrNdSbO6_216
BaEuDyWO6_216,216,cubic,8,Ba2TmMoO6_225
BaEuFe2O5_123,123,tetragonal,161,Sr3La7Mn7(FeO10)3_1
BaEuFeSnO6_216,216,cubic,158,Sr2CrSbO6_12
BaEuHfSnO6_216,216,cubic,53,EuMoO3_221
BaEuNbInO6_216,216,cubic,53,EuMoO3_221
BaEuNbSbO6_2,2,triclinic,8,Ba2TmMoO6_225
BaEuNbSbO6_216,216,cubic,14,BaSrNdSbO6_216
BaEuSnBiO6_216,216,cubic,14,BaSrNdSbO6_216
BaEuTiBiO6_2,2,triclinic,160,Sr2NdMnO6_225
BaEuVBiO6_216,216,cubic,160,Sr2NdMnO6_225
BaEuYCrO6_216,216,cubic,53,EuMoO3_221
BaEuZr2O6_123,123,tetragonal,8,Ba2TmMoO6_225
BaHfO3_99,99,tetragonal,8,Ba2TmMoO6_225
BaHfS3_1,1,triclinic,28,Cs2InBiF6_225
BaHfS3_62,62,orthorhombic,28,Cs2InBiF6_225
BaHfTiInO6_216,216,cubic,166,SrPrZnBiO6_216
BaIrO3_12,12,monoclinic,157,SmScS3_62
BaIrO3_15,15,monoclinic,166,SrPrZnBiO6_216
BaIrO3_221,221,cubic,53,EuMoO3_221
BaLa(CoO3)2_225,225,cubic,161,Sr3La7Mn7(FeO10)3_1
BaLa2TiCr2O9_65,65,orthorhombic,161,Sr3La7Mn7(FeO10)3_1
BaLa3Mn4O12_167,167,trigonal,161,Sr3La7Mn7(FeO10)3_1
BaLa4TiCr4O15_1,1,triclinic,161,Sr3La7Mn7(FeO10)3_1
BaLa5TiCr5O18_1,1,triclinic,161,Sr3La7Mn7(FeO10)3_1
BaLa7Mg5Nb3O24_1,1,triclinic,159,Sr2HfCrO6_12
BaLaCoIrO6_1,1,triclinic,159,Sr2HfCrO6_12
BaLaCoSbO6_82,82,tetragonal,53,EuMoO3_221
BaLaCrMoO6_216,216,cubic,53,EuMoO3_221
BaLaMgBiO6_216,216,cubic,130,NaPrYSbO6_216
BaLaMgTaO6_216,216,cubic,166,SrPrZnBiO6_216
BaLaMn2O6_123,123,tetragonal,161,Sr3La7Mn7(FeO10)3_1
BaLaMn2O6_225,225,cubic,161,Sr3La7Mn7(FeO10)3_1
BaLaMnMoO6_216,216,cubic,53,EuMoO3_221
BaLaMnRuO6_8,8,monoclinic,53,EuMoO3_221
BaLaNiRuO6_82,82,tetragonal,96,La2NiMoO6_225
BaLaTaZnO6_216,216,cubic,166,SrPrZnBiO6_216
BaLaTiCrO6_216,216,cubic,96,La2NiMoO6_225
BaLaTiCuO6_216,216,cubic,161,Sr3La7Mn7(FeO10)3_1
BaLaTiCuO6_51,51,orthorhombic,161,Sr3La7Mn7(FeO10)3_1
BaLaTiFeO6_216,216,cubic,96,La2NiMoO6_225
BaLaZnRuO6_1,1,triclinic,53,EuMoO3_221
BaLu2O4_63,63,orthorhombic,168,Tl2SnO3_62
BaMnO2_62,62,orthorhombic,60,In9Pb4S17_55
BaMnO3_221,221,cubic,158,Sr2CrSbO6_12
BaMoO3_221,221,cubic,53,EuMoO3_221
BaNaCaMnO6_216,216,cubic,144,Rb2LiRhF6_225
BaNaCeSbO6_216,216,cubic,11,BaCaDyNbO6_216
BaNaCeWO6_216,216,cubic,11,BaCaDyNbO6_216
BaNaDyWO6_216,216,cubic,11,BaCaDyNbO6_216
BaNaEuMnO6_216,216,cubic,170,TlCuF3_123
BaNaGdWO6_216,216,cubic,11,BaCaDyNbO6_216
BaNaHfBiO6_216,216,cubic,11,BaCaDyNbO6_216
BaNaLaMnO6_216,216,cubic,134,NaSrNdWO6_216
BaNaLaWO6_216,216,cubic,12,BaCaLaSbO6_216
BaNaMnBiO6_216,216,cubic,132,NaSr2OsO6_225
BaNaNdFeO6_216,216,cubic,130,NaPrYSbO6_216
BaNaNdSeO6_216,216,cubic,130,NaPrYSbO6_216
BaNaPrFeO6_216,216,cubic,130,NaPrYSbO6_216
BaNaPrSbO6_48,48,orthorhombic,12,BaCaLaSbO6_216
BaNaPrWO6_48,48,orthorhombic,11,BaCaDyNbO6_216
BaNaSbWO6_216,216,cubic,11,BaCaDyNbO6_216
BaNaSmSeO6_216,216,cubic,130,NaPrYSbO6_216
BaNaSr3(SbO4)3_20,20,orthorhombic,166,SrPrZnBiO6_216
BaNaSrMnO6_216,216,cubic,170,TlCuF3_123
BaNaYWO6_216,216,cubic,130,NaPrYSbO6_216
BaNbNO2_123,123,tetragonal,8,Ba2TmMoO6_225
BaNbO3_221,221,cubic,53,EuMoO3_221
BaNd(CoO3)2_123,123,tetragonal,161,Sr3La7Mn7(FeO10)3_1
BaNd(CoO3)2_47,47,orthorhombic,161,Sr3La7Mn7(FeO10)3_1
BaNdEuBiO6_2,2,triclinic,6,Ba2ErPaO6_225
BaNdEuBiO6_216,216,cubic,6,Ba2ErPaO6_225
BaNdEuFeO6_216,216,cubic,8,Ba2TmMoO6_225
BaNdEuSbO6_2,2,triclinic,14,BaSrNdSbO6_216
BaNdEuVO6_216,216,cubic,14,BaSrNdSbO6_216
BaNdFeCoO6_99,99,tetragonal,161,Sr3La7Mn7(FeO10)3_1
BaNdMn2O6_123,123,tetragonal,161,Sr3La7Mn7(FeO10)3_1
BaNdMnSnO6_216,216,cubic,53,EuMoO3_221
BaNdNiBiO6_216,216,cubic,166,SrPrZnBiO6_216
BaNdNiSbO6_7,7,monoclinic,158,Sr2CrSbO6_12
BaNdZr2O6_123,123,tetragonal,8,Ba2TmMoO6_225
BaNdZr2O6_221,221,cubic,8,Ba2TmMoO6_225
BaNiO3_221,221,cubic,158,Sr2CrSbO6_12
BaPaO3_221,221,cubic,5,Ba2CePaO6_225
BaPbO3_221,221,cubic,148,Rb3MoF6_225
BaPbO3_74,74,orthorhombic,14,BaSrNdSbO6_216
BaPr(CoO3)2_99,99,tetragonal,161,Sr3La7Mn7(FeO10)3_1
BaPr2Mn3O9_12,12,monoclinic,161,Sr3La7Mn7(FeO10)3_1
BaPrDyTiO6_216,216,cubic,160,Sr2NdMnO6_225
BaPrEuFeO6_216,216,cubic,8,Ba2TmMoO6_225
BaPrEuWO6_2,2,triclinic,14,BaSrNdSbO6_216
BaPrFeSnO6_216,216,cubic,53,EuMoO3_221
BaPrNbCoO6_216,216,cubic,53,EuMoO3_221
BaPrO3_62,62,orthorhombic,5,Ba2CePaO6_225
BaPrTaCoO6_7,7,monoclinic,166,SrPrZnBiO6_216
BaPtO3_194,194,hexagonal,166,SrPrZnBiO6_216
BaPuO3_221,221,cubic,6,Ba2ErPaO6_225
BaPuO3_62,62,orthorhombic,6,Ba2ErPaO6_225
BaReO3_221,221,cubic,53,EuMoO3_221
BaRhO3_221,221,cubic,53,EuMoO3_221
BaRuO3_194,194,hexagonal,59,GdMnO3_62
BaRuO3_221,221,cubic,53,EuMoO3_221
BaScO3_221,221,cubic,160,Sr2NdMnO6_225
BaSiO3_166,166,trigonal,164,Sr8MgMn6O20_1
BaSiO3_194,194,hexagonal,97,La3Mn3O10_1
BaSiO3_221,221,cubic,97,La3Mn3O10_1
BaSmCrSnO6_216,216,cubic,53,EuMoO3_221
BaSmEuFeO6_216,216,cubic,8,Ba2TmMoO6_225
BaSmEuSbO6_16,16,orthorhombic,14,BaSrNdSbO6_216
BaSnO3_74,74,orthorhombic,8,Ba2TmMoO6_225
BaSr(FeO3)2_123,123,tetragonal,96,La2NiMoO6_225
BaSr(MoO3)2_225,225,cubic,53,EuMoO3_221
BaSr(PbO3)2_26,26,orthorhombic,14,BaSrNdSbO6_216
BaSr(SnO3)2_123,123,tetragonal,53,EuMoO3_221
BaSr2(SnO3)3_5,5,monoclinic,53,EuMoO3_221
BaSr2UO6_7,7,monoclinic,12,BaCaLaSbO6_216
BaSr3Ti4O12_123,123,tetragonal,161,Sr3La7Mn7(FeO10)3_1
BaSr3Zr4O12_6,6,monoclinic,8,Ba2TmMoO6_225
BaSr4(FeO3)5_65,65,orthorhombic,161,Sr3La7Mn7(FeO10)3_1
BaSr7(FeO3)8_221,221,cubic,161,Sr3La7Mn7(FeO10)3_1
BaSr7Co4(CuO6)4_160,160,trigonal,163,Sr6Ca2Fe5(CoO8)3_3
BaSr7Co5(CuO8)3_8,8,monoclinic,163,Sr6Ca2Fe5(CoO8)3_3
BaSr7Co6(CuO12)2_38,38,orthorhombic,163,Sr6Ca2Fe5(CoO8)3_3
BaSr7Mn2(FeO4)6_38,38,orthorhombic,161,Sr3La7Mn7(FeO10)3_1
BaSr7MnFe7O24_160,160,trigonal,161,Sr3La7Mn7(FeO10)3_1
BaSr7Ti6Mn2O24_38,38,orthorhombic,161,Sr3La7Mn7(FeO10)3_1
BaSrBiSbO6_216,216,cubic,14,BaSrNdSbO6_216
BaSrCaFeO6_216,216,cubic,170,TlCuF3_123
BaSrCaMnO6_216,216,cubic,160,Sr2NdMnO6_225
BaSrCaMoO6_216,216,cubic,160,Sr2NdMnO6_225
BaSrCaSeO6_216,216,cubic,166,SrPrZnBiO6_216
BaSrCaWO6_16,16,orthorhombic,130,NaPrYSbO6_216
BaSrCaWO6_2,2,triclinic,11,BaCaDyNbO6_216
BaSrCaWO6_216,216,cubic,130,NaPrYSbO6_216
BaSrCaWO6_8,8,monoclinic,130,NaPrYSbO6_216
BaSrCe2O6_123,123,tetragonal,6,Ba2ErPaO6_225
BaSrCeBiO6_216,216,cubic,6,Ba2ErPaO6_225
BaSrCeCrO6_216,216,cubic,160,Sr2NdMnO6_225
BaSrCeFeO6_216,216,cubic,160,Sr2NdMnO6_225
BaSrCeHfO6_16,16,orthorhombic,14,BaSrNdSbO6_216
BaSrCeHfO6_2,2,triclinic,14,BaSrNdSbO6_216
BaSrCeHfO6_216,216,cubic,14,BaSrNdSbO6_216
BaSrCeNbO6_16,16,orthorhombic,14,BaSrNdSbO6_216
BaSrCeSbO6_16,16,orthorhombic,14,BaSrNdSbO6_216
BaSrCeSbO6_2,2,triclinic,14,BaSrNdSbO6_216
BaSrCeSnO6_16,16,orthorhombic,14,BaSrNdSbO6_216
BaSrCeTiO6_216,216,cubic,160,Sr2NdMnO6_225
BaSrCeWO6_2,2,triclinic,14,BaSrNdSbO6_216
BaSrCrBiO6_216,216,cubic,130,NaPrYSbO6_216
BaSrCrSnO6_216,216,cubic,53,EuMoO3_221
BaSrCuBiO6_216,216,cubic,166,SrPrZnBiO6_216
BaSrDyBiO6_216,216,cubic,12,BaCaLaSbO6_216
BaSrDyNbO6_16,16,orthorhombic,8,Ba2TmMoO6_225
BaSrDyNbO6_2,2,triclinic,8,Ba2TmMoO6_225
BaSrDyNbO6_216,216,cubic,14,BaSrNdSbO6_216
BaSrDySbO6_2,2,triclinic,8,Ba2TmMoO6_225
BaSrDySbO6_216,216,cubic,14,BaSrNdSbO6_216
BaSrDyWO6_16,16,orthorhombic,8,Ba2TmMoO6_225
BaSrDyWO6_2,2,triclinic,8,Ba2TmMoO6_225
BaSrDyWO6_216,216,cubic,8,Ba2TmMoO6_225
BaSrEuBiO6_16,16,orthorhombic,12,BaCaLaSbO6_216
BaSrEuCrO6_2,2,triclinic,160,Sr2NdMnO6_225
BaSrEuCrO6_216,216,cubic,160,Sr2NdMnO6_225
BaSrEuNbO6_16,16,orthorhombic,14,BaSrNdSbO6_216
BaSrEuSbO6_216,216,cubic,14,BaSrNdSbO6_216
BaSrEuSeO6_2,2,triclinic,8,Ba2TmMoO6_225
BaSrEuVO6_216,216,cubic,160,Sr2NdMnO6_225
BaSrEuWO6_16,16,orthorhombic,14,BaSrNdSbO6_216
BaSrEuWO6_2,2,triclinic,14,BaSrNdSbO6_216
BaSrEuWO6_216,216,cubic,12,BaCaLaSbO6_216
BaSrEuWO6_48,48,orthorhombic,14,BaSrNdSbO6_216
BaSrGaBiO6_216,216,cubic,166,SrPrZnBiO6_216
BaSrGdBiO6_48,48,orthorhombic,12,BaCaLaSbO6_216
BaSrGdCrO6_216,216,cubic,166,SrPrZnBiO6_216
BaSrGdNbO6_216,216,cubic,14,BaSrNdSbO6_216
BaSrHfNbO6_216,216,cubic,166,SrPrZnBiO6_216
BaSrHfSnO6_216,216,cubic,8,Ba2TmMoO6_225
BaSrInBiO6_216,216,cubic,14,BaSrNdSbO6_216
BaSrInSbO6_216,216,cubic,8,Ba2TmMoO6_225
BaSrLaBiO6_2,2,triclinic,6,Ba2ErPaO6_225
BaSrLaBiO6_216,216,cubic,6,Ba2ErPaO6_225
BaSrLaSbO6_216,216,cubic,14,BaSrNdSbO6_216
BaSrLaVO6_16,16,orthorhombic,14,BaSrNdSbO6_216
BaSrLaVO6_216,216,cubic,14,BaSrNdSbO6_216
BaSrLaWO6_16,16,orthorhombic,14,BaSrNdSbO6_216
BaSrMgTeO6_216,216,cubic,166,SrPrZnBiO6_216
BaSrMnWO6_216,216,cubic,166,SrPrZnBiO6_216
BaSrNbInO6_216,216,cubic,8,Ba2TmMoO6_225
BaSrNbSbO6_2,2,triclinic,8,Ba2TmMoO6_225
BaSrNbSbO6_216,216,cubic,8,Ba2TmMoO6_225
BaSrNbWO6_216,216,cubic,166,SrPrZnBiO6_216
BaSrNdBiO6_16,16,orthorhombic,6,Ba2ErPaO6_225
BaSrNdBiO6_216,216,cubic,6,Ba2ErPaO6_225
BaSrNdFeO6_216,216,cubic,160,Sr2NdMnO6_225
BaSrNdNbO6_2,2,triclinic,14,BaSrNdSbO6_216
BaSrNdNbO6_48,48,orthorhombic,14,BaSrNdSbO6_216
BaSrNdSbO6_216,216,cubic,14,BaSrNdSbO6_216
BaSrNdWO6_216,216,cubic,14,BaSrNdSbO6_216
BaSrPrHfO6_216,216,cubic,6,Ba2ErPaO6_225
BaSrPrNbO6_2,2,triclinic,14,BaSrNdSbO6_216
BaSrPrSbO6_16,16,orthorhombic,14,BaSrNdSbO6_216
BaSrPrSbO6_216,216,cubic,14,BaSrNdSbO6_216
BaSrPrTiO6_2,2,triclinic,11,BaCaDyNbO6_216
BaSrPrVO6_16,16,orthorhombic,14,BaSrNdSbO6_216
BaSrPrVO6_216,216,cubic,14,BaSrNdSbO6_216
BaSrPrWO6_216,216,cubic,12,BaCaLaSbO6_216
BaSrPrZrO6_16,16,orthorhombic,14,BaSrNdSbO6_216
BaSrSmBiO6_216,216,cubic,6,Ba2ErPaO6_225
BaSrSmFeO6_216,216,cubic,160,Sr2NdMnO6_225
BaSrSmNbO6_16,16,orthorhombic,14,BaSrNdSbO6_216
BaSrSmSbO6_16,16,orthorhombic,14,BaSrNdSbO6_216
BaSrSmSeO6_16,16,orthorhombic,8,Ba2TmMoO6_225
BaSrSmSeO6_216,216,cubic,8,Ba2TmMoO6_225
BaSrSmWO6_2,2,triclinic,14,BaSrNdSbO6_216
BaSrTbBiO6_48,48,orthorhombic,14,BaSrNdSbO6_216
BaSrTbCeO6_2,2,triclinic,6,Ba2ErPaO6_225
BaSrTbCrO6_216,216,cubic,166,SrPrZnBiO6_216
BaSrTbHfO6_216,216,cubic,14,BaSrNdSbO6_216
BaSrTbSbO6_2,2,triclinic,8,Ba2TmMoO6_225
BaSrTbSbO6_216,216,cubic,14,BaSrNdSbO6_216
BaSrTbSnO6_16,16,orthorhombic,14,BaSrNdSbO6_216
BaSrTbVO6_216,216,cubic,166,SrPrZnBiO6_216
BaSrTbWO6_2,2,triclinic,8,Ba2TmMoO6_225
BaSrTbZrO6_16,16,orthorhombic,14,BaSrNdSbO6_216
BaSrTbZrO6_2,2,triclinic,14,BaSrNdSbO6_216
BaSrTbZrO6_216,216,cubic,14,BaSrNdSbO6_216
BaSrTiBiO6_216,216,cubic,130,NaPrYSbO6_216
BaSrYbReO6_216,216,cubic,166,SrPrZnBiO6_216
BaSrYNbO6_16,16,orthorhombic,8,Ba2TmMoO6_225
BaSrYNbO6_2,2,triclinic,8,Ba2TmMoO6_225
BaSrYSbO6_16,16,orthorhombic,8,Ba2TmMoO6_225
BaSrYWO6_2,2,triclinic,11,BaCaDyNbO6_216
BaSrZnWO6_216,216,cubic,166,SrPrZnBiO6_216
BaSrZr2O6_123,123,tetragonal,8,Ba2TmMoO6_225
BaSrZrSnO6_216,216,cubic,8,Ba2TmMoO6_225
BaTaNO2_123,123,tetragonal,53,EuMoO3_221
BaTaSe3_194,194,hexagonal,124,Na3TbTi2Nb2O12_1
BaTbEuSbO6_2,2,triclinic,8,Ba2TmMoO6_225
BaTbNdFeO6_216,216,cubic,53,EuMoO3_221
BaTbO3_221,221,cubic,6,Ba2ErPaO6_225
BaTcO3_194,194,hexagonal,9,Ba3FeRu2O9_194
BaThO3_62,62,orthorhombic,5,Ba2CePaO6_225
BaTiO3_194,194,hexagonal,9,Ba3FeRu2O9_194
BaTiO3_221,221,cubic,68,K2InHgF6_225
BaTiO3_99,99,tetragonal,158,Sr2CrSbO6_12
BaTiSe3_194,194,hexagonal,169,TlCr5Se8_12
BaTlO3_221,221,cubic,14,BaSrNdSbO6_216
BaUS3_62,62,orthorhombic,34,Cs2NaHoCl6_225
BaVO3_164,164,trigonal,9,Ba3FeRu2O9_194
BaWO3_221,221,cubic,8,Ba2TmMoO6_225
BaYbO3_221,221,cubic,14,BaSrNdSbO6_216
BaYMn2O6_12,12,monoclinic,161,Sr3La7Mn7(FeO10)3_1
BaZrO3_140,140,tetragonal,8,Ba2TmMoO6_225
BaZrO3_221,221,cubic,8,Ba2TmMoO6_225
BaZrSe3_1,1,triclinic,42,CsPdBr3_1
BaZrSe3_194,194,hexagonal,150,RbCoBr3_185
BeAgO3_221,221,cubic,4,BSbO3_221
BeAuO3_221,221,cubic,15,BeAuO3_221
BeBiO3_221,221,cubic,103,LiCeO3_221
BeBO3_221,221,cubic,16,BeBO3_221
BeCuO3_221,221,cubic,17,BeCuO3_221
BeOsO3_221,221,cubic,3,BPtO3_221
BePbO3_221,221,cubic,103,LiCeO3_221
BePdO3_221,221,cubic,4,BSbO3_221
BePtO3_221,221,cubic,15,BeAuO3_221
BeReO3_221,221,cubic,3,BPtO3_221
BeSbO3_221,221,cubic,4,BSbO3_221
BeZnO3_221,221,cubic,17,BeCuO3_221
Bi2WO6_12,12,monoclinic,10,Ba3SnO_221
Bi2WO6_29,29,orthorhombic,10,Ba3SnO_221
Bi2WO6_41,41,orthorhombic,10,Ba3SnO_221
BiRhO3_62,62,orthorhombic,161,Sr3La7Mn7(FeO10)3_1
BIrO3_221,221,cubic,3,BPtO3_221
BPbO3_221,221,cubic,15,BeAuO3_221
BPtO3_221,221,cubic,3,BPtO3_221
BSbO3_221,221,cubic,4,BSbO3_221
Ca(BiO2)2_12,12,monoclinic,157,SmScS3_62
Ca10La6Mg3Ti13O48_1,1,triclinic,97,La3Mn3O10_1
Ca16Zr9Ta7N7O41_1,1,triclinic,123,Na3SrTa4O12_6
Ca2BiWO6_225,225,cubic,134,NaSrNdWO6_216
Ca2CoWO6_8,8,monoclinic,82,K5Na3Ta5Nb3O24_1
Ca2CrSbO6_14,14,monoclinic,173,VBiO3_14
Ca2CuWO6_1,1,triclinic,82,K5Na3Ta5Nb3O24_1
Ca2DyMnO6_225,225,cubic,133,NaSrEuSeO6_216
Ca2DySbO6_225,225,cubic,134,NaSrNdWO6_216
Ca2FeIrO6_14,14,monoclinic,123,Na3SrTa4O12_6
Ca2FeOsO6_14,14,monoclinic,123,Na3SrTa4O12_6
Ca2FeReO6_14,14,monoclinic,123,Na3SrTa4O12_6
Ca2FeWO6_225,225,cubic,82,K5Na3Ta5Nb3O24_1
Ca2GdSbO6_225,225,cubic,128,NaCaDyWO6_216
Ca2HfSnO6_225,225,cubic,133,NaSrEuSeO6_216
Ca2HfTiO6_225,225,cubic,82,K5Na3Ta5Nb3O24_1
Ca2HoTaO6_14,14,monoclinic,123,Na3SrTa4O12_6
Ca2La2MgTi3O12_1,1,triclinic,97,La3Mn3O10_1
Ca2La2Ti3CuO12_123,123,tetragonal,161,Sr3La7Mn7(FeO10)3_1
Ca2LaNdMn4O12_6,6,monoclinic,97,La3Mn3O10_1
Ca2MgReO6_14,14,monoclinic,40,CsEuCl3_221
Ca2MnReO6_14,14,monoclinic,123,Na3SrTa4O12_6
Ca2MnRuO6_14,14,monoclinic,173,VBiO3_14
Ca2Nb2CoO9_14,14,monoclinic,123,Na3SrTa4O12_6
Ca2NbCrO6_14,14,monoclinic,173,VBiO3_14
Ca2NbFeO6_14,14,monoclinic,173,VBiO3_14
Ca2PdWO6_225,225,cubic,133,NaSrEuSeO6_216
Ca2SbWO6_225,225,cubic,134,NaSrNdWO6_216
Ca2ScNbO6_14,14,monoclinic,89,KLaHfFeO6_216
Ca2ScOsO6_14,14,monoclinic,82,K5Na3Ta5Nb3O24_1
Ca2ScTaO6_14,14,monoclinic,82,K5Na3Ta5Nb3O24_1
Ca2TaCrO6_14,14,monoclinic,123,Na3SrTa4O12_6
Ca2TaFeO6_11,11,monoclinic,123,Na3SrTa4O12_6
Ca2TaInO6_14,14,monoclinic,123,Na3SrTa4O12_6
Ca2TaMnO6_11,11,monoclinic,123,Na3SrTa4O12_6
Ca2TaNiO6_11,11,monoclinic,123,Na3SrTa4O12_6
Ca2TaTiO6_11,11,monoclinic,123,Na3SrTa4O12_6
Ca2TbFeO6_225,225,cubic,133,NaSrEuSeO6_216
Ca2TbMn3O9_62,62,orthorhombic,126,Na9Sr2Nd9Ti20O60_6
Ca2TbNiO6_225,225,cubic,123,Na3SrTa4O12_6
Ca2TbSbO6_225,225,cubic,134,NaSrNdWO6_216
Ca2TiRuO6_14,14,monoclinic,173,VBiO3_14
Ca2TiSbO6_225,225,cubic,133,NaSrEuSeO6_216
Ca2TiWO6_14,14,monoclinic,123,Na3SrTa4O12_6
Ca2TmRuO6_14,14,monoclinic,123,Na3SrTa4O12_6
Ca2VMoO6_14,14,monoclinic,173,VBiO3_14
Ca2VSbO6_225,225,cubic,133,NaSrEuSeO6_216
Ca2YBiO6_225,225,cubic,121,Na2NiHgF6_225
Ca2YMn3O9_62,62,orthorhombic,165,SrCa7Mn7CrO23_1
Ca2YNbO6_14,14,monoclinic,166,SrPrZnBiO6_216
Ca2ZrFeO6_225,225,cubic,89,KLaHfFeO6_216
Ca2ZrNbO6_225,225,cubic,133,NaSrEuSeO6_216
Ca2ZrSnO6_225,225,cubic,133,NaSrEuSeO6_216
Ca3AsN_62,62,orthorhombic,107,Lu3InC_221
Ca3AsP_221,221,cubic,42,CsPdBr3_1
Ca3BiAs_221,221,cubic,30,Cs2KSmCl6_225
Ca3BiN_221,221,cubic,70,K2LiLuCl6_225
Ca3BiSb_221,221,cubic,40,CsEuCl3_221
Ca3Fe2(WO6)2_6,6,monoclinic,40,CsEuCl3_221
Ca3Fe2O7_36,36,orthorhombic,165,SrCa7Mn7CrO23_1
Ca3GeN_221,221,cubic,107,Lu3InC_221
Ca3HoMn4O12_6,6,monoclinic,126,Na9Sr2Nd9Ti20O60_6
Ca3La5Mn6(CuO12)2_1,1,triclinic,97,La3Mn3O10_1
Ca3La5Mn7CrO24_1,1,triclinic,97,La3Mn3O10_1
Ca3La5Mn7FeO24_1,1,triclinic,97,La3Mn3O10_1
Ca3LaMn4O12_1,1,triclinic,97,La3Mn3O10_1
Ca3LaTi2Cr2O12_1,1,triclinic,97,La3Mn3O10_1
Ca3Mn2WO9_14,14,monoclinic,123,Na3SrTa4O12_6
Ca3Mn4BiO12_6,6,monoclinic,126,Na9Sr2Nd9Ti20O60_6
Ca3Nb2CoO9_14,14,monoclinic,89,KLaHfFeO6_216
Ca3NbO6_14,14,monoclinic,133,NaSrEuSeO6_216
Ca3NdMn4O12_6,6,monoclinic,97,La3Mn3O10_1
Ca3Ni2O7_36,36,orthorhombic,165,SrCa7Mn7CrO23_1
Ca3Os3N5_2,2,triclinic,151,RbPbBr3_8
Ca3PbO_221,221,cubic,157,SmScS3_62
Ca3PN_221,221,cubic,46,Dy3GaC_221
Ca3SbAs_221,221,cubic,29,Cs2InHgCl6_225
Ca3SbN_221,221,cubic,167,Tb3AlC_221
Ca3SbP_221,221,cubic,39,CsAgBr3_6
Ca3SiO_62,62,orthorhombic,107,Lu3InC_221
Ca3SnN_221,221,cubic,57,Gd3PbC_221
Ca3SnO_221,221,cubic,167,Tb3AlC_221
Ca3Ti2O7_36,36,orthorhombic,163,Sr6Ca2Fe5(CoO8)3_3
Ca4La4Mn7NiO24_1,1,triclinic,97,La3Mn3O10_1
Ca4Mn3CrO11_1,1,triclinic,165,SrCa7Mn7CrO23_1
Ca4Mn3O10_61,61,orthorhombic,165,SrCa7Mn7CrO23_1
Ca4Mn3SbO12_2,2,triclinic,173,VBiO3_14
Ca4Mn4O11_1,1,triclinic,165,SrCa7Mn7CrO23_1
Ca4TiMn3O12_6,6,monoclinic,165,SrCa7Mn7CrO23_1
Ca5(RhN3)2_15,15,monoclinic,157,SmScS3_62
Ca5La10Mn14(NiO24)2_1,1,triclinic,97,La3Mn3O10_1
Ca5La7Mn7Ru5O36_1,1,triclinic,159,Sr2HfCrO6_12
Ca5Nb4(CoO9)2_7,7,monoclinic,123,Na3SrTa4O12_6
Ca5Nd5Mn9CrO30_1,1,triclinic,97,La3Mn3O10_1
Ca5Y3Ti5Mn3O24_1,1,triclinic,165,SrCa7Mn7CrO23_1
Ca6Al2NF_225,225,cubic,167,Tb3AlC_221
Ca6In2NF_225,225,cubic,167,Tb3AlC_221
Ca6La4Ti5Cr5O30_1,1,triclinic,97,La3Mn3O10_1
Ca6Nd6Mn11CrO36_1,1,triclinic,97,La3Mn3O10_1
Ca6Pr6Mn11CrO36_1,1,triclinic,97,La3Mn3O10_1
Ca6Sn2NO_225,225,cubic,167,Tb3AlC_221
Ca7La3Ti5Cr5O30_6,6,monoclinic,97,La3Mn3O10_1
Ca7MgFeCo7O24_160,160,trigonal,171,TmRhO3_62
Ca7MgTiMn7O24_160,160,trigonal,165,SrCa7Mn7CrO23_1
Ca8Mn6Al2O23_1,1,triclinic,165,SrCa7Mn7CrO23_1
Ca8Mn7CrO23_1,1,triclinic,165,SrCa7Mn7CrO23_1
Ca8Ti2Mn6O23_1,1,triclinic,165,SrCa7Mn7CrO23_1
Ca8Ti3Mn5O23_1,1,triclinic,165,SrCa7Mn7CrO23_1
Ca8Ti3Mn5O24_123,123,tetragonal,163,Sr6Ca2Fe5(CoO8)3_3
Ca8TiMn7O22_1,1,triclinic,165,SrCa7Mn7CrO23_1
Ca8TiMn7O23_1,1,triclinic,165,SrCa7Mn7CrO23_1
Ca8TiMn7O24_221,221,cubic,165,SrCa7Mn7CrO23_1
Ca8TiMn7O24_6,6,monoclinic,165,SrCa7Mn7CrO23_1
Ca9LaTi10O30_1,1,triclinic,97,La3Mn3O10_1
Ca9LaTi4Mn6O30_1,1,triclinic,165,SrCa7Mn7CrO23_1
Ca9LaTi8Mn2O30_1,1,triclinic,165,SrCa7Mn7CrO23_1
CaBeO3_221,221,cubic,18,CaBeO3_221
CaBiO3_14,14,monoclinic,134,NaSrNdWO6_216
CaBiO3_62,62,orthorhombic,134,NaSrNdWO6_216
CaBPd3_221,221,cubic,172,UBRh3_221
CaCuO3_221,221,cubic,165,SrCa7Mn7CrO23_1
CaEu2WO6_225,225,cubic,166,SrPrZnBiO6_216
CaEuAlBiO6_216,216,cubic,132,NaSr2OsO6_225
CaEuDyNiO6_216,216,cubic,159,Sr2HfCrO6_12
CaEuDyVO6_216,216,cubic,130,NaPrYSbO6_216
CaEuGdSbO6_216,216,cubic,11,BaCaDyNbO6_216
CaEuHfFeO6_216,216,cubic,89,KLaHfFeO6_216
CaEuHfSnO6_216,216,cubic,166,SrPrZnBiO6_216
CaEuHfVO6_216,216,cubic,89,KLaHfFeO6_216
CaEuHfZrO6_216,216,cubic,130,NaPrYSbO6_216
CaEuInFeO6_216,216,cubic,159,Sr2HfCrO6_12
CaEuMgBiO6_216,216,cubic,132,NaSr2OsO6_225
CaEuMnWO6_216,216,cubic,133,NaSrEuSeO6_216
CaEuNbFeO6_216,216,cubic,159,Sr2HfCrO6_12
CaEuNbWO6_216,216,cubic,166,SrPrZnBiO6_216
CaEuNbZnO6_216,216,cubic,159,Sr2HfCrO6_12
CaEuNiBiO6_216,216,cubic,89,KLaHfFeO6_216
CaEuV2O6_221,221,cubic,126,Na9Sr2Nd9Ti20O60_6
CaEuZrCrO6_216,216,cubic,159,Sr2HfCrO6_12
CaEuZrNbO6_216,216,cubic,166,SrPrZnBiO6_216
CaEuZrTiO6_216,216,cubic,159,Sr2HfCrO6_12
CaEuZrVO6_216,216,cubic,159,Sr2HfCrO6_12
CaEuZrWO6_216,216,cubic,166,SrPrZnBiO6_216
CaFe(MoO3)2_14,14,monoclinic,89,KLaHfFeO6_216
CaFe4(CuO4)3_148,148,trigonal,54,EuNiO3_62
CaFeO3_123,123,tetragonal,163,Sr6Ca2Fe5(CoO8)3_3
CaFeO3_14,14,monoclinic,165,SrCa7Mn7CrO23_1
CaH3Pd_221,221,cubic,48,ErMn4(CuO4)3_204
CaHfO3_62,62,orthorhombic,123,Na3SrTa4O12_6
CaHfS3_62,62,orthorhombic,79,K2YInF6_225
CaHo(FeO3)2_31,31,orthorhombic,19,CaHo(FeO3)2_31
CaHoCr2O6_31,31,orthorhombic,19,CaHo(FeO3)2_31
CaHoO3_221,221,cubic,134,NaSrNdWO6_216
CaInO3_221,221,cubic,134,NaSrNdWO6_216
CaIrO3_221,221,cubic,123,Na3SrTa4O12_6
CaIrO3_62,62,orthorhombic,123,Na3SrTa4O12_6
CaIrO3_63,63,orthorhombic,157,SmScS3_62
CaLa(CoO3)2_225,225,cubic,97,La3Mn3O10_1
CaLa(FeO3)2_31,31,orthorhombic,97,La3Mn3O10_1
CaLa2CoO6_2,2,triclinic,166,SrPrZnBiO6_216
CaLa2CrO6_148,148,trigonal,166,SrPrZnBiO6_216
CaLa2FeO6_2,2,triclinic,166,SrPrZnBiO6_216
CaLa2Mn3O9_62,62,orthorhombic,97,La3Mn3O10_1
CaLa2Ti2Cr2O12_1,1,triclinic,19,CaHo(FeO3)2_31
CaLa3(FeO3)4_6,6,monoclinic,159,Sr2HfCrO6_12
CaLa3Mn4O12_1,1,triclinic,159,Sr2HfCrO6_12
CaLa3Mn4O12_6,6,monoclinic,159,Sr2HfCrO6_12
CaLaCrBiO6_216,216,cubic,130,NaPrYSbO6_216
CaLaCrMoO6_7,7,monoclinic,89,KLaHfFeO6_216
CaLaCrNiO6_7,7,monoclinic,97,La3Mn3O10_1
CaLaCrSnO6_216,216,cubic,159,Sr2HfCrO6_12
CaLaCrWO6_7,7,monoclinic,89,KLaHfFeO6_216
CaLaEuSbO6_216,216,cubic,160,Sr2NdMnO6_225
CaLaFeNiO6_1,1,triclinic,97,La3Mn3O10_1
CaLaMn2O6_1,1,triclinic,97,La3Mn3O10_1
CaLaMn2O6_11,11,monoclinic,97,La3Mn3O10_1
CaLaMn2O6_31,31,orthorhombic,97,La3Mn3O10_1
CaLaMn2O6_58,58,orthorhombic,97,La3Mn3O10_1
CaLaMn2O6_6,6,monoclinic,97,La3Mn3O10_1
CaLaMnCrO6_7,7,monoclinic,97,La3Mn3O10_1
CaLaMnFeO6_7,7,monoclinic,97,La3Mn3O10_1
CaLaMnFeO6_8,8,monoclinic,97,La3Mn3O10_1
CaLaMnNbO6_7,7,monoclinic,159,Sr2HfCrO6_12
CaLaMnSnO6_7,7,monoclinic,89,KLaHfFeO6_216
CaLaNbCoO6_7,7,monoclinic,89,KLaHfFeO6_216
CaLaO3_221,221,cubic,68,K2InHgF6_225
CaLaTiCrO6_7,7,monoclinic,97,La3Mn3O10_1
CaLaTiMnO6_7,7,monoclinic,97,La3Mn3O10_1
CaLaVCrO6_7,7,monoclinic,97,La3Mn3O10_1
CaLuMn2O6_31,31,orthorhombic,19,CaHo(FeO3)2_31
CaMnO3_62,62,orthorhombic,165,SrCa7Mn7CrO23_1
CaMoO3_14,14,monoclinic,89,KLaHfFeO6_216
CaMoO3_62,62,orthorhombic,173,VBiO3_14
CaNbO3_62,62,orthorhombic,89,KLaHfFeO6_216
CaNCl3_62,62,orthorhombic,32,Cs2LiLuCl6_225
CaNd2Ti2Mn2O12_1,1,triclinic,125,Na7La7Th2Ti18O54_42
CaNdCrO4_12,12,monoclinic,126,Na9Sr2Nd9Ti20O60_6
CaNdEuSbO6_216,216,cubic,11,BaCaDyNbO6_216
CaNdFeO4_36,36,orthorhombic,126,Na9Sr2Nd9Ti20O60_6
CaNdFeSnO6_216,216,cubic,159,Sr2HfCrO6_12
CaNdHfFeO6_216,216,cubic,89,KLaHfFeO6_216
CaNdHfTiO6_216,216,cubic,89,KLaHfFeO6_216
CaNdMn2O6_1,1,triclinic,97,La3Mn3O10_1
CaNdMn2O6_6,6,monoclinic,97,La3Mn3O10_1
CaNdZrCrO6_216,216,cubic,159,Sr2HfCrO6_12
CaNiH3_221,221,cubic,20,CaNiH3_221
CaNiO3_62,62,orthorhombic,165,SrCa7Mn7CrO23_1
CaOsO3_62,62,orthorhombic,123,Na3SrTa4O12_6
CaPr(CuO3)2_31,31,orthorhombic,97,La3Mn3O10_1
CaPr2Ti2ZnO9_1,1,triclinic,97,La3Mn3O10_1
CaPr3(FeO3)4_6,6,monoclinic,159,Sr2HfCrO6_12
CaPrHfCrO6_216,216,cubic,89,KLaHfFeO6_216
CaPrHfFeO6_216,216,cubic,89,KLaHfFeO6_216
CaPrMgBiO6_216,216,cubic,132,NaSr2OsO6_225
CaPrV2O6_31,31,orthorhombic,97,La3Mn3O10_1
CaPrZrCrO6_216,216,cubic,159,Sr2HfCrO6_12
CaRhO3_62,62,orthorhombic,173,VBiO3_14
CaRuO3_221,221,cubic,173,VBiO3_14
CaRuO3_62,62,orthorhombic,173,VBiO3_14
CaSbO3_11,11,monoclinic,133,NaSrEuSeO6_216
CaSbO3_62,62,orthorhombic,133,NaSrEuSeO6_216
CaScO3_221,221,cubic,87,KCuF3_127
CaSiO3_127,127,tetragonal,21,CaSiO3_139
CaSiO3_139,139,tetragonal,21,CaSiO3_139
CaSiO3_204,204,cubic,21,CaSiO3_139
CaSiO3_221,221,cubic,21,CaSiO3_139
CaSnS3_221,221,cubic,67,K2ErCuCl6_225
CaSnS3_62,62,orthorhombic,79,K2YInF6_225
CaTaNO2_14,14,monoclinic,123,Na3SrTa4O12_6
CaTaNO2_26,26,orthorhombic,123,Na3SrTa4O12_6
CaTb2Mn3O9_62,62,orthorhombic,126,Na9Sr2Nd9Ti20O60_6
CaTbEuNbO6_2,2,triclinic,166,SrPrZnBiO6_216
CaTbEuNbO6_216,216,cubic,11,BaCaDyNbO6_216
CaTbEuSbO6_216,216,cubic,166,SrPrZnBiO6_216
CaTbEuVO6_216,216,cubic,130,NaPrYSbO6_216
CaTbMn2O6_31,31,orthorhombic,19,CaHo(FeO3)2_31
CaTcO3_62,62,orthorhombic,173,VBiO3_14
CaTcO3_8,8,monoclinic,173,VBiO3_14
CaTi2FeO6_137,137,tetragonal,54,EuNiO3_62
CaTi4(CuO4)3_229,229,cubic,163,Sr6Ca2Fe5(CoO8)3_3
CaTi4(FeO4)3_204,204,cubic,54,EuNiO3_62
CaTiNbInO6_216,216,cubic,159,Sr2HfCrO6_12
CaTiO3_221,221,cubic,163,Sr6Ca2Fe5(CoO8)3_3
CaTiO3_62,62,orthorhombic,163,Sr6Ca2Fe5(CoO8)3_3
CaTiO3_63,63,orthorhombic,163,Sr6Ca2Fe5(CoO8)3_3
CaTiO3_74,74,orthorhombic,163,Sr6Ca2Fe5(CoO8)3_3
CaTlF3_8,8,monoclinic,36,Cs2NaNdF6_225
CaTmMn2O6_26,26,orthorhombic,124,Na3TbTi2Nb2O12_1
CaTmMn2O6_31,31,orthorhombic,19,CaHo(FeO3)2_31
CaVO3_14,14,monoclinic,163,Sr6Ca2Fe5(CoO8)3_3
CaWO3_62,62,orthorhombic,123,Na3SrTa4O12_6
CaYTi2O6_31,31,orthorhombic,165,SrCa7Mn7CrO23_1
Cd3SbN_62,62,orthorhombic,22,Ce3Co4Sn13_223
CdBO3_221,221,cubic,4,BSbO3_221
CdFeO3_14,14,monoclinic,165,SrCa7Mn7CrO23_1
CdGeO3_62,62,orthorhombic,54,EuNiO3_62
CdHCl3_221,221,cubic,91,KMn2O4_1
CdNF3_62,62,orthorhombic,121,Na2NiHgF6_225
CdNi3C_221,221,cubic,61,InNi3N_221
CdNi3N_221,221,cubic,61,InNi3N_221
CdRuO3_221,221,cubic,96,La2NiMoO6_225
CdSiO3_221,221,cubic,108,LuAlO3_221
CdSnO3_221,221,cubic,53,EuMoO3_221
CdSnO3_62,62,orthorhombic,96,La2NiMoO6_225
Ce3AlC_221,221,cubic,167,Tb3AlC_221
Ce3AlN_221,221,cubic,167,Tb3AlC_221
Ce3AlO_221,221,cubic,167,Tb3AlC_221
Ce3Co4Sn13_223,223,cubic,22,Ce3Co4Sn13_223
Ce3InC_221,221,cubic,57,Gd3PbC_221
Ce3SnN_221,221,cubic,58,Gd3SnC_221
Ce3TlC_221,221,cubic,57,Gd3PbC_221
CeAlO3_221,221,cubic,50,ErVO3_62
CeAlO3_62,62,orthorhombic,50,ErVO3_62
CeBeO3_221,221,cubic,103,LiCeO3_221
CeBRh3_221,221,cubic,156,SmRh3C_221
CeCdO3_11,11,monoclinic,14,BaSrNdSbO6_216
CeCrO3_62,62,orthorhombic,97,La3Mn3O10_1
CeCrS2O_12,12,monoclinic,45,CsV5S8_12
CeCuO3_221,221,cubic,165,SrCa7Mn7CrO23_1
CeEu2VO6_225,225,cubic,8,Ba2TmMoO6_225
CeEu2ZrO6_225,225,cubic,14,BaSrNdSbO6_216
CeGaO3_221,221,cubic,161,Sr3La7Mn7(FeO10)3_1
CeLuO3_62,62,orthorhombic,53,EuMoO3_221
CeMnO3_221,221,cubic,161,Sr3La7Mn7(FeO10)3_1
CeNiO3_221,221,cubic,54,EuNiO3_62
CeNiO3_62,62,orthorhombic,59,GdMnO3_62
CePuO3_221,221,cubic,14,BaSrNdSbO6_216
CeRhO3_62,62,orthorhombic,161,Sr3La7Mn7(FeO10)3_1
CeRu3C_221,221,cubic,156,SmRh3C_221
CeScS3_62,62,orthorhombic,157,SmScS3_62
CeTiGe3_194,194,hexagonal,23,CeTiGe3_194
CeTiO3_221,221,cubic,161,Sr3La7Mn7(FeO10)3_1
CeTmO3_62,62,orthorhombic,8,Ba2TmMoO6_225
CeVO3_221,221,cubic,161,Sr3La7Mn7(FeO10)3_1
Co3SnC_221,221,cubic,61,InNi3N_221
CoAgF3_221,221,cubic,96,La2NiMoO6_225
CoMoO3_221,221,cubic,159,Sr2HfCrO6_12
CoNF3_221,221,cubic,105,LiGeO3_221
CoPbO3_62,62,orthorhombic,171,TmRhO3_62
CoRe(PbO3)2_225,225,cubic,158,Sr2CrSbO6_12
CoRhO3_221,221,cubic,161,Sr3La7Mn7(FeO10)3_1
CoSeO3_62,62,orthorhombic,99,LaFeO3_2
CoSnO3_221,221,cubic,174,ZnCuO3_221
CoSnO3_62,62,orthorhombic,99,LaFeO3_2
CoTeO3_221,221,cubic,54,EuNiO3_62
Cr3IrN_123,123,tetragonal,24,Cr3IrN_123
Cr3PtN_221,221,cubic,24,Cr3IrN_123
Cr3RhN_221,221,cubic,61,InNi3N_221
CrAg3F6_225,225,cubic,14,BaSrNdSbO6_216
CrBiO3_15,15,monoclinic,173,VBiO3_14
CrCoBr3_194,194,hexagonal,169,TlCr5Se8_12
CrCoCl3_194,194,hexagonal,95,KTiCl3_1
CrCuO3_221,221,cubic,174,ZnCuO3_221
CrFe3N_221,221,cubic,61,InNi3N_221
CrPbO3_221,221,cubic,173,VBiO3_14
CrSbS3_62,62,orthorhombic,157,SmScS3_62
CrSbSe3_62,62,orthorhombic,164,Sr8MgMn6O20_1
Cs2AgAsBr6_225,225,cubic,39,CsAgBr3_6
Cs2AgAsCl6_225,225,cubic,26,Cs2DyCuCl6_225
Cs2AgAsF6_225,225,cubic,148,Rb3MoF6_225
Cs2AgAuCl6_225,225,cubic,26,Cs2DyCuCl6_225
Cs2AgAuF6_225,225,cubic,5,Ba2CePaO6_225
Cs2AgBiBr6_225,225,cubic,27,Cs2GaHgBr6_225
Cs2AgBiCl6_225,225,cubic,29,Cs2InHgCl6_225
Cs2AgIrF6_225,225,cubic,5,Ba2CePaO6_225
Cs2AgMoF6_225,225,cubic,148,Rb3MoF6_225
Cs2AgSbBr6_225,225,cubic,27,Cs2GaHgBr6_225
Cs2AgSbF6_225,225,cubic,41,CsEuF3_221
Cs2AgSbI6_225,225,cubic,143,Rb2InGaI6_225
Cs2AlHgBr6_225,225,cubic,27,Cs2GaHgBr6_225
Cs2AlInI6_225,225,cubic,143,Rb2InGaI6_225
Cs2AlTlI6_225,225,cubic,143,Rb2InGaI6_225
Cs2Bi8Se13_11,11,monoclinic,60,In9Pb4S17_55
Cs2BiAuCl6_225,225,cubic,29,Cs2InHgCl6_225
Cs2BiAuF6_225,225,cubic,41,CsEuF3_221
Cs2BrCl6F_225,225,cubic,25,Cs2BrCl6F_225
Cs2CeAgBr6_225,225,cubic,43,CsTlBr3_8
Cs2CeAgCl6_225,225,cubic,29,Cs2InHgCl6_225
Cs2CeAgF6_225,225,cubic,41,CsEuF3_221
Cs2CeCuI6_225,225,cubic,143,Rb2InGaI6_225
Cs2CoHgF6_225,225,cubic,160,Sr2NdMnO6_225
Cs2CuAsCl6_225,225,cubic,26,Cs2DyCuCl6_225
Cs2CuSbI6_225,225,cubic,33,Cs2LiMoI6_225
Cs2DyAgCl6_225,225,cubic,29,Cs2InHgCl6_225
Cs2DyAuCl6_225,225,cubic,29,Cs2InHgCl6_225
Cs2DyCuCl6_225,225,cubic,26,Cs2DyCuCl6_225
Cs2ErAuCl6_225,225,cubic,29,Cs2InHgCl6_225
Cs2EuAuCl6_225,225,cubic,29,Cs2InHgCl6_225
Cs2EuCuCl6_225,225,cubic,26,Cs2DyCuCl6_225
Cs2GaAgBr6_225,225,cubic,39,CsAgBr3_6
Cs2GaAgI6_225,225,cubic,33,Cs2LiMoI6_225
Cs2GaHgBr6_225,225,cubic,27,Cs2GaHgBr6_225
Cs2GaHgCl6_225,225,cubic,26,Cs2DyCuCl6_225
Cs2GdAuCl6_225,225,cubic,29,Cs2InHgCl6_225
Cs2HgAsBr6_225,225,cubic,27,Cs2GaHgBr6_225
Cs2HgAsCl6_225,225,cubic,29,Cs2InHgCl6_225
Cs2HgAuF6_225,225,cubic,148,Rb3MoF6_225
Cs2HgBiCl6_225,225,cubic,40,CsEuCl3_221
Cs2HgSbBr6_225,225,cubic,43,CsTlBr3_8
Cs2HgSbCl6_225,225,cubic,40,CsEuCl3_221
Cs2InAgF6_225,225,cubic,148,Rb3MoF6_225
Cs2InAgI6_225,225,cubic,143,Rb2InGaI6_225
Cs2InAsCl6_225,225,cubic,29,Cs2InHgCl6_225
Cs2InAuBr6_225,225,cubic,27,Cs2GaHgBr6_225
Cs2InBiBr6_225,225,cubic,151,RbPbBr3_8
Cs2InBiCl6_225,225,cubic,30,Cs2KSmCl6_225
Cs2InBiF6_225,225,cubic,28,Cs2InBiF6_225
Cs2InBiI6_225,225,cubic,37,Cs2YTlI6_225
Cs2InCuCl6_225,225,cubic,26,Cs2DyCuCl6_225
Cs2InCuF6_225,225,cubic,13,BaCaO3_221
Cs2InGaCl6_225,225,cubic,29,Cs2InHgCl6_225
Cs2InGaI6_225,225,cubic,143,Rb2InGaI6_225
Cs2InHgBr6_225,225,cubic,27,Cs2GaHgBr6_225
Cs2InHgCl6_225,225,cubic,29,Cs2InHgCl6_225
Cs2InSbF6_225,225,cubic,41,CsEuF3_221
Cs2KAlBr6_225,225,cubic,31,Cs2LiCeBr6_225
Cs2KAsCl6_225,225,cubic,29,Cs2InHgCl6_225
Cs2KAsF6_225,225,cubic,148,Rb3MoF6_225
Cs2KBiCl6_225,225,cubic,30,Cs2KSmCl6_225
Cs2KBiI6_225,225,cubic,37,Cs2YTlI6_225
Cs2KCeF6_225,225,cubic,148,Rb3MoF6_225
Cs2KCrCl6_225,225,cubic,25,Cs2BrCl6F_225
Cs2KCuF6_225,225,cubic,94,KRb2TiF6_225
Cs2KDyCl6_225,225,cubic,30,Cs2KSmCl6_225
Cs2KErCl6_225,225,cubic,30,Cs2KSmCl6_225
Cs2KEuCl6_225,225,cubic,30,Cs2KSmCl6_225
Cs2KGaBr6_225,225,cubic,35,Cs2NaNdBr6_225
Cs2KGdCl6_225,225,cubic,30,Cs2KSmCl6_225
Cs2KHoCl6_225,225,cubic,30,Cs2KSmCl6_225
Cs2KInBr6_225,225,cubic,143,Rb2InGaI6_225
Cs2KInCl6_225,225,cubic,30,Cs2KSmCl6_225
Cs2KLaCl6_225,225,cubic,30,Cs2KSmCl6_225
Cs2KLaF6_225,225,cubic,28,Cs2InBiF6_225
Cs2KMoBr6_225,225,cubic,35,Cs2NaNdBr6_225
Cs2KMoCl6_225,225,cubic,29,Cs2InHgCl6_225
Cs2KNdCl6_225,225,cubic,30,Cs2KSmCl6_225
Cs2KNF6_225,225,cubic,13,BaCaO3_221
Cs2KPbF6_225,225,cubic,147,Rb2YHgF6_225
Cs2KPdF6_225,225,cubic,148,Rb3MoF6_225
Cs2KPrBr6_225,225,cubic,143,Rb2InGaI6_225
Cs2KPrCl6_225,225,cubic,30,Cs2KSmCl6_225
Cs2KPrF6_225,225,cubic,28,Cs2InBiF6_225
Cs2KSbCl6_225,225,cubic,30,Cs2KSmCl6_225
Cs2KSbI6_225,225,cubic,37,Cs2YTlI6_225
Cs2KScF6_225,225,cubic,148,Rb3MoF6_225
Cs2KSmCl6_225,225,cubic,30,Cs2KSmCl6_225
Cs2KTaCl6_225,225,cubic,75,K2NaCeCl6_225
Cs2KTaI6_225,225,cubic,152,RbTlI3_225
Cs2KTiF6_225,225,cubic,36,Cs2NaNdF6_225
Cs2KTlCl6_225,225,cubic,30,Cs2KSmCl6_225
Cs2KTmCl6_225,225,cubic,30,Cs2KSmCl6_225
Cs2KYbCl6_225,225,cubic,75,K2NaCeCl6_225
Cs2KYBr6_225,225,cubic,143,Rb2InGaI6_225
Cs2KYCl6_225,225,cubic,30,Cs2KSmCl6_225
Cs2KYF6_225,225,cubic,41,CsEuF3_221
Cs2KYI6_225,225,cubic,37,Cs2YTlI6_225
Cs2LaAuCl6_225,225,cubic,29,Cs2InHgCl6_225
Cs2LiBiBr6_225,225,cubic,27,Cs2GaHgBr6_225
Cs2LiBiCl6_225,225,cubic,34,Cs2NaHoCl6_225
Cs2LiCeBr6_225,225,cubic,31,Cs2LiCeBr6_225
Cs2LiCeCl6_225,225,cubic,34,Cs2NaHoCl6_225
Cs2LiCeF6_225,225,cubic,36,Cs2NaNdF6_225
Cs2LiCeI6_225,225,cubic,143,Rb2InGaI6_225
Cs2LiInCl6_225,225,cubic,25,Cs2BrCl6F_225
Cs2LiLuCl6_225,225,cubic,32,Cs2LiLuCl6_225
Cs2LiMoF6_225,225,cubic,12,BaCaLaSbO6_216
Cs2LiMoI6_225,225,cubic,33,Cs2LiMoI6_225
Cs2LiNbF6_225,225,cubic,12,BaCaLaSbO6_216
Cs2LiNdBr6_225,225,cubic,31,Cs2LiCeBr6_225
Cs2LiNdCl6_225,225,cubic,34,Cs2NaHoCl6_225
Cs2LiPrCl6_225,225,cubic,34,Cs2NaHoCl6_225
Cs2LiPrF6_225,225,cubic,36,Cs2NaNdF6_225
Cs2LiPrI6_225,225,cubic,143,Rb2InGaI6_225
Cs2LiSbCl6_225,225,cubic,32,Cs2LiLuCl6_225
Cs2LiSmCl6_225,225,cubic,32,Cs2LiLuCl6_225
Cs2LiTaBr6_225,225,cubic,65,K2CeCuBr6_225
Cs2LiTaCl6_225,225,cubic,32,Cs2LiLuCl6_225
Cs2LiTaI6_225,225,cubic,143,Rb2InGaI6_225
Cs2LiTlBr6_225,225,cubic,27,Cs2GaHgBr6_225
Cs2LiTmCl6_225,225,cubic,32,Cs2LiLuCl6_225
Cs2LiYF6_225,225,cubic,13,BaCaO3_221
Cs2MnHgF6_225,225,cubic,5,Ba2CePaO6_225
Cs2NaAlH6_225,225,cubic,134,NaSrNdWO6_216
Cs2NaAsBr6_225,225,cubic,31,Cs2LiCeBr6_225
Cs2NaAsF6_225,225,cubic,94,KRb2TiF6_225
Cs2NaAuBr6_225,225,cubic,27,Cs2GaHgBr6_225
Cs2NaAuCl6_225,225,cubic,32,Cs2LiLuCl6_225
Cs2NaAuF6_225,225,cubic,36,Cs2NaNdF6_225
Cs2NaBiBr6_225,225,cubic,43,CsTlBr3_8
Cs2NaBiCl6_225,225,cubic,34,Cs2NaHoCl6_225
Cs2NaCaCl6_225,225,cubic,29,Cs2InHgCl6_225
Cs2NaCaF6_225,225,cubic,36,Cs2NaNdF6_225
Cs2NaCeBr6_225,225,cubic,35,Cs2NaNdBr6_225
Cs2NaCeCl6_225,225,cubic,30,Cs2KSmCl6_225
Cs2NaCeF6_225,225,cubic,148,Rb3MoF6_225
Cs2NaCrCl6_225,225,cubic,25,Cs2BrCl6F_225
Cs2NaErCl6_225,225,cubic,34,Cs2NaHoCl6_225
Cs2NaErF6_225,225,cubic,36,Cs2NaNdF6_225
Cs2NaFeF6_225,225,cubic,7,Ba2TmMgNbO6_71
Cs2NaGaBr6_225,225,cubic,38,Cs3Sc2Br9_194
Cs2NaGaCl6_225,225,cubic,25,Cs2BrCl6F_225
Cs2NaGaF6_225,225,cubic,12,BaCaLaSbO6_216
Cs2NaGdCl6_225,225,cubic,34,Cs2NaHoCl6_225
Cs2NaHoCl6_225,225,cubic,34,Cs2NaHoCl6_225
Cs2NaInBr6_225,225,cubic,31,Cs2LiCeBr6_225
Cs2NaInCl6_225,225,cubic,34,Cs2NaHoCl6_225
Cs2NaInF6_225,225,cubic,12,BaCaLaSbO6_216
Cs2NaInH6_225,225,cubic,12,BaCaLaSbO6_216
Cs2NaInI6_225,225,cubic,146,Rb2NaYI6_225
Cs2NaIrF6_225,225,cubic,63,K2AgAuF6_225
Cs2NaLiF6_225,225,cubic,66,K2CrAgF6_225
Cs2NaMgF6_225,225,cubic,66,K2CrAgF6_225
Cs2NaMoBr6_225,225,cubic,38,Cs3Sc2Br9_194
Cs2NaNdBr6_225,225,cubic,35,Cs2NaNdBr6_225
Cs2NaNdF6_225,225,cubic,36,Cs2NaNdF6_225
Cs2NaNF6_225,225,cubic,66,K2CrAgF6_225
Cs2NaPrCl6_225,225,cubic,30,Cs2KSmCl6_225
Cs2NaPrI6_225,225,cubic,145,Rb2NaCeI6_225
Cs2NaRhF6_225,225,cubic,12,BaCaLaSbO6_216
Cs2NaSbCl6_225,225,cubic,29,Cs2InHgCl6_225
Cs2NaSbF6_225,225,cubic,36,Cs2NaNdF6_225
Cs2NaSbI6_225,225,cubic,146,Rb2NaYI6_225
Cs2NaScBr6_225,225,cubic,31,Cs2LiCeBr6_225
Cs2NaScCl6_225,225,cubic,25,Cs2BrCl6F_225
Cs2NaScF6_225,225,cubic,36,Cs2NaNdF6_225
Cs2NaSmF6_225,225,cubic,36,Cs2NaNdF6_225
Cs2NaSrF6_225,225,cubic,148,Rb3MoF6_225
Cs2NaTbF6_225,225,cubic,36,Cs2NaNdF6_225
Cs2NaTlCl6_225,225,cubic,34,Cs2NaHoCl6_225
Cs2NaTmCl6_225,225,cubic,34,Cs2NaHoCl6_225
Cs2NaUBr6_225,225,cubic,43,CsTlBr3_8
Cs2NaUCl6_225,225,cubic,75,K2NaCeCl6_225
Cs2NaYbCl6_225,225,cubic,32,Cs2LiLuCl6_225
Cs2NaYBr6_225,225,cubic,31,Cs2LiCeBr6_225
Cs2NdAgCl6_225,225,cubic,29,Cs2InHgCl6_225
Cs2NdAgI6_225,225,cubic,143,Rb2InGaI6_225
Cs2NdCuI6_225,225,cubic,143,Rb2InGaI6_225
Cs2O3_221,221,cubic,148,Rb3MoF6_225
Cs2PrAgCl6_225,225,cubic,29,Cs2InHgCl6_225
Cs2PrAgF6_225,225,cubic,41,CsEuF3_221
Cs2PrAuCl6_225,225,cubic,29,Cs2InHgCl6_225
Cs2PrCuCl6_225,225,cubic,26,Cs2DyCuCl6_225
Cs2RbAsBr6_225,225,cubic,143,Rb2InGaI6_225
Cs2RbAsI6_225,225,cubic,37,Cs2YTlI6_225
Cs2RbAuBr6_225,225,cubic,43,CsTlBr3_8
Cs2RbBiCl6_225,225,cubic,30,Cs2KSmCl6_225
Cs2RbCuF6_225,225,cubic,148,Rb3MoF6_225
Cs2RbGaBr6_225,225,cubic,35,Cs2NaNdBr6_225
Cs2RbGaCl6_225,225,cubic,29,Cs2InHgCl6_225
Cs2RbInCl6_225,225,cubic,30,Cs2KSmCl6_225
Cs2RbInF6_225,225,cubic,41,CsEuF3_221
Cs2RbInI6_225,225,cubic,37,Cs2YTlI6_225
Cs2RbNbF6_225,225,cubic,41,CsEuF3_221
Cs2RbNdCl6_225,225,cubic,30,Cs2KSmCl6_225
Cs2RbPbF6_225,225,cubic,28,Cs2InBiF6_225
Cs2RbPdF6_225,225,cubic,41,CsEuF3_221
Cs2RbRuF6_225,225,cubic,41,CsEuF3_221
Cs2RbSbBr6_225,225,cubic,143,Rb2InGaI6_225
Cs2RbSbF6_225,225,cubic,28,Cs2InBiF6_225
Cs2RbScBr6_225,225,cubic,143,Rb2InGaI6_225
Cs2RbScI6_225,225,cubic,37,Cs2YTlI6_225
Cs2RbTbCl6_225,225,cubic,30,Cs2KSmCl6_225
Cs2RbTlCl6_225,225,cubic,30,Cs2KSmCl6_225
Cs2RbTlF6_225,225,cubic,28,Cs2InBiF6_225
Cs2RbTmCl6_225,225,cubic,30,Cs2KSmCl6_225
Cs2RbYBr6_225,225,cubic,143,Rb2InGaI6_225
Cs2SbAuBr6_225,225,cubic,27,Cs2GaHgBr6_225
Cs2ScAgCl6_225,225,cubic,26,Cs2DyCuCl6_225
Cs2ScCuF6_225,225,cubic,13,BaCaO3_221
Cs2ScInI6_225,225,cubic,145,Rb2NaCeI6_225
Cs2ScTlI6_225,225,cubic,145,Rb2NaCeI6_225
Cs2SmAgCl6_225,225,cubic,29,Cs2InHgCl6_225
Cs2TaCuBr6_225,225,cubic,39,CsAgBr3_6
Cs2TaCuI6_225,225,cubic,35,Cs2NaNdBr6_225
Cs2TbAgCl6_225,225,cubic,29,Cs2InHgCl6_225
Cs2TlAgF6_225,225,cubic,41,CsEuF3_221
Cs2TlAgI6_225,225,cubic,143,Rb2InGaI6_225
Cs2TlAsF6_225,225,cubic,41,CsEuF3_221
Cs2TlAuF6_225,225,cubic,41,CsEuF3_221
Cs2TlAuI6_225,225,cubic,143,Rb2InGaI6_225
Cs2TlBiBr6_225,225,cubic,151,RbPbBr3_8
Cs2TlBiCl6_225,225,cubic,30,Cs2KSmCl6_225
Cs2TlBiI6_225,225,cubic,37,Cs2YTlI6_225
Cs2TlCuBr6_225,225,cubic,27,Cs2GaHgBr6_225
Cs2TlGaCl6_225,225,cubic,29,Cs2InHgCl6_225
Cs2TlHgBr6_225,225,cubic,43,CsTlBr3_8
Cs2TlHgCl6_225,225,cubic,29,Cs2InHgCl6_225
Cs2TlHgF6_225,225,cubic,41,CsEuF3_221
Cs2TlHgI6_225,225,cubic,152,RbTlI3_225
Cs2TlInCl6_225,225,cubic,40,CsEuCl3_221
Cs2TlInF6_225,225,cubic,41,CsEuF3_221
Cs2TlInI6_225,225,cubic,145,Rb2NaCeI6_225
Cs2TlPdF6_225,225,cubic,41,CsEuF3_221
Cs2TlRhF6_225,225,cubic,41,CsEuF3_221
Cs2TlSbF6_225,225,cubic,28,Cs2InBiF6_225
Cs2TlSbI6_225,225,cubic,37,Cs2YTlI6_225
Cs2TmAgCl6_225,225,cubic,29,Cs2InHgCl6_225
Cs2TmCuCl6_225,225,cubic,26,Cs2DyCuCl6_225
Cs2TmH4_139,139,tetragonal,33,Cs2LiMoI6_225
Cs2YAuCl6_225,225,cubic,29,Cs2InHgCl6_225
Cs2YbH4_139,139,tetragonal,33,Cs2LiMoI6_225
Cs2YCuBr6_225,225,cubic,38,Cs3Sc2Br9_194
Cs2YCuF6_225,225,cubic,5,Ba2CePaO6_225
Cs2YHgCl6_225,225,cubic,40,CsEuCl3_221
Cs2YInCl6_225,225,cubic,40,CsEuCl3_221
Cs2YInI6_225,225,cubic,37,Cs2YTlI6_225
Cs2YTlCl6_225,225,cubic,30,Cs2KSmCl6_225
Cs2YTlI6_225,225,cubic,37,Cs2YTlI6_225
Cs3AsCl6_225,225,cubic,40,CsEuCl3_221
Cs3AsF6_225,225,cubic,41,CsEuF3_221
Cs3Bi11Se18_62,62,orthorhombic,60,In9Pb4S17_55
Cs3BiF6_225,225,cubic,28,Cs2InBiF6_225
Cs3BrO_194,194,hexagonal,33,Cs2LiMoI6_225
Cs3Cr2Cl9_194,194,hexagonal,25,Cs2BrCl6F_225
Cs3Er2I9_194,194,hexagonal,143,Rb2InGaI6_225
Cs3InBr6_225,225,cubic,143,Rb2InGaI6_225
Cs3InCl6_225,225,cubic,30,Cs2KSmCl6_225
Cs3InF6_225,225,cubic,41,CsEuF3_221
Cs3IO_194,194,hexagonal,33,Cs2LiMoI6_225
Cs3PrF6_225,225,cubic,28,Cs2InBiF6_225
Cs3Sc2Br9_194,194,hexagonal,38,Cs3Sc2Br9_194
Cs3TbF6_225,225,cubic,28,Cs2InBiF6_225
Cs3TlCl6_225,225,cubic,30,Cs2KSmCl6_225
Cs3TlF6_225,225,cubic,28,Cs2InBiF6_225
Cs3Tm11Te18_12,12,monoclinic,60,In9Pb4S17_55
Cs8Na4Y3HoCl24_47,47,orthorhombic,29,Cs2InHgCl6_225
Cs8Na4YHo3Cl24_166,166,trigonal,34,Cs2NaHoCl6_225
CsAcO3_221,221,cubic,41,CsEuF3_221
CsAgBr3_1,1,triclinic,39,CsAgBr3_6
CsAgBr3_6,6,monoclinic,39,CsAgBr3_6
CsAgCl3_139,139,tetragonal,26,Cs2DyCuCl6_225
CsAgF3_140,140,tetragonal,6,Ba2ErPaO6_225
CsAsO3_221,221,cubic,53,EuMoO3_221
CsAuF3_221,221,cubic,5,Ba2CePaO6_225
CsAuO3_221,221,cubic,14,BaSrNdSbO6_216
CsBeF3_221,221,cubic,100,LaMgO3_221
CsBi4Se7_12,12,monoclinic,60,In9Pb4S17_55
CsCaCl3_1,1,triclinic,29,Cs2InHgCl6_225
CsCaCl3_140,140,tetragonal,29,Cs2InHgCl6_225
CsCaI3_62,62,orthorhombic,143,Rb2InGaI6_225
CsCaI3_8,8,monoclinic,146,Rb2NaYI6_225
CsCaO3_221,221,cubic,148,Rb3MoF6_225
CsCdCl3_221,221,cubic,26,Cs2DyCuCl6_225
CsCr5Se8_12,12,monoclinic,169,TlCr5Se8_12
CsDyBr3_127,127,tetragonal,27,Cs2GaHgBr6_225
CsDyI3_62,62,orthorhombic,151,RbPbBr3_8
CsEuBr3_62,62,orthorhombic,157,SmScS3_62
CsEuCl3_221,221,cubic,40,CsEuCl3_221
CsEuCl3_62,62,orthorhombic,40,CsEuCl3_221
CsEuF3_221,221,cubic,41,CsEuF3_221
CsFeBr3_194,194,hexagonal,150,RbCoBr3_185
CsFeF3_1,1,triclinic,7,Ba2TmMgNbO6_71
CsFeF3_221,221,cubic,14,BaSrNdSbO6_216
CsGeBr3_160,160,trigonal,31,Cs2LiCeBr6_225
CsGeBr3_221,221,cubic,38,Cs3Sc2Br9_194
CsGeCl3_160,160,trigonal,29,Cs2InHgCl6_225
CsGeO3_221,221,cubic,53,EuMoO3_221
CsHgBr2Cl_123,123,tetragonal,40,CsEuCl3_221
CsHgCl3_160,160,trigonal,29,Cs2InHgCl6_225
CsIn5S8_12,12,monoclinic,157,SmScS3_62
CsInF3_221,221,cubic,41,CsEuF3_221
CsInF3_225,225,cubic,41,CsEuF3_221
CsInI3_1,1,triclinic,143,Rb2InGaI6_225
CsKO3_221,221,cubic,68,K2InHgF6_225
CsLaO3_221,221,cubic,41,CsEuF3_221
CsMgF3_221,221,cubic,144,Rb2LiRhF6_225
CsMgH12(ClO2)3_1,1,triclinic,75,K2NaCeCl6_225
CsMgO3_221,221,cubic,144,Rb2LiRhF6_225
CsMnCl3_166,166,trigonal,25,Cs2BrCl6F_225
CsMnF3_194,194,hexagonal,7,Ba2TmMgNbO6_71
CsNa7Ta8O24_221,221,cubic,82,K5Na3Ta5Nb3O24_1
CsNiBr3_194,194,hexagonal,150,RbCoBr3_185
CsNpO3_221,221,cubic,6,Ba2ErPaO6_225
CsOsO3_221,221,cubic,53,EuMoO3_221
CsPaO3_221,221,cubic,6,Ba2ErPaO6_225
CsPbBr3_62,62,orthorhombic,157,SmScS3_62
CsPbCl3_155,155,trigonal,40,CsEuCl3_221
CsPbF3_161,161,trigonal,41,CsEuF3_221
CsPbF3_221,221,cubic,41,CsEuF3_221
CsPdBr3_1,1,triclinic,42,CsPdBr3_1
CsPdF3_221,221,cubic,6,Ba2ErPaO6_225
CsPuO3_127,127,tetragonal,6,Ba2ErPaO6_225
CsRb(MnCl3)2_194,194,hexagonal,25,Cs2BrCl6F_225
CsRb2AuF6_225,225,cubic,28,Cs2InBiF6_225
CsRb2MoF6_225,225,cubic,41,CsEuF3_221
CsRb2RhF6_225,225,cubic,41,CsEuF3_221
CsRb2TlF6_225,225,cubic,28,Cs2InBiF6_225
CsRbO3_221,221,cubic,5,Ba2CePaO6_225
CsRuO3_221,221,cubic,53,EuMoO3_221
CsSbO3_221,221,cubic,8,Ba2TmMoO6_225
CsScBr3_194,194,hexagonal,38,Cs3Sc2Br9_194
CsScBr3_6,6,monoclinic,38,Cs3Sc2Br9_194
CsScI3_194,194,hexagonal,33,Cs2LiMoI6_225
CsSmBr3_62,62,orthorhombic,157,SmScS3_62
CsSnBr3_62,62,orthorhombic,157,SmScS3_62
CsSnCl3_221,221,cubic,29,Cs2InHgCl6_225
CsSrBr3_62,62,orthorhombic,157,SmScS3_62
CsSrCl3_127,127,tetragonal,40,CsEuCl3_221
CsSrCl3_161,161,trigonal,40,CsEuCl3_221
CsSrCl3_221,221,cubic,40,CsEuCl3_221
CsSrCl3_62,62,orthorhombic,40,CsEuCl3_221
CsSrI3_8,8,monoclinic,37,Cs2YTlI6_225
CsTbO3_221,221,cubic,148,Rb3MoF6_225
CsTeO3_221,221,cubic,14,BaSrNdSbO6_216
CsThO3_221,221,cubic,5,Ba2CePaO6_225
CsTlBr3_225,225,cubic,43,CsTlBr3_8
CsTlBr3_8,8,monoclinic,43,CsTlBr3_8
CsTlCl3_1,1,triclinic,40,CsEuCl3_221
CsTlCl3_225,225,cubic,40,CsEuCl3_221
CsTlF3_160,160,trigonal,41,CsEuF3_221
CsTlF3_225,225,cubic,41,CsEuF3_221
CsTlI3_225,225,cubic,37,Cs2YTlI6_225
CsTlO3_221,221,cubic,5,Ba2CePaO6_225
CsTmBr3_127,127,tetragonal,27,Cs2GaHgBr6_225
CsTmH3_221,221,cubic,44,CsTmH3_221
CsTmI3_62,62,orthorhombic,151,RbPbBr3_8
CsV5S8_12,12,monoclinic,45,CsV5S8_12
CsV5Se8_2,2,triclinic,169,TlCr5Se8_12
CsYbBr3_221,221,cubic,27,Cs2GaHgBr6_225
CsYbCl3_221,221,cubic,26,Cs2DyCuCl6_225
CsYbF3_221,221,cubic,5,Ba2CePaO6_225
CsYbH3_221,221,cubic,44,CsTmH3_221
Cu2Bi8Pb3Se3S13_8,8,monoclinic,60,In9Pb4S17_55
Cu2Bi8Pb6S19_2,2,triclinic,60,In9Pb4S17_55
Cu3PdN_221,221,cubic,61,InNi3N_221
Cu3RhN_221,221,cubic,61,InNi3N_221
Cu3RuN_221,221,cubic,61,InNi3N_221
CuAgF3_2,2,triclinic,158,Sr2CrSbO6_12
CuHgO3_221,221,cubic,165,SrCa7Mn7CrO23_1
CuNF3_221,221,cubic,117,MnNF3_221
CuNi3N_221,221,cubic,175,ZnNi3N_221
CuPdO3_221,221,cubic,165,SrCa7Mn7CrO23_1
Dy2CoPtO6_14,14,monoclinic,97,La3Mn3O10_1
Dy2MgTiO6_14,14,monoclinic,173,VBiO3_14
Dy2MnNiO6_14,14,monoclinic,50,ErVO3_62
Dy2NiRuO6_14,14,monoclinic,171,TmRhO3_62
Dy3AlC_221,221,cubic,167,Tb3AlC_221
Dy3GaC_221,221,cubic,46,Dy3GaC_221
Dy3InC_221,221,cubic,58,Gd3SnC_221
Dy3PbC_221,221,cubic,58,Gd3SnC_221
Dy3TlC_221,221,cubic,78,K2TlAgBr6_225
DyAlO3_221,221,cubic,50,ErVO3_62
DyAlO3_62,62,orthorhombic,108,LuAlO3_221
DyBRh3_221,221,cubic,156,SmRh3C_221
DyCoO3_62,62,orthorhombic,171,TmRhO3_62
DyCrO3_62,62,orthorhombic,50,ErVO3_62
DyInO3_62,62,orthorhombic,96,La2NiMoO6_225
DyLuO3_62,62,orthorhombic,53,EuMoO3_221
DyMnO3_62,62,orthorhombic,50,ErVO3_62
DyNiO3_62,62,orthorhombic,171,TmRhO3_62
DyRhO3_221,221,cubic,96,La2NiMoO6_225
DyRhO3_62,62,orthorhombic,171,TmRhO3_62
DyRu3C_221,221,cubic,49,ErRu3C_221
DySbO3_221,221,cubic,8,Ba2TmMoO6_225
DySnO3_221,221,cubic,53,EuMoO3_221
DyTmO3_62,62,orthorhombic,53,EuMoO3_221
DyVO3_62,62,orthorhombic,50,ErVO3_62
Er2MgTiO6_14,14,monoclinic,173,VBiO3_14
Er2NiRuO6_14,14,monoclinic,171,TmRhO3_62
Er2PbS4_62,62,orthorhombic,60,In9Pb4S17_55
Er3AlC_221,221,cubic,46,Dy3GaC_221
Er3AlN_221,221,cubic,47,Er3AlN_221
Er3InC_221,221,cubic,65,K2CeCuBr6_225
Er3PbC_221,221,cubic,78,K2TlAgBr6_225
Er3TlC_221,221,cubic,78,K2TlAgBr6_225
ErAlO3_62,62,orthorhombic,108,LuAlO3_221
ErBeO3_221,221,cubic,15,BeAuO3_221
ErBPd3_221,221,cubic,51,EuBPd3_221
ErCoO3_62,62,orthorhombic,171,TmRhO3_62
ErCrO3_62,62,orthorhombic,50,ErVO3_62
ErFeO3_62,62,orthorhombic,59,GdMnO3_62
ErGaO3_62,62,orthorhombic,171,TmRhO3_62
ErInO3_62,62,orthorhombic,96,La2NiMoO6_225
ErIrO3_221,221,cubic,96,La2NiMoO6_225
ErLuO3_62,62,orthorhombic,53,EuMoO3_221
ErMn4(CuO4)3_204,204,cubic,48,ErMn4(CuO4)3_204
ErNiO3_14,14,monoclinic,171,TmRhO3_62
ErRhO3_62,62,orthorhombic,171,TmRhO3_62
ErRu3C_221,221,cubic,49,ErRu3C_221
ErScO3_62,62,orthorhombic,173,VBiO3_14
ErTaO3_221,221,cubic,96,La2NiMoO6_225
ErTiO3_62,62,orthorhombic,59,GdMnO3_62
ErTlO3_221,221,cubic,6,Ba2ErPaO6_225
ErVO3_62,62,orthorhombic,50,ErVO3_62
ErZnO3_221,221,cubic,165,SrCa7Mn7CrO23_1
Eu2CoPtO6_14,14,monoclinic,97,La3Mn3O10_1
Eu2CoRuO6_14,14,monoclinic,161,Sr3La7Mn7(FeO10)3_1
Eu2CoWO6_225,225,cubic,158,Sr2CrSbO6_12
Eu2CrInO6_225,225,cubic,96,La2NiMoO6_225
Eu2CrSnO6_225,225,cubic,96,La2NiMoO6_225
Eu2DyMnO6_225,225,cubic,53,EuMoO3_221
Eu2DyTaO6_225,225,cubic,8,Ba2TmMoO6_225
Eu2ErTaO6_225,225,cubic,8,Ba2TmMoO6_225
Eu2FeSnO6_225,225,cubic,96,La2NiMoO6_225
Eu2GdTaO6_225,225,cubic,8,Ba2TmMoO6_225
Eu2HfSnO6_225,225,cubic,53,EuMoO3_221
Eu2HfVO6_225,225,cubic,158,Sr2CrSbO6_12
Eu2HfZrO6_225,225,cubic,8,Ba2TmMoO6_225
Eu2HoTaO6_225,225,cubic,8,Ba2TmMoO6_225
Eu2LuTaO6_225,225,cubic,53,EuMoO3_221
Eu2MgIrO6_14,14,monoclinic,97,La3Mn3O10_1
Eu2MgPtO6_14,14,monoclinic,89,KLaHfFeO6_216
Eu2MgWO6_225,225,cubic,159,Sr2HfCrO6_12
Eu2MnRhO6_14,14,monoclinic,161,Sr3La7Mn7(FeO10)3_1
Eu2NbBiO6_225,225,cubic,14,BaSrNdSbO6_216
Eu2NbSnO6_225,225,cubic,53,EuMoO3_221
Eu2NbWO6_225,225,cubic,53,EuMoO3_221
Eu2NiBiO6_225,225,cubic,166,SrPrZnBiO6_216
Eu2NiPtO6_14,14,monoclinic,97,La3Mn3O10_1
Eu2NiRuO6_14,14,monoclinic,161,Sr3La7Mn7(FeO10)3_1
Eu2TaAlO6_225,225,cubic,161,Sr3La7Mn7(FeO10)3_1
Eu2TiInO6_225,225,cubic,158,Sr2CrSbO6_12
Eu2TmTaO6_225,225,cubic,8,Ba2TmMoO6_225
Eu2VSbO6_225,225,cubic,158,Sr2CrSbO6_12
Eu2YNbO6_225,225,cubic,8,Ba2TmMoO6_225
Eu2YTaO6_225,225,cubic,8,Ba2TmMoO6_225
Eu2ZnPtO6_14,14,monoclinic,158,Sr2CrSbO6_12
Eu2ZnWO6_225,225,cubic,158,Sr2CrSbO6_12
Eu2ZrFeO6_225,225,cubic,53,EuMoO3_221
Eu2ZrSnO6_225,225,cubic,53,EuMoO3_221
Eu2ZrWO6_225,225,cubic,53,EuMoO3_221
Eu3InO_221,221,cubic,58,Gd3SnC_221
Eu3WO6_225,225,cubic,14,BaSrNdSbO6_216
Eu5Nb4O15_8,8,monoclinic,8,Ba2TmMoO6_225
Eu5Ta4O15_164,164,trigonal,8,Ba2TmMoO6_225
EuAgO3_221,221,cubic,53,EuMoO3_221
EuAsO3_221,221,cubic,96,La2NiMoO6_225
EuAuO3_221,221,cubic,53,EuMoO3_221
EuBeO3_221,221,cubic,103,LiCeO3_221
EuBPd3_221,221,cubic,51,EuBPd3_221
EuCdO3_221,221,cubic,8,Ba2TmMoO6_225
EuCoO3_62,62,orthorhombic,54,EuNiO3_62
EuCrO3_62,62,orthorhombic,165,SrCa7Mn7CrO23_1
EuCrSnBiO6_216,216,cubic,158,Sr2CrSbO6_12
EuFeO3_221,221,cubic,99,LaFeO3_2
EuGaO3_62,62,orthorhombic,161,Sr3La7Mn7(FeO10)3_1
EuGeO3_221,221,cubic,165,SrCa7Mn7CrO23_1
EuH3Pd_221,221,cubic,52,EuH3Pd_221
EuHfO3_221,221,cubic,53,EuMoO3_221
EuHfS3_62,62,orthorhombic,60,In9Pb4S17_55
EuHgO3_221,221,cubic,8,Ba2TmMoO6_225
EuInO3_221,221,cubic,8,Ba2TmMoO6_225
EuInO3_62,62,orthorhombic,96,La2NiMoO6_225
EuMgBiSbO6_216,216,cubic,159,Sr2HfCrO6_12
EuMnO3_221,221,cubic,99,LaFeO3_2
EuMoO3_221,221,cubic,53,EuMoO3_221
EuNbO3_221,221,cubic,53,EuMoO3_221
EuNbO3_74,74,orthorhombic,53,EuMoO3_221
EuNiO3_221,221,cubic,54,EuNiO3_62
EuNiO3_62,62,orthorhombic,54,EuNiO3_62
EuNpO3_62,62,orthorhombic,14,BaSrNdSbO6_216
EuRh3C_221,221,cubic,156,SmRh3C_221
EuSiO3_221,221,cubic,50,ErVO3_62
EuSnO3_221,221,cubic,53,EuMoO3_221
EuTaNO2_123,123,tetragonal,53,EuMoO3_221
EuTcO3_221,221,cubic,96,La2NiMoO6_225
EuUO3_62,62,orthorhombic,14,BaSrNdSbO6_216
EuZnBiWO6_216,216,cubic,158,Sr2CrSbO6_12
EuZrCoBiO6_216,216,cubic,159,Sr2HfCrO6_12
EuZrCrBiO6_216,216,cubic,170,TlCuF3_123
EuZrO3_62,62,orthorhombic,96,La2NiMoO6_225
EuZrS3_62,62,orthorhombic,60,In9Pb4S17_55
Fe2Pb3WO9_164,164,trigonal,159,Sr2HfCrO6_12
Fe3CoN_221,221,cubic,175,ZnNi3N_221
Fe3NiN_221,221,cubic,175,ZnNi3N_221
Fe3PtN_221,221,cubic,24,Cr3IrN_123
Fe3RhN_221,221,cubic,61,InNi3N_221
Fe3SnC_221,221,cubic,139,Ni3SbN_123
FeAg3F6_225,225,cubic,14,BaSrNdSbO6_216
FeAgO3_221,221,cubic,99,LaFeO3_2
FeBiO3_221,221,cubic,161,Sr3La7Mn7(FeO10)3_1
FeBiO3_62,62,orthorhombic,173,VBiO3_14
FeNCl3_186,186,hexagonal,55,FeNCl3_186
FeNCl3_194,194,hexagonal,118,Mo2(NCl3)3_194
FePb2WO6_225,225,cubic,158,Sr2CrSbO6_12
FeRhO3_221,221,cubic,161,Sr3La7Mn7(FeO10)3_1
FeSnO3_221,221,cubic,158,Sr2CrSbO6_12
FeSnO3_62,62,orthorhombic,99,LaFeO3_2
GaBO3_221,221,cubic,56,GaBO3_221
GaFeO3_221,221,cubic,163,Sr6Ca2Fe5(CoO8)3_3
GaGeO3_221,221,cubic,174,ZnCuO3_221
GaNi3C_221,221,cubic,175,ZnNi3N_221
Gd2MgIrO6_14,14,monoclinic,97,La3Mn3O10_1
Gd2MgPtO6_14,14,monoclinic,97,La3Mn3O10_1
Gd2MnNiO6_14,14,monoclinic,59,GdMnO3_62
Gd2NiPtO6_14,14,monoclinic,97,La3Mn3O10_1
Gd2NiRuO6_14,14,monoclinic,161,Sr3La7Mn7(FeO10)3_1
Gd2VFeO6_14,14,monoclinic,59,GdMnO3_62
Gd2ZnPtO6_14,14,monoclinic,97,La3Mn3O10_1
Gd3GaC_221,221,cubic,58,Gd3SnC_221
Gd3InC_221,221,cubic,65,K2CeCuBr6_225
Gd3InN_221,221,cubic,58,Gd3SnC_221
Gd3PbC_221,221,cubic,57,Gd3PbC_221
Gd3SnC_221,221,cubic,58,Gd3SnC_221
Gd3TlC_221,221,cubic,58,Gd3SnC_221
GdAlO3_221,221,cubic,50,ErVO3_62
GdAlO3_62,62,orthorhombic,50,ErVO3_62
GdCdO3_221,221,cubic,53,EuMoO3_221
GdCrO3_221,221,cubic,99,LaFeO3_2
GdCrO3_62,62,orthorhombic,59,GdMnO3_62
GdFe2BiO6_26,26,orthorhombic,59,GdMnO3_62
GdInO3_62,62,orthorhombic,96,La2NiMoO6_225
GdLuO3_62,62,orthorhombic,53,EuMoO3_221
GdMnO3_62,62,orthorhombic,59,GdMnO3_62
GdRh3C_221,221,cubic,156,SmRh3C_221
GdScS3_62,62,orthorhombic,157,SmScS3_62
GdSiO3_221,221,cubic,50,ErVO3_62
GdThO3_221,221,cubic,148,Rb3MoF6_225
GdTmO3_62,62,orthorhombic,53,EuMoO3_221
GdVO3_2,2,triclinic,59,GdMnO3_62
Ge2O3_221,221,cubic,174,ZnCuO3_221
GeBiO3_221,221,cubic,161,Sr3La7Mn7(FeO10)3_1
GeBO3_221,221,cubic,17,BeCuO3_221
GePbO3_221,221,cubic,99,LaFeO3_2
GeTeO3_221,221,cubic,161,Sr3La7Mn7(FeO10)3_1
H5PbCBr3N2_25,25,orthorhombic,142,PbCI3N_99
H5PbCI3N2_25,25,orthorhombic,142,PbCI3N_99
H6PbCBr3N_62,62,orthorhombic,142,PbCI3N_99
H6PbCI3N_62,62,orthorhombic,142,PbCI3N_99
HfBRh3_221,221,cubic,49,ErRu3C_221
HfCdO3_221,221,cubic,53,EuMoO3_221
HfCdO3_62,62,orthorhombic,158,Sr2CrSbO6_12
HfCoO3_62,62,orthorhombic,173,VBiO3_14
HfCrAgS4_31,31,orthorhombic,157,SmScS3_62
HfFeO3_62,62,orthorhombic,173,VBiO3_14
HfHgO3_221,221,cubic,53,EuMoO3_221
HfMgO3_221,221,cubic,82,K5Na3Ta5Nb3O24_1
HfNiO3_14,14,monoclinic,50,ErVO3_62
HfPbO3_221,221,cubic,53,EuMoO3_221
HfThO3_221,221,cubic,53,EuMoO3_221
HfZnO3_221,221,cubic,133,NaSrEuSeO6_216
HgGeO3_221,221,cubic,165,SrCa7Mn7CrO23_1
HgIrO3_221,221,cubic,96,La2NiMoO6_225
Ho2CoPtO6_14,14,monoclinic,97,La3Mn3O10_1
Ho2MgTiO6_14,14,monoclinic,173,VBiO3_14
Ho2MnNiO6_14,14,monoclinic,50,ErVO3_62
Ho2NiRuO6_14,14,monoclinic,171,TmRhO3_62
Ho2PbS4_36,36,orthorhombic,60,In9Pb4S17_55
Ho2PbS4_62,62,orthorhombic,60,In9Pb4S17_55
Ho3InC_221,221,cubic,65,K2CeCuBr6_225
Ho3InN_221,221,cubic,107,Lu3InC_221
Ho3PbC_221,221,cubic,58,Gd3SnC_221
Ho3SnC_221,221,cubic,65,K2CeCuBr6_225
Ho3TlC_221,221,cubic,78,K2TlAgBr6_225
HoBeO3_221,221,cubic,15,BeAuO3_221
HoBiO3_62,62,orthorhombic,8,Ba2TmMoO6_225
HoBO3_221,221,cubic,3,BPtO3_221
HoBRh3_221,221,cubic,156,SmRh3C_221
HoCoO3_62,62,orthorhombic,171,TmRhO3_62
HoCrO3_62,62,orthorhombic,50,ErVO3_62
HoCuO3_221,221,cubic,54,EuNiO3_62
HoErO3_221,221,cubic,14,BaSrNdSbO6_216
HoFeO3_62,62,orthorhombic,59,GdMnO3_62
HoGaO3_62,62,orthorhombic,171,TmRhO3_62
HoLuO3_62,62,orthorhombic,53,EuMoO3_221
HoNiO3_62,62,orthorhombic,171,TmRhO3_62
HoRhO3_62,62,orthorhombic,171,TmRhO3_62
HoRu3C_221,221,cubic,49,ErRu3C_221
HoSbO3_221,221,cubic,8,Ba2TmMoO6_225
HoScO3_62,62,orthorhombic,173,VBiO3_14
HoScS3_33,33,orthorhombic,157,SmScS3_62
HoScS3_62,62,orthorhombic,157,SmScS3_62
HoSiO3_221,221,cubic,50,ErVO3_62
HoTi2ZnO6_31,31,orthorhombic,50,ErVO3_62
HPbI3_221,221,cubic,142,PbCI3N_99
IClO3_221,221,cubic,128,NaCaDyWO6_216
In10(Pb2S7)3_2,2,triclinic,60,In9Pb4S17_55
In10(Sn2S7)3_1,1,triclinic,60,In9Pb4S17_55
In3Bi7(Pb2S9)2_11,11,monoclinic,60,In9Pb4S17_55
In9Pb4S17_55,55,orthorhombic,60,In9Pb4S17_55
InAsO3_221,221,cubic,96,La2NiMoO6_225
InBiO3_33,33,orthorhombic,9,Ba3FeRu2O9_194
InBiO3_62,62,orthorhombic,9,Ba3FeRu2O9_194
InCo3N_221,221,cubic,61,InNi3N_221
InCoO3_62,62,orthorhombic,155,ScCoO3_14
InNi3N_221,221,cubic,61,InNi3N_221
InRhO3_62,62,orthorhombic,99,LaFeO3_2
InSbO3_221,221,cubic,53,EuMoO3_221
K(CrS2)2_12,12,monoclinic,62,K(CrS2)2_12
K(V5S8)2_13,13,monoclinic,80,K3Cr11S18_12
K2AgAsCl6_225,225,cubic,67,K2ErCuCl6_225
K2AgAuCl6_225,225,cubic,67,K2ErCuCl6_225
K2AgAuF6_225,225,cubic,63,K2AgAuF6_225
K2AgBiBr6_225,225,cubic,57,Gd3PbC_221
K2AgBiI6_225,225,cubic,151,RbPbBr3_8
K2AgF4_14,14,monoclinic,152,RbTlI3_225
K2AgF4_64,64,orthorhombic,152,RbTlI3_225
K2AgMoCl6_225,225,cubic,67,K2ErCuCl6_225
K2AgMoF6_225,225,cubic,63,K2AgAuF6_225
K2AgMoI6_225,225,cubic,64,K2AgMoI6_225
K2AgPdF6_225,225,cubic,63,K2AgAuF6_225
K2AgRhF6_225,225,cubic,63,K2AgAuF6_225
K2AgRuF6_225,225,cubic,63,K2AgAuF6_225
K2AgSbF6_225,225,cubic,68,K2InHgF6_225
K2AlAgCl6_225,225,cubic,67,K2ErCuCl6_225
K2AlHgBr6_225,225,cubic,65,K2CeCuBr6_225
K2AsAuI6_225,225,cubic,57,Gd3PbC_221
K2BiAuCl6_225,225,cubic,75,K2NaCeCl6_225
K2BiAuF6_225,225,cubic,68,K2InHgF6_225
K2CeAgCl6_225,225,cubic,75,K2NaCeCl6_225
K2CeCuBr6_225,225,cubic,65,K2CeCuBr6_225
K2CeCuCl6_225,225,cubic,71,K2LiNdCl6_225
K2CeCuI6_225,225,cubic,143,Rb2InGaI6_225
K2CrAgF6_225,225,cubic,66,K2CrAgF6_225
K2CuAuF6_225,225,cubic,121,Na2NiHgF6_225
K2CuBiI6_225,225,cubic,151,RbPbBr3_8
K2CuMoCl6_225,225,cubic,67,K2ErCuCl6_225
K2CuMoI6_225,225,cubic,31,Cs2LiCeBr6_225
K2CuSbI6_225,225,cubic,64,K2AgMoI6_225
K2DyAgCl6_225,225,cubic,71,K2LiNdCl6_225
K2DyCuCl6_225,225,cubic,67,K2ErCuCl6_225
K2ErCuCl6_225,225,cubic,67,K2ErCuCl6_225
K2EuAgCl6_225,225,cubic,75,K2NaCeCl6_225
K2EuCuCl6_225,225,cubic,67,K2ErCuCl6_225
K2GaAgI6_225,225,cubic,64,K2AgMoI6_225
K2GaHgBr6_225,225,cubic,78,K2TlAgBr6_225
K2HgAsBr6_225,225,cubic,78,K2TlAgBr6_225
K2HgAsI6_225,225,cubic,151,RbPbBr3_8
K2HgBiF6_225,225,cubic,79,K2YInF6_225
K2HgPdF6_225,225,cubic,63,K2AgAuF6_225
K2HgSbBr6_225,225,cubic,57,Gd3PbC_221
K2InAgBr6_225,225,cubic,65,K2CeCuBr6_225
K2InAgCl6_225,225,cubic,71,K2LiNdCl6_225
K2InAgF6_225,225,cubic,68,K2InHgF6_225
K2InAuBr6_225,225,cubic,78,K2TlAgBr6_225
K2InCuBr6_225,225,cubic,65,K2CeCuBr6_225
K2InGaBr6_225,225,cubic,65,K2CeCuBr6_225
K2InGaCl6_225,225,cubic,88,KGeCl3_8
K2InGaI6_225,225,cubic,143,Rb2InGaI6_225
K2InHgCl6_225,225,cubic,75,K2NaCeCl6_225
K2InHgF6_225,225,cubic,68,K2InHgF6_225
K2InSbF6_225,225,cubic,79,K2YInF6_225
K2LaCuCl6_225,225,cubic,71,K2LiNdCl6_225
K2LiAlH6_166,166,trigonal,42,CsPdBr3_1
K2LiAsF6_225,225,cubic,144,Rb2LiRhF6_225
K2LiBiCl6_225,225,cubic,71,K2LiNdCl6_225
K2LiBiF6_225,225,cubic,74,K2LiTlF6_225
K2LiBiI6_225,225,cubic,143,Rb2InGaI6_225
K2LiCeBr6_225,225,cubic,65,K2CeCuBr6_225
K2LiCeCl6_225,225,cubic,71,K2LiNdCl6_225
K2LiCoF6_225,225,cubic,69,K2LiCuF6_225
K2LiCrF6_225,225,cubic,69,K2LiCuF6_225
K2LiCuF6_225,225,cubic,69,K2LiCuF6_225
K2LiErCl6_225,225,cubic,70,K2LiLuCl6_225
K2LiEuCl6_225,225,cubic,71,K2LiNdCl6_225
K2LiGaF6_225,225,cubic,69,K2LiCuF6_225
K2LiGdCl6_225,225,cubic,71,K2LiNdCl6_225
K2LiInF6_225,225,cubic,74,K2LiTlF6_225
K2LiIrF6_225,225,cubic,119,Na2LiAuF6_225
K2LiLaCl6_225,225,cubic,71,K2LiNdCl6_225
K2LiLuCl6_225,225,cubic,70,K2LiLuCl6_225
K2LiMoCl6_225,225,cubic,76,K2NaGaCl6_225
K2LiNdBr6_225,225,cubic,65,K2CeCuBr6_225
K2LiNdCl6_225,225,cubic,71,K2LiNdCl6_225
K2LiNdF6_225,225,cubic,74,K2LiTlF6_225
K2LiPdF6_139,139,tetragonal,72,K2LiRuF6_225
K2LiPdF6_225,225,cubic,72,K2LiRuF6_225
K2LiPrCl6_225,225,cubic,71,K2LiNdCl6_225
K2LiRhF6_225,225,cubic,82,K5Na3Ta5Nb3O24_1
K2LiRuF6_225,225,cubic,72,K2LiRuF6_225
K2LiSbBr6_225,225,cubic,65,K2CeCuBr6_225
K2LiScF6_225,225,cubic,73,K2LiScF6_225
K2LiSmCl6_225,225,cubic,71,K2LiNdCl6_225
K2LiTaCl6_225,225,cubic,70,K2LiLuCl6_225
K2LiTaF6_71,71,orthorhombic,119,Na2LiAuF6_225
K2LiTbCl6_225,225,cubic,71,K2LiNdCl6_225
K2LiTlF6_225,225,cubic,74,K2LiTlF6_225
K2LiVF6_225,225,cubic,69,K2LiCuF6_225
K2LiYF6_225,225,cubic,63,K2AgAuF6_225
K2LiYI6_225,225,cubic,143,Rb2InGaI6_225
K2LuAuCl6_225,225,cubic,71,K2LiNdCl6_225
K2LuCuCl6_225,225,cubic,67,K2ErCuCl6_225
K2MnAgF6_225,225,cubic,66,K2CrAgF6_225
K2MnHgF6_225,225,cubic,63,K2AgAuF6_225
K2Na2Mo(WO4)3_25,25,orthorhombic,82,K5Na3Ta5Nb3O24_1
K2Na2Mo3WO12_123,123,tetragonal,82,K5Na3Ta5Nb3O24_1
K2NaAlF6_225,225,cubic,73,K2LiScF6_225
K2NaAlH6_225,225,cubic,90,KMgH3_221
K2NaAsBr6_225,225,cubic,65,K2CeCuBr6_225
K2NaAsCl6_225,225,cubic,76,K2NaGaCl6_225
K2NaAsF6_225,225,cubic,66,K2CrAgF6_225
K2NaBiBr6_225,225,cubic,57,Gd3PbC_221
K2NaCeCl6_225,225,cubic,75,K2NaCeCl6_225
K2NaCrCl6_225,225,cubic,76,K2NaGaCl6_225
K2NaCrF6_225,225,cubic,86,KCrF3_140
K2NaCuF6_225,225,cubic,144,Rb2LiRhF6_225
K2NaDyCl6_225,225,cubic,71,K2LiNdCl6_225
K2NaEuCl6_225,225,cubic,75,K2NaCeCl6_225
K2NaGaCl6_225,225,cubic,76,K2NaGaCl6_225
K2NaGaF6_225,225,cubic,144,Rb2LiRhF6_225
K2NaInBr6_225,225,cubic,65,K2CeCuBr6_225
K2NaInCl6_225,225,cubic,71,K2LiNdCl6_225
K2NaInF6_225,225,cubic,63,K2AgAuF6_225
K2NaInI6_225,225,cubic,143,Rb2InGaI6_225
K2NaIrF6_225,225,cubic,74,K2LiTlF6_225
K2NaLaCl6_225,225,cubic,75,K2NaCeCl6_225
K2NaMnF6_139,139,tetragonal,86,KCrF3_140
K2NaMnF6_225,225,cubic,86,KCrF3_140
K2NaMoF6_225,225,cubic,63,K2AgAuF6_225
K2NaNb(OF2)2_4,4,monoclinic,63,K2AgAuF6_225
K2NaNbF6_225,225,cubic,63,K2AgAuF6_225
K2NaNdCl6_225,225,cubic,75,K2NaCeCl6_225
K2NaNdF6_225,225,cubic,81,K3YbF6_225
K2NaPdF6_225,225,cubic,63,K2AgAuF6_225
K2NaSbBr6_225,225,cubic,64,K2AgMoI6_225
K2NaSbF6_225,225,cubic,63,K2AgAuF6_225
K2NaSmCl6_225,225,cubic,75,K2NaCeCl6_225
K2NaTaBr6_225,225,cubic,78,K2TlAgBr6_225
K2NaTaCl6_225,225,cubic,70,K2LiLuCl6_225
K2NaTiF6_225,225,cubic,86,KCrF3_140
K2NaTlBr6_225,225,cubic,57,Gd3PbC_221
K2NaTmCl6_225,225,cubic,71,K2LiNdCl6_225
K2NaVF6_225,225,cubic,86,KCrF3_140
K2NaYF6_225,225,cubic,63,K2AgAuF6_225
K2NbAgF6_225,225,cubic,68,K2InHgF6_225
K2NdAgBr6_225,225,cubic,57,Gd3PbC_221
K2NdAgF6_225,225,cubic,68,K2InHgF6_225
K2NiHgF6_225,225,cubic,63,K2AgAuF6_225
K2PrAgBr6_225,225,cubic,57,Gd3PbC_221
K2PrAgCl6_225,225,cubic,75,K2NaCeCl6_225
K2PrCuBr6_225,225,cubic,65,K2CeCuBr6_225
K2PrCuCl6_225,225,cubic,71,K2LiNdCl6_225
K2PrCuF6_225,225,cubic,68,K2InHgF6_225
K2RbAsF6_225,225,cubic,147,Rb2YHgF6_225
K2RbInF6_225,225,cubic,68,K2InHgF6_225
K2RbPdF6_225,225,cubic,68,K2InHgF6_225
K2RbRuF6_225,225,cubic,68,K2InHgF6_225
K2RbTiF6_139,139,tetragonal,77,K2RbTiF6_139
K2RbTlF6_225,225,cubic,75,K2NaCeCl6_225
K2SbAuBr6_225,225,cubic,78,K2TlAgBr6_225
K2SbAuF6_225,225,cubic,68,K2InHgF6_225
K2ScAgBr6_225,225,cubic,65,K2CeCuBr6_225
K2ScHgBr6_225,225,cubic,57,Gd3PbC_221
K2SmAgCl6_225,225,cubic,75,K2NaCeCl6_225
K2TaAgBr6_225,225,cubic,78,K2TlAgBr6_225
K2TaAgI6_225,225,cubic,57,Gd3PbC_221
K2TaCuBr6_225,225,cubic,88,KGeCl3_8
K2TaCuI6_225,225,cubic,64,K2AgMoI6_225
K2TaNbO6_225,225,cubic,133,NaSrEuSeO6_216
K2TbCuCl6_225,225,cubic,67,K2ErCuCl6_225
K2TlAgBr6_225,225,cubic,78,K2TlAgBr6_225
K2TlAgCl6_225,225,cubic,71,K2LiNdCl6_225
K2TlAsCl6_225,225,cubic,75,K2NaCeCl6_225
K2TlAuCl6_225,225,cubic,71,K2LiNdCl6_225
K2TlAuI6_225,225,cubic,151,RbPbBr3_8
K2TlCuBr6_225,225,cubic,78,K2TlAgBr6_225
K2TlCuCl6_225,225,cubic,67,K2ErCuCl6_225
K2TlHgBr6_225,225,cubic,57,Gd3PbC_221
K2TlInF6_225,225,cubic,68,K2InHgF6_225
K2TlMoF6_225,225,cubic,68,K2InHgF6_225
K2TlRhF6_225,225,cubic,68,K2InHgF6_225
K2TmAgCl6_225,225,cubic,71,K2LiNdCl6_225
K2YAgBr6_225,225,cubic,65,K2CeCuBr6_225
K2YAgCl6_225,225,cubic,71,K2LiNdCl6_225
K2YInF6_225,225,cubic,79,K2YInF6_225
K3AsCl6_225,225,cubic,64,K2AgMoI6_225
K3AsF6_225,225,cubic,77,K2RbTiF6_139
K3AuF6_225,225,cubic,81,K3YbF6_225
K3AuO_221,221,cubic,25,Cs2BrCl6F_225
K3Ba2Pr2(BiO5)3_166,166,trigonal,12,BaCaLaSbO6_216
K3Ba7Ti10(O9F)3_99,99,tetragonal,158,Sr2CrSbO6_12
K3BiF6_225,225,cubic,75,K2NaCeCl6_225
K3BrO_221,221,cubic,162,Sr3SnO_221
K3ClO_6,6,monoclinic,162,Sr3SnO_221
K3CO_221,221,cubic,46,Dy3GaC_221
K3CoF6_225,225,cubic,66,K2CrAgF6_225
K3Cr11S18_12,12,monoclinic,80,K3Cr11S18_12
K3Cr11S18_8,8,monoclinic,80,K3Cr11S18_12
K3CrF6_225,225,cubic,66,K2CrAgF6_225
K3ErF6_225,225,cubic,81,K3YbF6_225
K3GaF6_225,225,cubic,66,K2CrAgF6_225
K3InF6_225,225,cubic,68,K2InHgF6_225
K3LiNb6O15_7,7,monoclinic,27,Cs2GaHgBr6_225
K3LuCl6_225,225,cubic,75,K2NaCeCl6_225
K3MgCu2F9_123,123,tetragonal,87,KCuF3_127
K3Mn4O8_1,1,triclinic,138,NbMoS3_11
K3MoBr6_225,225,cubic,64,K2AgMoI6_225
K3NbF6_225,225,cubic,68,K2InHgF6_225
K3NdF6_225,225,cubic,75,K2NaCeCl6_225
K3RuF6_139,139,tetragonal,63,K2AgAuF6_225
K3ScBr6_225,225,cubic,31,Cs2LiCeBr6_225
K3ScCl6_225,225,cubic,64,K2AgMoI6_225
K3SI_185,185,hexagonal,32,Cs2LiLuCl6_225
K3SmF6_225,225,cubic,75,K2NaCeCl6_225
K3TaF6_225,225,cubic,81,K3YbF6_225
K3TiF6_225,225,cubic,77,K2RbTiF6_139
K3TmF6_225,225,cubic,81,K3YbF6_225
K3VF6_225,225,cubic,13,BaCaO3_221
K3WF6_225,225,cubic,81,K3YbF6_225
K3YbF6_225,225,cubic,81,K3YbF6_225
K4BaU3O12_166,166,trigonal,152,RbTlI3_225
K4Ca(WO4)3_229,229,cubic,128,NaCaDyWO6_216
K4MgCu3F12_229,229,cubic,87,KCuF3_127
K4MgCu3F12_65,65,orthorhombic,87,KCuF3_127
K4Na4Mo3W5O24_25,25,orthorhombic,82,K5Na3Ta5Nb3O24_1
K4Na4MoW7O24_99,99,tetragonal,82,K5Na3Ta5Nb3O24_1
K5Na3Nb4(WO6)4_8,8,monoclinic,82,K5Na3Ta5Nb3O24_1
K5Na3Nb5(WO8)3_1,1,triclinic,82,K5Na3Ta5Nb3O24_1
K5Na3Ta5Nb3O24_1,1,triclinic,82,K5Na3Ta5Nb3O24_1
K5Na3Ta6Nb2O24_6,6,monoclinic,82,K5Na3Ta5Nb3O24_1
K5Na3Ta8O24_123,123,tetragonal,123,Na3SrTa4O12_6
K7(Bi3O8)3_12,12,monoclinic,134,NaSrNdWO6_216
KAcO3_221,221,cubic,68,K2InHgF6_225
KAgBr3_8,8,monoclinic,88,KGeCl3_8
KAgF3_221,221,cubic,134,NaSrNdWO6_216
KAgF3_62,62,orthorhombic,134,NaSrNdWO6_216
KAgO3_221,221,cubic,134,NaSrNdWO6_216
KAlH3_221,221,cubic,90,KMgH3_221
KAlO3_221,221,cubic,83,KAlO3_221
KAuF3_221,221,cubic,63,K2AgAuF6_225
KAuI3_14,14,monoclinic,75,K2NaCeCl6_225
KBa2IO6_225,225,cubic,12,BaCaLaSbO6_216
KBaBiWO6_216,216,cubic,11,BaCaDyNbO6_216
KBaCeBiO6_66,66,orthorhombic,12,BaCaLaSbO6_216
KBaCeMnO6_216,216,cubic,130,NaPrYSbO6_216
KBaCeWO6_216,216,cubic,11,BaCaDyNbO6_216
KBaEuWO6_216,216,cubic,11,BaCaDyNbO6_216
KBaGdWO6_216,216,cubic,11,BaCaDyNbO6_216
KBaLaSeO6_66,66,orthorhombic,11,BaCaDyNbO6_216
KBaLiZnF6_160,160,trigonal,144,Rb2LiRhF6_225
KBaLiZnF6_216,216,cubic,144,Rb2LiRhF6_225
KBaSmMnO6_66,66,orthorhombic,11,BaCaDyNbO6_216
KBaTbBiO6_216,216,cubic,12,BaCaLaSbO6_216
KBeO3_221,221,cubic,112,MgNi3C_221
KCaBr3_62,62,orthorhombic,60,In9Pb4S17_55
KCaBr3_8,8,monoclinic,31,Cs2LiCeBr6_225
KCaCeBiO6_216,216,cubic,134,NaSrNdWO6_216
KCaCeNbO6_48,48,orthorhombic,134,NaSrNdWO6_216
KCaCeSbO6_216,216,cubic,134,NaSrNdWO6_216
KCaCl3_221,221,cubic,39,CsAgBr3_6
KCaCl3_62,62,orthorhombic,60,In9Pb4S17_55
KCaEuSeO6_216,216,cubic,89,KLaHfFeO6_216
KCaF3_11,11,monoclinic,93,KRb2AlF6_225
KCaF3_221,221,cubic,84,KCaF3_221
KCaF3_62,62,orthorhombic,93,KRb2AlF6_225
KCaGdFeO6_216,216,cubic,133,NaSrEuSeO6_216
KCaGdSeO6_216,216,cubic,133,NaSrEuSeO6_216
KCaH3_62,62,orthorhombic,44,CsTmH3_221
KCaHfBiO6_216,216,cubic,134,NaSrNdWO6_216
KCaHfSbO6_216,216,cubic,133,NaSrEuSeO6_216
KCaLaFeO6_216,216,cubic,89,KLaHfFeO6_216
KCaLaWO6_216,216,cubic,134,NaSrNdWO6_216
KCaNbBiO6_216,216,cubic,128,NaCaDyWO6_216
KCaNbWO6_216,216,cubic,133,NaSrEuSeO6_216
KCaNdWO6_48,48,orthorhombic,134,NaSrNdWO6_216
KCaO3_221,221,cubic,94,KRb2TiF6_225
KCaPrWO6_216,216,cubic,134,NaSrNdWO6_216
KCaSmSeO6_216,216,cubic,133,NaSrEuSeO6_216
KCaTbBiO6_48,48,orthorhombic,134,NaSrNdWO6_216
KCaTbNbO6_216,216,cubic,134,NaSrNdWO6_216
KCaTbNbO6_48,48,orthorhombic,134,NaSrNdWO6_216
KCaTbWO6_216,216,cubic,134,NaSrNdWO6_216
KCaTiBiO6_216,216,cubic,82,K5Na3Ta5Nb3O24_1
KCaYSeO6_216,216,cubic,89,KLaHfFeO6_216
KCaZrBiO6_216,216,cubic,128,NaCaDyWO6_216
KCaZrSbO6_216,216,cubic,133,NaSrEuSeO6_216
KCdF3_221,221,cubic,63,K2AgAuF6_225
KCdN3_221,221,cubic,68,K2InHgF6_225
KCeEuWO6_216,216,cubic,11,BaCaDyNbO6_216
KCeHfZrO6_216,216,cubic,130,NaPrYSbO6_216
KCeMnWO6_216,216,cubic,133,NaSrEuSeO6_216
KCeNdMnO6_216,216,cubic,130,NaPrYSbO6_216
KCeTi2O6_225,225,cubic,97,La3Mn3O10_1
KCeZr2O6_225,225,cubic,166,SrPrZnBiO6_216
KCoCl3_161,161,trigonal,85,KCrCl3_161
KCrCl3_161,161,trigonal,85,KCrCl3_161
KCrF3_12,12,monoclinic,86,KCrF3_140
KCrF3_123,123,tetragonal,86,KCrF3_140
KCrF3_140,140,tetragonal,86,KCrF3_140
KCrF3_72,72,orthorhombic,86,KCrF3_140
KCrF3_87,87,tetragonal,86,KCrF3_140
KCrO3_221,221,cubic,163,Sr6Ca2Fe5(CoO8)3_3
KCuF3_123,123,tetragonal,87,KCuF3_127
KCuF3_127,127,tetragonal,87,KCuF3_127
KCuF3_140,140,tetragonal,87,KCuF3_127
KDyBr3_62,62,orthorhombic,151,RbPbBr3_8
KDyO3_221,221,cubic,63,K2AgAuF6_225
KErO3_221,221,cubic,63,K2AgAuF6_225
KEu(SnO3)2_31,31,orthorhombic,166,SrPrZnBiO6_216
KEu(WO3)2_31,31,orthorhombic,166,SrPrZnBiO6_216
KEuDyBiO6_216,216,cubic,12,BaCaLaSbO6_216
KEuDySeO6_216,216,cubic,166,SrPrZnBiO6_216
KEuFeSnO6_216,216,cubic,159,Sr2HfCrO6_12
KEuHfTiO6_216,216,cubic,89,KLaHfFeO6_216
KEuHfZrO6_216,216,cubic,130,NaPrYSbO6_216
KEuMnBiO6_216,216,cubic,133,NaSrEuSeO6_216
KEuNb2O6_31,31,orthorhombic,166,SrPrZnBiO6_216
KEuNbBiO6_216,216,cubic,11,BaCaDyNbO6_216
KEuSnBiO6_216,216,cubic,11,BaCaDyNbO6_216
KEuYSbO6_216,216,cubic,11,BaCaDyNbO6_216
KEuYWO6_216,216,cubic,130,NaPrYSbO6_216
KEuZrGeO6_216,216,cubic,159,Sr2HfCrO6_12
KFeBiWO6_216,216,cubic,89,KLaHfFeO6_216
KGdO3_221,221,cubic,63,K2AgAuF6_225
KGeCl3_8,8,monoclinic,88,KGeCl3_8
KHfInWO6_216,216,cubic,133,NaSrEuSeO6_216
KHfMnSbO6_216,216,cubic,133,NaSrEuSeO6_216
KHfO3_221,221,cubic,134,NaSrNdWO6_216
KHfSnBiO6_216,216,cubic,166,SrPrZnBiO6_216
KHfZrBiO6_216,216,cubic,130,NaPrYSbO6_216
KHoO3_221,221,cubic,63,K2AgAuF6_225
KInBr3_225,225,cubic,57,Gd3PbC_221
KInO3_221,221,cubic,134,NaSrNdWO6_216
KIO3_221,221,cubic,134,NaSrNdWO6_216
KLaAlBiO6_216,216,cubic,89,KLaHfFeO6_216
KLaCeGeO6_216,216,cubic,166,SrPrZnBiO6_216
KLaCeSnO6_216,216,cubic,11,BaCaDyNbO6_216
KLaCoWO6_216,216,cubic,89,KLaHfFeO6_216
KLaDyFeO6_216,216,cubic,89,KLaHfFeO6_216
KLaEuSbO6_216,216,cubic,11,BaCaDyNbO6_216
KLaGdSbO6_216,216,cubic,11,BaCaDyNbO6_216
KLaHfFeO6_216,216,cubic,89,KLaHfFeO6_216
KLaHfNbO6_216,216,cubic,166,SrPrZnBiO6_216
KLaHfSnO6_216,216,cubic,166,SrPrZnBiO6_216
KLaHfTiO6_216,216,cubic,89,KLaHfFeO6_216
KLaInBiO6_216,216,cubic,11,BaCaDyNbO6_216
KLaMnWO6_216,216,cubic,133,NaSrEuSeO6_216
KLaMnWO6_4,4,monoclinic,132,NaSr2OsO6_225
KLaNb2O6_225,225,cubic,166,SrPrZnBiO6_216
KLaNbCrO6_216,216,cubic,159,Sr2HfCrO6_12
KLaPrSbO6_216,216,cubic,12,BaCaLaSbO6_216
KLaSmSbO6_216,216,cubic,11,BaCaDyNbO6_216
KLaTbNiO6_216,216,cubic,89,KLaHfFeO6_216
KLaYBiO6_216,216,cubic,11,BaCaDyNbO6_216
KLaYBiO6_48,48,orthorhombic,11,BaCaDyNbO6_216
KLaYNbO6_216,216,cubic,11,BaCaDyNbO6_216
KLaZnWO6_216,216,cubic,89,KLaHfFeO6_216
KLaZrCrO6_216,216,cubic,159,Sr2HfCrO6_12
KLaZrFeO6_216,216,cubic,159,Sr2HfCrO6_12
KLaZrSnO6_216,216,cubic,166,SrPrZnBiO6_216
KLaZrTiO6_216,216,cubic,166,SrPrZnBiO6_216
KLiO3_221,221,cubic,115,Mn3PtN_221
KLuO3_221,221,cubic,121,Na2NiHgF6_225
KMgCl3_62,62,orthorhombic,167,Tb3AlC_221
KMgF3_221,221,cubic,92,KNa3Mg4F12_6
KMgH3_221,221,cubic,90,KMgH3_221
KMn2O4_1,1,triclinic,91,KMn2O4_1
KMn2O4_2,2,triclinic,91,KMn2O4_1
KMnF3_127,127,tetragonal,86,KCrF3_140
KMnF3_221,221,cubic,86,KCrF3_140
KMnO3_221,221,cubic,161,Sr3La7Mn7(FeO10)3_1
KMoO3_221,221,cubic,89,KLaHfFeO6_216
KNa(WO3)2_123,123,tetragonal,82,K5Na3Ta5Nb3O24_1
KNa2CoF6_225,225,cubic,121,Na2NiHgF6_225
KNa3Mg4F12_6,6,monoclinic,92,KNa3Mg4F12_6
KNa3V2(MoO6)2_35,35,orthorhombic,123,Na3SrTa4O12_6
KNa7V6Cr2O24_38,38,orthorhombic,111,MgFeO3_221
KNa7V7CrO24_160,160,trigonal,111,MgFeO3_221
KNaMoWO6_99,99,tetragonal,82,K5Na3Ta5Nb3O24_1
KNaO3_221,221,cubic,84,KCaF3_221
KNbO3_38,38,orthorhombic,89,KLaHfFeO6_216
KNd(SnO3)2_225,225,cubic,166,SrPrZnBiO6_216
KNdDySbO6_216,216,cubic,166,SrPrZnBiO6_216
KNdHfSnO6_216,216,cubic,166,SrPrZnBiO6_216
KNdNb2O6_225,225,cubic,166,SrPrZnBiO6_216
KNdYSbO6_216,216,cubic,166,SrPrZnBiO6_216
KNdZrGeO6_216,216,cubic,159,Sr2HfCrO6_12
KNdZrNbO6_216,216,cubic,166,SrPrZnBiO6_216
KNdZrSnO6_216,216,cubic,166,SrPrZnBiO6_216
KNiBiWO6_216,216,cubic,89,KLaHfFeO6_216
KNpO3_123,123,tetragonal,134,NaSrNdWO6_216
KPaO3_221,221,cubic,121,Na2NiHgF6_225
KPrAlBiO6_216,216,cubic,89,KLaHfFeO6_216
KPrDyGeO6_216,216,cubic,130,NaPrYSbO6_216
KPrHf2O6_225,225,cubic,166,SrPrZnBiO6_216
KPrHfZrO6_216,216,cubic,130,NaPrYSbO6_216
KPrMgWO6_216,216,cubic,89,KLaHfFeO6_216
KPrMnBiO6_216,216,cubic,133,NaSrEuSeO6_216
KPrMnWO6_216,216,cubic,133,NaSrEuSeO6_216
KPrNbInO6_216,216,cubic,166,SrPrZnBiO6_216
KPrNiWO6_216,216,cubic,89,KLaHfFeO6_216
KPrVWO6_216,216,cubic,89,KLaHfFeO6_216
KPrYNbO6_216,216,cubic,11,BaCaDyNbO6_216
KPrZrNbO6_216,216,cubic,166,SrPrZnBiO6_216
KPtO3_221,221,cubic,123,Na3SrTa4O12_6
KRb2AlBr6_225,225,cubic,31,Cs2LiCeBr6_225
KRb2AlCl6_225,225,cubic,25,Cs2BrCl6F_225
KRb2AlF6_225,225,cubic,93,KRb2AlF6_225
KRb2AsBr6_225,225,cubic,35,Cs2NaNdBr6_225
KRb2AsCl6_225,225,cubic,29,Cs2InHgCl6_225
KRb2AsI6_225,225,cubic,145,Rb2NaCeI6_225
KRb2AuCl6_225,225,cubic,75,K2NaCeCl6_225
KRb2AuF6_225,225,cubic,68,K2InHgF6_225
KRb2BiF6_225,225,cubic,147,Rb2YHgF6_225
KRb2CuF6_225,225,cubic,13,BaCaO3_221
KRb2ErCl6_225,225,cubic,75,K2NaCeCl6_225
KRb2FeF6_225,225,cubic,94,KRb2TiF6_225
KRb2GaF6_225,225,cubic,93,KRb2AlF6_225
KRb2GaI6_225,225,cubic,146,Rb2NaYI6_225
KRb2GdCl6_225,225,cubic,30,Cs2KSmCl6_225
KRb2InF6_14,14,monoclinic,36,Cs2NaNdF6_225
KRb2InF6_225,225,cubic,36,Cs2NaNdF6_225
KRb2InF6_87,87,tetragonal,36,Cs2NaNdF6_225
KRb2LuCl6_225,225,cubic,75,K2NaCeCl6_225
KRb2MnF6_139,139,tetragonal,94,KRb2TiF6_225
KRb2MnF6_225,225,cubic,94,KRb2TiF6_225
KRb2PdF6_225,225,cubic,36,Cs2NaNdF6_225
KRb2RhF6_225,225,cubic,36,Cs2NaNdF6_225
KRb2RuF6_225,225,cubic,36,Cs2NaNdF6_225
KRb2ScF6_14,14,monoclinic,13,BaCaO3_221
KRb2ScF6_225,225,cubic,94,KRb2TiF6_225
KRb2SmCl6_225,225,cubic,30,Cs2KSmCl6_225
KRb2TiF6_225,225,cubic,94,KRb2TiF6_225
KRb2TlBr6_225,225,cubic,43,CsTlBr3_8
KRb2TlF6_225,225,cubic,68,K2InHgF6_225
KRb2TmCl6_225,225,cubic,75,K2NaCeCl6_225
KRb2YF6_14,14,monoclinic,148,Rb3MoF6_225
KReO3_221,221,cubic,123,Na3SrTa4O12_6
KRuO3_221,221,cubic,173,VBiO3_14
KScTl2F6_225,225,cubic,36,Cs2NaNdF6_225
KSiO3_221,221,cubic,21,CaSiO3_139
KSmEuSbO6_48,48,orthorhombic,11,BaCaDyNbO6_216
KSmHf2O6_225,225,cubic,166,SrPrZnBiO6_216
KSrCeBiO6_216,216,cubic,12,BaCaLaSbO6_216
KSrCeBiO6_48,48,orthorhombic,134,NaSrNdWO6_216
KSrCeNbO6_216,216,cubic,11,BaCaDyNbO6_216
KSrCeSbO6_216,216,cubic,11,BaCaDyNbO6_216
KSrCeWO6_216,216,cubic,11,BaCaDyNbO6_216
KSrCeWO6_48,48,orthorhombic,11,BaCaDyNbO6_216
KSrDyWO6_216,216,cubic,11,BaCaDyNbO6_216
KSrEuWO6_48,48,orthorhombic,11,BaCaDyNbO6_216
KSrGdMnO6_216,216,cubic,130,NaPrYSbO6_216
KSrGdWO6_216,216,cubic,11,BaCaDyNbO6_216
KSrGdWO6_48,48,orthorhombic,11,BaCaDyNbO6_216
KSrHfBiO6_216,216,cubic,134,NaSrNdWO6_216
KSrLaWO6_48,48,orthorhombic,11,BaCaDyNbO6_216
KSrMnBiO6_216,216,cubic,132,NaSr2OsO6_225
KSrMnSnO6_216,216,cubic,159,Sr2HfCrO6_12
KSrNdFeO6_216,216,cubic,130,NaPrYSbO6_216
KSrNdWO6_216,216,cubic,11,BaCaDyNbO6_216
KSrO3_221,221,cubic,147,Rb2YHgF6_225
KSrPrBiO6_216,216,cubic,12,BaCaLaSbO6_216
KSrPrFeO6_216,216,cubic,130,NaPrYSbO6_216
KSrPrMnO6_216,216,cubic,11,BaCaDyNbO6_216
KSrPrWO6_216,216,cubic,134,NaSrNdWO6_216
KSrSbWO6_216,216,cubic,11,BaCaDyNbO6_216
KSrSmMnO6_216,216,cubic,130,NaPrYSbO6_216
KSrSmWO6_216,216,cubic,11,BaCaDyNbO6_216
KSrSnBiO6_216,216,cubic,134,NaSrNdWO6_216
KSrTbBiO6_216,216,cubic,12,BaCaLaSbO6_216
KSrYWO6_216,216,cubic,134,NaSrNdWO6_216
KTaO3_221,221,cubic,123,Na3SrTa4O12_6
KTaTe3_14,14,monoclinic,142,PbCI3N_99
KTbEuNbO6_131,131,tetragonal,11,BaCaDyNbO6_216
KTbEuWO6_216,216,cubic,11,BaCaDyNbO6_216
KTbO3_221,221,cubic,68,K2InHgF6_225
KTcO3_221,221,cubic,173,VBiO3_14
KTi2BiO6_225,225,cubic,125,Na7La7Th2Ti18O54_42
KTiCl3_1,1,triclinic,95,KTiCl3_1
KTl2CrF6_225,225,cubic,13,BaCaO3_221
KTl2GaF6_225,225,cubic,13,BaCaO3_221
KTl2MoF6_225,225,cubic,36,Cs2NaNdF6_225
KTlI3_221,221,cubic,142,PbCI3N_99
KTmBr3_62,62,orthorhombic,151,RbPbBr3_8
KUO3_221,221,cubic,134,NaSrNdWO6_216
KV5Se8_12,12,monoclinic,169,TlCr5Se8_12
KVCl3_194,194,hexagonal,95,KTiCl3_1
KVF3_221,221,cubic,87,KCuF3_127
KVO3_221,221,cubic,163,Sr6Ca2Fe5(CoO8)3_3
KWO3_221,221,cubic,123,Na3SrTa4O12_6
KZnF3_221,221,cubic,87,KCuF3_127
KZnO3_221,221,cubic,87,KCuF3_127
KZrGeBiO6_216,216,cubic,89,KLaHfFeO6_216
KZrO3_221,221,cubic,11,BaCaDyNbO6_216
KZrSnBiO6_216,216,cubic,130,NaPrYSbO6_216
La10Mg(Ga3O10)3_2,2,triclinic,158,Sr2CrSbO6_12
La10Mn9O30_2,2,triclinic,161,Sr3La7Mn7(FeO10)3_1
La11Mn12O36_11,11,monoclinic,159,Sr2HfCrO6_12
La11V12O36_1,1,triclinic,159,Sr2HfCrO6_12
La12Mn11O36_14,14,monoclinic,161,Sr3La7Mn7(FeO10)3_1
La14Mn13O42_148,148,trigonal,161,Sr3La7Mn7(FeO10)3_1
La14Mn16O45_1,1,triclinic,159,Sr2HfCrO6_12
La16Mn15O48_2,2,triclinic,161,Sr3La7Mn7(FeO10)3_1
La17Mn17O54_1,1,triclinic,159,Sr2HfCrO6_12
La2CoRuO6_14,14,monoclinic,161,Sr3La7Mn7(FeO10)3_1
La2CuIrO6_14,14,monoclinic,158,Sr2CrSbO6_12
La2CuSnO6_11,11,monoclinic,158,Sr2CrSbO6_12
La2FeCoO6_14,14,monoclinic,161,Sr3La7Mn7(FeO10)3_1
La2FeNiO6_14,14,monoclinic,161,Sr3La7Mn7(FeO10)3_1
La2GaCoO6_2,2,triclinic,158,Sr2CrSbO6_12
La2HfNiO6_225,225,cubic,158,Sr2CrSbO6_12
La2MgCrO6_148,148,trigonal,97,La3Mn3O10_1
La2MgMnO6_148,148,trigonal,173,VBiO3_14
La2MgNbO6_14,14,monoclinic,159,Sr2HfCrO6_12
La2MgNbO6_225,225,cubic,158,Sr2CrSbO6_12
La2MgNiO6_148,148,trigonal,97,La3Mn3O10_1
La2MgRhO6_14,14,monoclinic,159,Sr2HfCrO6_12
La2MgSnO6_14,14,monoclinic,159,Sr2HfCrO6_12
La2Mn3PbO9_165,165,trigonal,161,Sr3La7Mn7(FeO10)3_1
La2MnCoO6_14,14,monoclinic,161,Sr3La7Mn7(FeO10)3_1
La2MnCrO6_14,14,monoclinic,161,Sr3La7Mn7(FeO10)3_1
La2MnGaO6_14,14,monoclinic,161,Sr3La7Mn7(FeO10)3_1
La2MnNiO6_14,14,monoclinic,161,Sr3La7Mn7(FeO10)3_1
La2MnNiO6_225,225,cubic,99,LaFeO3_2
La2NbNiO6_14,14,monoclinic,158,Sr2CrSbO6_12
La2NiMoO6_225,225,cubic,96,La2NiMoO6_225
La2NiO4_8,8,monoclinic,96,La2NiMoO6_225
La2NiRuO6_14,14,monoclinic,158,Sr2CrSbO6_12
La2NiWO6_225,225,cubic,158,Sr2CrSbO6_12
La2ReNiO6_225,225,cubic,158,Sr2CrSbO6_12
La2TcNiO6_225,225,cubic,158,Sr2CrSbO6_12
La2TiCoO6_14,14,monoclinic,161,Sr3La7Mn7(FeO10)3_1
La2TiCrO6_2,2,triclinic,161,Sr3La7Mn7(FeO10)3_1
La2TiCuO6_14,14,monoclinic,161,Sr3La7Mn7(FeO10)3_1
La2TiNiO6_14,14,monoclinic,161,Sr3La7Mn7(FeO10)3_1
La2TiZnO6_14,14,monoclinic,161,Sr3La7Mn7(FeO10)3_1
La2VFeO6_14,14,monoclinic,161,Sr3La7Mn7(FeO10)3_1
La2VFeO6_2,2,triclinic,161,Sr3La7Mn7(FeO10)3_1
La2ZnCoO6_148,148,trigonal,161,Sr3La7Mn7(FeO10)3_1
La2ZnIrO6_14,14,monoclinic,158,Sr2CrSbO6_12
La2ZrCuO6_11,11,monoclinic,158,Sr2CrSbO6_12
La2ZrNiO6_225,225,cubic,53,EuMoO3_221
La3AlO_221,221,cubic,167,Tb3AlC_221
La3Co4Sn13_223,223,cubic,22,Ce3Co4Sn13_223
La3Fe4AgO12_6,6,monoclinic,161,Sr3La7Mn7(FeO10)3_1
La3MgTi3CrO12_1,1,triclinic,97,La3Mn3O10_1
La3MgTi4O12_38,38,orthorhombic,97,La3Mn3O10_1
La3Mn3O10_1,1,triclinic,97,La3Mn3O10_1
La3Mn4AgO12_3,3,monoclinic,161,Sr3La7Mn7(FeO10)3_1
La3Nd(GaO3)4_6,6,monoclinic,158,Sr2CrSbO6_12
La3NdCr4O12_6,6,monoclinic,161,Sr3La7Mn7(FeO10)3_1
La3PbC_221,221,cubic,98,La3TlC_221
La3SmCr4O12_6,6,monoclinic,161,Sr3La7Mn7(FeO10)3_1
La3SmV3CrO12_28,28,orthorhombic,161,Sr3La7Mn7(FeO10)3_1
La3SnC_221,221,cubic,162,Sr3SnO_221
La3SnN_221,221,cubic,162,Sr3SnO_221
La3Ti4O12_38,38,orthorhombic,126,Na9Sr2Nd9Ti20O60_6
La3TlC_221,221,cubic,98,La3TlC_221
La4Co3O10_14,14,monoclinic,161,Sr3La7Mn7(FeO10)3_1
La4Cu3SeO12_229,229,cubic,161,Sr3La7Mn7(FeO10)3_1
La4Fe(CoO4)3_2,2,triclinic,161,Sr3La7Mn7(FeO10)3_1
La4Fe3NiO12_2,2,triclinic,161,Sr3La7Mn7(FeO10)3_1
La4Ga3FeO12_2,2,triclinic,158,Sr2CrSbO6_12
La4Mn(NiO4)3_2,2,triclinic,161,Sr3La7Mn7(FeO10)3_1
La4Mn3NiO12_2,2,triclinic,161,Sr3La7Mn7(FeO10)3_1
La4Sm4Co7AgO24_8,8,monoclinic,165,SrCa7Mn7CrO23_1
La4SmMn5O15_65,65,orthorhombic,161,Sr3La7Mn7(FeO10)3_1
La5Fe4NiO15_12,12,monoclinic,161,Sr3La7Mn7(FeO10)3_1
La5Mn5O16_1,1,triclinic,159,Sr2HfCrO6_12
La5Mn6O18_2,2,triclinic,97,La3Mn3O10_1
La5Mn7Co(PbO8)3_1,1,triclinic,161,Sr3La7Mn7(FeO10)3_1
La5Sm3Cr6(FeO12)2_38,38,orthorhombic,161,Sr3La7Mn7(FeO10)3_1
La5Sm3Cr7FeO24_8,8,monoclinic,161,Sr3La7Mn7(FeO10)3_1
La5Sm3Ni7AgO24_8,8,monoclinic,99,LaFeO3_2
La6Mn5O18_2,2,triclinic,161,Sr3La7Mn7(FeO10)3_1
La6Sm2Co7AgO24_38,38,orthorhombic,165,SrCa7Mn7CrO23_1
La6Sm2Cr3Fe5O24_6,6,monoclinic,161,Sr3La7Mn7(FeO10)3_1
La6Sm2V5Cr3O24_6,6,monoclinic,161,Sr3La7Mn7(FeO10)3_1
La7Mn8O24_2,2,triclinic,159,Sr2HfCrO6_12
La7ScAl8O24_221,221,cubic,50,ErVO3_62
La7SmCo5(CuO8)3_8,8,monoclinic,165,SrCa7Mn7CrO23_1
La7SmCr2(FeO4)6_35,35,orthorhombic,161,Sr3La7Mn7(FeO10)3_1
La7SmMn2(FeO4)6_35,35,orthorhombic,161,Sr3La7Mn7(FeO10)3_1
La7SmMn5(FeO8)3_8,8,monoclinic,161,Sr3La7Mn7(FeO10)3_1
La7SmMn7CuO24_160,160,trigonal,161,Sr3La7Mn7(FeO10)3_1
La7SmMn8O24_221,221,cubic,161,Sr3La7Mn7(FeO10)3_1
La7SmTi2V6O24_38,38,orthorhombic,161,Sr3La7Mn7(FeO10)3_1
La7SmTiV7O24_160,160,trigonal,161,Sr3La7Mn7(FeO10)3_1
La7SmV8O24_221,221,cubic,161,Sr3La7Mn7(FeO10)3_1
La8Al7GaO24_221,221,cubic,97,La3Mn3O10_1
La8Al7InO24_221,221,cubic,97,La3Mn3O10_1
La8Mn7O24_2,2,triclinic,161,Sr3La7Mn7(FeO10)3_1
La8Mn9O27_15,15,monoclinic,159,Sr2HfCrO6_12
La9Mn10O30_2,2,triclinic,159,Sr2HfCrO6_12
La9Mn10O30_5,5,monoclinic,159,Sr2HfCrO6_12
LaAgO3_221,221,cubic,53,EuMoO3_221
LaAlO3_221,221,cubic,50,ErVO3_62
LaBeO3_221,221,cubic,103,LiCeO3_221
LaBPt3_221,221,cubic,51,EuBPd3_221
LaBRh3_221,221,cubic,156,SmRh3C_221
LaCeAl2O6_44,44,orthorhombic,50,ErVO3_62
LaCoO3_1,1,triclinic,161,Sr3La7Mn7(FeO10)3_1
LaCoO3_15,15,monoclinic,161,Sr3La7Mn7(FeO10)3_1
LaCoO3_2,2,triclinic,165,SrCa7Mn7CrO23_1
LaCoO3_221,221,cubic,165,SrCa7Mn7CrO23_1
LaCoO3_62,62,orthorhombic,161,Sr3La7Mn7(FeO10)3_1
LaCoSbPbO6_7,7,monoclinic,158,Sr2CrSbO6_12
LaCrO3_62,62,orthorhombic,161,Sr3La7Mn7(FeO10)3_1
LaDyO3_33,33,orthorhombic,14,BaSrNdSbO6_216
LaEu2NbO6_225,225,cubic,14,BaSrNdSbO6_216
LaEu2SbO6_225,225,cubic,14,BaSrNdSbO6_216
LaEu3(NiO3)4_6,6,monoclinic,99,LaFeO3_2
LaFe2PbO6_31,31,orthorhombic,161,Sr3La7Mn7(FeO10)3_1
LaFe4(CuO4)3_204,204,cubic,54,EuNiO3_62
LaFeO3_2,2,triclinic,99,LaFeO3_2
LaFeO3_31,31,orthorhombic,11,BaCaDyNbO6_216
LaGaO3_221,221,cubic,36,Cs2NaNdF6_225
LaGaO3_62,62,orthorhombic,158,Sr2CrSbO6_12
LaGaO3_74,74,orthorhombic,161,Sr3La7Mn7(FeO10)3_1
LaHoO3_62,62,orthorhombic,14,BaSrNdSbO6_216
LaLuS3_62,62,orthorhombic,60,In9Pb4S17_55
LaMg2TiO6_225,225,cubic,121,Na2NiHgF6_225
LaMgCr2O6_31,31,orthorhombic,19,CaHo(FeO3)2_31
LaMgFeSnO6_216,216,cubic,89,KLaHfFeO6_216
LaMgMnCrO6_7,7,monoclinic,19,CaHo(FeO3)2_31
LaMgO3_221,221,cubic,100,LaMgO3_221
LaMn3Cr4O12_204,204,cubic,54,EuNiO3_62
LaMn4(CuO4)3_204,204,cubic,54,EuNiO3_62
LaMnO3_123,123,tetragonal,161,Sr3La7Mn7(FeO10)3_1
LaMnO3_15,15,monoclinic,161,Sr3La7Mn7(FeO10)3_1
LaMnO3_2,2,triclinic,161,Sr3La7Mn7(FeO10)3_1
LaMnO3_221,221,cubic,161,Sr3La7Mn7(FeO10)3_1
LaNd3(GaO3)4_6,6,monoclinic,161,Sr3La7Mn7(FeO10)3_1
LaNdMn2O6_26,26,orthorhombic,161,Sr3La7Mn7(FeO10)3_1
LaNiO3_123,123,tetragonal,99,LaFeO3_2
LaNiO3_167,167,trigonal,165,SrCa7Mn7CrO23_1
LaNiO3_2,2,triclinic,165,SrCa7Mn7CrO23_1
LaNiO3_221,221,cubic,99,LaFeO3_2
LaPd3C_221,221,cubic,51,EuBPd3_221
LaPr3(GaO3)4_6,6,monoclinic,158,Sr2CrSbO6_12
LaPr3Mn4O12_6,6,monoclinic,161,Sr3La7Mn7(FeO10)3_1
LaPrMn2O6_26,26,orthorhombic,161,Sr3La7Mn7(FeO10)3_1
LaPtO3_221,221,cubic,53,EuMoO3_221
LaReN3_221,221,cubic,96,La2NiMoO6_225
LaRh3C_221,221,cubic,156,SmRh3C_221
LaRhO3_62,62,orthorhombic,158,Sr2CrSbO6_12
LaRuO3_62,62,orthorhombic,158,Sr2CrSbO6_12
LaScO3_221,221,cubic,170,TlCuF3_123
LaSm(CoO3)2_123,123,tetragonal,54,EuNiO3_62
LaSm3Cr4O12_6,6,monoclinic,97,La3Mn3O10_1
LaSmCr2O6_26,26,orthorhombic,97,La3Mn3O10_1
LaSmO3_33,33,orthorhombic,14,BaSrNdSbO6_216
LaTaN3_14,14,monoclinic,53,EuMoO3_221
LaTaO3_221,221,cubic,53,EuMoO3_221
LaTi4Mn3O12_204,204,cubic,165,SrCa7Mn7CrO23_1
LaTiAlPbO6_51,51,orthorhombic,173,VBiO3_14
LaTiNO2_24,24,orthorhombic,161,Sr3La7Mn7(FeO10)3_1
LaTiO3_221,221,cubic,161,Sr3La7Mn7(FeO10)3_1
LaTiO3_62,62,orthorhombic,161,Sr3La7Mn7(FeO10)3_1
LaTiZnCrO6_7,7,monoclinic,97,La3Mn3O10_1
LaVGe3_194,194,hexagonal,23,CeTiGe3_194
LaVO3_14,14,monoclinic,97,La3Mn3O10_1
LaVO3_221,221,cubic,161,Sr3La7Mn7(FeO10)3_1
LaWN3_62,62,orthorhombic,96,La2NiMoO6_225
LaZnCr2O6_31,31,orthorhombic,97,La3Mn3O10_1
LaZnCrMoO6_7,7,monoclinic,158,Sr2CrSbO6_12
LaZnCrSbO6_7,7,monoclinic,158,Sr2CrSbO6_12
LaZnO3_221,221,cubic,161,Sr3La7Mn7(FeO10)3_1
Li2CuNiF6_225,225,cubic,117,MnNF3_221
Li2La3Nd(SbO6)2_1,1,triclinic,89,KLaHfFeO6_216
Li3BrO_221,221,cubic,100,LaMgO3_221
Li3CrF6_225,225,cubic,101,Li3MnF6_225
Li3MnF6_225,225,cubic,101,Li3MnF6_225
Li3RhF6_225,225,cubic,101,Li3MnF6_225
Li3RuF6_225,225,cubic,101,Li3MnF6_225
Li3ScF6_225,225,cubic,101,Li3MnF6_225
Li3TiF6_225,225,cubic,101,Li3MnF6_225
Li3VF6_225,225,cubic,101,Li3MnF6_225
Li4Ti4Mn4NiO18_55,55,orthorhombic,122,Na2Ti4O9_1
Li4VCr(WO6)2_1,1,triclinic,34,Cs2NaHoCl6_225
Li5Cu3(TeO5)2_2,2,triclinic,122,Na2Ti4O9_1
Li8Sb7S19_15,15,monoclinic,75,K2NaCeCl6_225
LiAcO3_221,221,cubic,125,Na7La7Th2Ti18O54_42
LiAg4(RuO3)4_8,8,monoclinic,169,TlCr5Se8_12
LiAgF3_14,14,monoclinic,157,SmScS3_62
LiAlO3_221,221,cubic,105,LiGeO3_221
LiBeH3_62,62,orthorhombic,102,LiBeH3_62
LiCa2ReO6_225,225,cubic,40,CsEuCl3_221
LiCa2TeO6_14,14,monoclinic,40,CsEuCl3_221
LiCaF3_221,221,cubic,112,MgNi3C_221
LiCd4(TcO3)4_1,1,triclinic,158,Sr2CrSbO6_12
LiCdO3_221,221,cubic,103,LiCeO3_221
LiCeO3_221,221,cubic,103,LiCeO3_221
LiCoF3_143,143,trigonal,104,LiCoF3_143
LiCuF3_2,2,triclinic,103,LiCeO3_221
LiErO3_221,221,cubic,103,LiCeO3_221
LiEu2RuO6_14,14,monoclinic,173,VBiO3_14
LiEuO3_221,221,cubic,103,LiCeO3_221
LiFeF3_1,1,triclinic,104,LiCoF3_143
LiFeF3_62,62,orthorhombic,103,LiCeO3_221
LiGd2RuO6_14,14,monoclinic,173,VBiO3_14
LiGeO3_221,221,cubic,105,LiGeO3_221
LiLa2Co2Sb2(PbO6)2_1,1,triclinic,166,SrPrZnBiO6_216
LiLa2Mn3O9_164,164,trigonal,126,Na9Sr2Nd9Ti20O60_6
LiLa2OsO6_14,14,monoclinic,89,KLaHfFeO6_216
LiLa2SbO6_14,14,monoclinic,89,KLaHfFeO6_216
LiLa2TiO6_14,14,monoclinic,100,LaMgO3_221
LiLa2VO6_225,225,cubic,97,La3Mn3O10_1
LiLa3Ti4O12_139,139,tetragonal,126,Na9Sr2Nd9Ti20O60_6
LiLa4Ga2(FeO6)2_1,1,triclinic,158,Sr2CrSbO6_12
LiLa4Ti3O12_2,2,triclinic,173,VBiO3_14
LiLa5Ti8O24_1,1,triclinic,124,Na3TbTi2Nb2O12_1
LiLaNdSbO6_2,2,triclinic,89,KLaHfFeO6_216
LiLaO3_221,221,cubic,125,Na7La7Th2Ti18O54_42
LiLaTi2O6_225,225,cubic,125,Na7La7Th2Ti18O54_42
LiLuO3_221,221,cubic,103,LiCeO3_221
LiMnF3_62,62,orthorhombic,103,LiCeO3_221
LiMnO3_62,62,orthorhombic,15,BeAuO3_221
LiNbO3_1,1,triclinic,106,LiNbO3_1
LiNd2OsO6_14,14,monoclinic,89,KLaHfFeO6_216
LiNd2RuO6_14,14,monoclinic,89,KLaHfFeO6_216
LiNdGdFeO6_48,48,orthorhombic,100,LaMgO3_221
LiNiO3_221,221,cubic,105,LiGeO3_221
LiPmO3_221,221,cubic,103,LiCeO3_221
LiPr2OsO6_14,14,monoclinic,89,KLaHfFeO6_216
LiPr2RuO6_14,14,monoclinic,89,KLaHfFeO6_216
LiPrO3_221,221,cubic,103,LiCeO3_221
LiSc(TlCl3)2_225,225,cubic,25,Cs2BrCl6F_225
LiSm2OsO6_14,14,monoclinic,89,KLaHfFeO6_216
LiSm2RuO6_14,14,monoclinic,173,VBiO3_14
LiSmO3_221,221,cubic,103,LiCeO3_221
LiTb2RuO6_14,14,monoclinic,173,VBiO3_14
LiTcO3_221,221,cubic,106,LiNbO3_1
LiTl2InCl6_225,225,cubic,25,Cs2BrCl6F_225
LiTmO2_14,14,monoclinic,128,NaCaDyWO6_216
LiUO3_221,221,cubic,121,Na2NiHgF6_225
LiYbO3_221,221,cubic,15,BeAuO3_221
LiYO3_221,221,cubic,108,LuAlO3_221
Lu3AlC_221,221,cubic,47,Er3AlN_221
Lu3AlN_221,221,cubic,47,Er3AlN_221
Lu3GaC_221,221,cubic,107,Lu3InC_221
Lu3InC_221,221,cubic,107,Lu3InC_221
Lu3InN_221,221,cubic,107,Lu3InC_221
Lu3PbC_221,221,cubic,107,Lu3InC_221
LuAlO3_221,221,cubic,108,LuAlO3_221
LuCoO3_62,62,orthorhombic,171,TmRhO3_62
LuCrO3_62,62,orthorhombic,50,ErVO3_62
LuFeO3_62,62,orthorhombic,59,GdMnO3_62
LuGaO3_62,62,orthorhombic,50,ErVO3_62
LuGeO3_221,221,cubic,99,LaFeO3_2
LuMn4(CuO4)3_204,204,cubic,48,ErMn4(CuO4)3_204
LuNiO3_14,14,monoclinic,171,TmRhO3_62
LuPdO3_221,221,cubic,96,La2NiMoO6_225
LuRhO3_62,62,orthorhombic,171,TmRhO3_62
LuRu3C_221,221,cubic,49,ErRu3C_221
LuScO3_62,62,orthorhombic,173,VBiO3_14
LuSiO3_221,221,cubic,108,LuAlO3_221
LuTlO3_62,62,orthorhombic,53,EuMoO3_221
LuUO3_221,221,cubic,8,Ba2TmMoO6_225
LuVO3_2,2,triclinic,50,ErVO3_62
Mg(AgO2)2_62,62,orthorhombic,19,CaHo(FeO3)2_31
Mg3AsN_221,221,cubic,172,UBRh3_221
Mg3SbN_221,221,cubic,109,Mg3SbN_221
Mg3ZnC_221,221,cubic,153,Sc3InN_221
MgAgF3_221,221,cubic,121,Na2NiHgF6_225
MgBiO3_221,221,cubic,100,LaMgO3_221
MgBiO3_62,62,orthorhombic,123,Na3SrTa4O12_6
MgBO3_221,221,cubic,110,MgBO3_221
MgCd2(CoO3)2_146,146,trigonal,171,TmRhO3_62
MgCd2(CoO3)2_2,2,triclinic,171,TmRhO3_62
MgCo3C_221,221,cubic,112,MgNi3C_221
MgCrFe(BiO3)2_1,1,triclinic,89,KLaHfFeO6_216
MgCuO3_221,221,cubic,111,MgFeO3_221
MgFe4(SbS)4_2,2,triclinic,164,Sr8MgMn6O20_1
MgFeO3_221,221,cubic,111,MgFeO3_221
MgGeO3_221,221,cubic,111,MgFeO3_221
MgGeO3_63,63,orthorhombic,136,NaVF3_62
MgInO3_221,221,cubic,97,La3Mn3O10_1
MgMn2Al2O6_2,2,triclinic,2,AlVO3_62
MgMn2Zn2O6_1,1,triclinic,48,ErMn4(CuO4)3_204
MgNi3B_221,221,cubic,112,MgNi3C_221
MgNi3C_221,221,cubic,112,MgNi3C_221
MgOsO3_221,221,cubic,123,Na3SrTa4O12_6
MgPb2WO6_225,225,cubic,159,Sr2HfCrO6_12
MgPbO3_221,221,cubic,173,VBiO3_14
MgRe(PbO3)2_225,225,cubic,159,Sr2HfCrO6_12
MgReO3_221,221,cubic,123,Na3SrTa4O12_6
MgRhO3_221,221,cubic,123,Na3SrTa4O12_6
MgRuO3_221,221,cubic,123,Na3SrTa4O12_6
MgSbO3_14,14,monoclinic,123,Na3SrTa4O12_6
MgSeO3_62,62,orthorhombic,50,ErVO3_62
MgSiO3_62,62,orthorhombic,113,MgSiO3_62
MgTe(PbO3)2_1,1,triclinic,159,Sr2HfCrO6_12
MgTi2Pb4WO12_139,139,tetragonal,159,Sr2HfCrO6_12
MgTiO3_62,62,orthorhombic,155,ScCoO3_14
MgTl2(CoO3)2_148,148,trigonal,19,CaHo(FeO3)2_31
MgTlCl3_62,62,orthorhombic,157,SmScS3_62
MgUO3_221,221,cubic,50,ErVO3_62
MgVO3_221,221,cubic,111,MgFeO3_221
MgVO3_62,62,orthorhombic,155,ScCoO3_14
MgZnO3_221,221,cubic,111,MgFeO3_221
MgZrO3_221,221,cubic,128,NaCaDyWO6_216
Mn2FeSbO6_14,14,monoclinic,97,La3Mn3O10_1
Mn3AlC_221,221,cubic,139,Ni3SbN_123
Mn3AlN_221,221,cubic,112,MgNi3C_221
Mn3AsN_123,123,tetragonal,116,Mn3ZnC_221
Mn3AsN_221,221,cubic,61,InNi3N_221
Mn3AuN_221,221,cubic,24,Cr3IrN_123
Mn3CuN_221,221,cubic,61,InNi3N_221
Mn3GaC_221,221,cubic,116,Mn3ZnC_221
Mn3GaN_221,221,cubic,114,Mn3GaN_221
Mn3HgN_221,221,cubic,115,Mn3PtN_221
Mn3InC_221,221,cubic,139,Ni3SbN_123
Mn3PtN_221,221,cubic,115,Mn3PtN_221
Mn3SnH_221,221,cubic,114,Mn3GaN_221
Mn3ZnC_221,221,cubic,116,Mn3ZnC_221
Mn3ZnN_221,221,cubic,139,Ni3SbN_123
Mn4Cu3BiO12_204,204,cubic,19,CaHo(FeO3)2_31
Mn7BiO12_12,12,monoclinic,19,CaHo(FeO3)2_31
MnAgF3_221,221,cubic,12,BaCaLaSbO6_216
MnBiO3_62,62,orthorhombic,173,VBiO3_14
MnBiO3_9,9,monoclinic,173,VBiO3_14
MnCdO3_221,221,cubic,165,SrCa7Mn7CrO23_1
MnCo3C_221,221,cubic,175,ZnNi3N_221
MnH4NF3_62,62,orthorhombic,131,NaSc(NF3)2_225
MnInF3_160,160,trigonal,14,BaSrNdSbO6_216
MnNCl3_221,221,cubic,116,Mn3ZnC_221
MnNCl3_62,62,orthorhombic,63,K2AgAuF6_225
MnNF3_221,221,cubic,117,MnNF3_221
MnNF3_55,55,orthorhombic,117,MnNF3_221
MnNi(BiO3)2_14,14,monoclinic,173,VBiO3_14
MnO3_74,74,orthorhombic,104,LiCoF3_143
MnPb2WO6_225,225,cubic,166,SrPrZnBiO6_216
MnPb2WO6_62,62,orthorhombic,166,SrPrZnBiO6_216
MnPbO3_221,221,cubic,173,VBiO3_14
MnTeO3_62,62,orthorhombic,166,SrPrZnBiO6_216
MnTlCl3_221,221,cubic,25,Cs2BrCl6F_225
MnTlF3_8,8,monoclinic,160,Sr2NdMnO6_225
MnVO3_11,11,monoclinic,54,EuNiO3_62
MnZnO3_62,62,orthorhombic,2,AlVO3_62
Mo2(NCl3)3_194,194,hexagonal,118,Mo2(NCl3)3_194
Mo2S3_11,11,monoclinic,138,NbMoS3_11
MoOs(PbO3)2_225,225,cubic,53,EuMoO3_221
MoPbO3_221,221,cubic,53,EuMoO3_221
Na13Ti24O54_1,1,triclinic,122,Na2Ti4O9_1
Na2AgRhF6_225,225,cubic,121,Na2NiHgF6_225
Na2AlCuF6_225,225,cubic,87,KCuF3_127
Na2CeFeO6_225,225,cubic,82,K5Na3Ta5Nb3O24_1
Na2CuAuCl6_225,225,cubic,74,K2LiTlF6_225
Na2CuAuF6_225,225,cubic,121,Na2NiHgF6_225
Na2CuPdF6_225,225,cubic,128,NaCaDyWO6_216
Na2EuMnO6_225,225,cubic,128,NaCaDyWO6_216
Na2La7Ti8Mn2O30_1,1,triclinic,126,Na9Sr2Nd9Ti20O60_6
Na2LiAlF6_14,14,monoclinic,24,Cr3IrN_123
Na2LiAlH6_225,225,cubic,48,ErMn4(CuO4)3_204
Na2LiAuF6_225,225,cubic,119,Na2LiAuF6_225
Na2LiBiF6_225,225,cubic,74,K2LiTlF6_225
Na2LiCrF6_225,225,cubic,120,Na2LiCrF6_225
Na2LiIrF6_225,225,cubic,119,Na2LiAuF6_225
Na2LiNbF6_225,225,cubic,119,Na2LiAuF6_225
Na2LiRhF6_225,225,cubic,119,Na2LiAuF6_225
Na2LiRuF6_225,225,cubic,119,Na2LiAuF6_225
Na2LiTiF6_225,225,cubic,120,Na2LiCrF6_225
Na2LiYF6_225,225,cubic,74,K2LiTlF6_225
Na2MnAgF6_225,225,cubic,121,Na2NiHgF6_225
Na2NiHgF6_225,225,cubic,121,Na2NiHgF6_225
Na2ScCuF6_225,225,cubic,135,NaVF3_221
Na2SrLa2Ti5O15_5,5,monoclinic,97,La3Mn3O10_1
Na2SrNd2Ti5O15_6,6,monoclinic,97,La3Mn3O10_1
Na2Ti4O9_1,1,triclinic,122,Na2Ti4O9_1
Na2TlCuF6_225,225,cubic,121,Na2NiHgF6_225
Na3AuF6_225,225,cubic,81,K3YbF6_225
Na3BrO_221,221,cubic,153,Sc3InN_221
Na3Ca2Ta3Ti2O15_1,1,triclinic,123,Na3SrTa4O12_6
Na3Ca7Ta3Ti7O30_1,1,triclinic,124,Na3TbTi2Nb2O12_1
Na3CoF6_225,225,cubic,72,K2LiRuF6_225
Na3ErTi2Nb2O12_1,1,triclinic,124,Na3TbTi2Nb2O12_1
Na3GaF6_225,225,cubic,72,K2LiRuF6_225
Na3GdTi2Nb2O12_1,1,triclinic,124,Na3TbTi2Nb2O12_1
Na3HoTi2Nb2O12_1,1,triclinic,124,Na3TbTi2Nb2O12_1
Na3IrF6_225,225,cubic,119,Na2LiAuF6_225
Na3La8Ti9Mn3O36_1,1,triclinic,97,La3Mn3O10_1
Na3LaTi2Nb2O12_13,13,monoclinic,124,Na3TbTi2Nb2O12_1
Na3LaTi2Nb2O12_5,5,monoclinic,124,Na3TbTi2Nb2O12_1
Na3NbF6_225,225,cubic,74,K2LiTlF6_225
Na3PrTi2Nb2O12_1,1,triclinic,124,Na3TbTi2Nb2O12_1
Na3RhF6_225,225,cubic,119,Na2LiAuF6_225
Na3ScF6_225,225,cubic,135,NaVF3_221
Na3SrTa4O12_6,6,monoclinic,123,Na3SrTa4O12_6
Na3TbTi2Nb2O12_1,1,triclinic,124,Na3TbTi2Nb2O12_1
Na3TmTi2Nb2O12_1,1,triclinic,124,Na3TbTi2Nb2O12_1
Na3VF6_225,225,cubic,72,K2LiRuF6_225
Na4Li5(WO3)10_1,1,triclinic,106,LiNbO3_1
Na4SrU3O12_229,229,cubic,121,Na2NiHgF6_225
Na5Ca2Ce3Ti8Nb2O30_99,99,tetragonal,124,Na3TbTi2Nb2O12_1
Na5Ce3Ti6Nb2O24_6,6,monoclinic,19,CaHo(FeO3)2_31
Na5Nd11Ti10Mn6O48_1,1,triclinic,126,Na9Sr2Nd9Ti20O60_6
Na7La7Th2Ti18O54_42,42,orthorhombic,125,Na7La7Th2Ti18O54_42
Na7Sr6Nd7Ti20O60_8,8,monoclinic,97,La3Mn3O10_1
Na9Sr2Nd9Ti20O60_6,6,monoclinic,126,Na9Sr2Nd9Ti20O60_6
NaAlH8(NF3)2_225,225,cubic,131,NaSc(NF3)2_225
NaAlO3_221,221,cubic,127,NaAlO3_221
NaAsO3_221,221,cubic,111,MgFeO3_221
NaCa4TaTi4O15_1,1,triclinic,124,Na3TbTi2Nb2O12_1
NaCaCeBiO6_216,216,cubic,134,NaSrNdWO6_216
NaCaDyFeO6_216,216,cubic,82,K5Na3Ta5Nb3O24_1
NaCaDySeO6_216,216,cubic,123,Na3SrTa4O12_6
NaCaDyWO6_216,216,cubic,128,NaCaDyWO6_216
NaCaEuSeO6_216,216,cubic,89,KLaHfFeO6_216
NaCaGdSeO6_216,216,cubic,123,Na3SrTa4O12_6
NaCaHfBiO6_216,216,cubic,128,NaCaDyWO6_216
NaCaHfWO6_216,216,cubic,123,Na3SrTa4O12_6
NaCaInWO6_216,216,cubic,82,K5Na3Ta5Nb3O24_1
NaCaLaSeO6_216,216,cubic,89,KLaHfFeO6_216
NaCaLaWO6_216,216,cubic,132,NaSr2OsO6_225
NaCaO3_221,221,cubic,77,K2RbTiF6_139
NaCaPrSeO6_216,216,cubic,89,KLaHfFeO6_216
NaCaTbFeO6_216,216,cubic,82,K5Na3Ta5Nb3O24_1
NaCaTbSeO6_216,216,cubic,123,Na3SrTa4O12_6
NaCaYWO6_216,216,cubic,128,NaCaDyWO6_216
NaCaZrBiO6_216,216,cubic,128,NaCaDyWO6_216
NaCaZrSbO6_216,216,cubic,133,NaSrEuSeO6_216
NaCaZrWO6_216,216,cubic,82,K5Na3Ta5Nb3O24_1
NaCdO3_221,221,cubic,121,Na2NiHgF6_225
NaCeMnWO6_216,216,cubic,89,KLaHfFeO6_216
NaCuF3_14,14,monoclinic,111,MgFeO3_221
NaEu(WO3)2_225,225,cubic,89,KLaHfFeO6_216
NaEuDySeO6_216,216,cubic,89,KLaHfFeO6_216
NaEuHfSbO6_216,216,cubic,89,KLaHfFeO6_216
NaEuHfTiO6_216,216,cubic,89,KLaHfFeO6_216
NaEuHfWO6_216,216,cubic,89,KLaHfFeO6_216
NaEuHfZrO6_216,216,cubic,130,NaPrYSbO6_216
NaEuNbInO6_216,216,cubic,130,NaPrYSbO6_216
NaEuSbWO6_216,216,cubic,130,NaPrYSbO6_216
NaEuTi2O6_31,31,orthorhombic,19,CaHo(FeO3)2_31
NaEuTiSnO6_216,216,cubic,89,KLaHfFeO6_216
NaEuYSbO6_216,216,cubic,130,NaPrYSbO6_216
NaEuZrSbO6_216,216,cubic,133,NaSrEuSeO6_216
NaGeO3_221,221,cubic,111,MgFeO3_221
NaHfCuWO6_216,216,cubic,123,Na3SrTa4O12_6
NaHoTi2O6_31,31,orthorhombic,125,Na7La7Th2Ti18O54_42
NaIn(NF3)2_225,225,cubic,81,K3YbF6_225
NaIn(WO3)2_225,225,cubic,89,KLaHfFeO6_216
NaInO3_221,221,cubic,121,Na2NiHgF6_225
NaLa(RuO3)2_225,225,cubic,159,Sr2HfCrO6_12
NaLa5Mg4(WO6)4_8,8,monoclinic,124,Na3TbTi2Nb2O12_1
NaLaCeNiO6_216,216,cubic,89,KLaHfFeO6_216
NaLaDyFeO6_216,216,cubic,89,KLaHfFeO6_216
NaLaDyMnO6_216,216,cubic,133,NaSrEuSeO6_216
NaLaHf2O6_225,225,cubic,133,NaSrEuSeO6_216
NaLaHfSnO6_216,216,cubic,133,NaSrEuSeO6_216
NaLaHfTiO6_216,216,cubic,89,KLaHfFeO6_216
NaLaInSbO6_216,216,cubic,89,KLaHfFeO6_216
NaLaMgTeO6_8,8,monoclinic,89,KLaHfFeO6_216
NaLaMgWO6_12,12,monoclinic,124,Na3TbTi2Nb2O12_1
NaLaMgWO6_129,129,tetragonal,124,Na3TbTi2Nb2O12_1
NaLaMnWO6_4,4,monoclinic,132,NaSr2OsO6_225
NaLaVSbO6_216,216,cubic,89,KLaHfFeO6_216
NaLaVWO6_216,216,cubic,89,KLaHfFeO6_216
NaLaYSbO6_216,216,cubic,130,NaPrYSbO6_216
NaLaZr2O6_225,225,cubic,130,NaPrYSbO6_216
NaLaZrNbO6_216,216,cubic,130,NaPrYSbO6_216
NaLaZrTiO6_216,216,cubic,89,KLaHfFeO6_216
NaLaZrVO6_216,216,cubic,89,KLaHfFeO6_216
NaLiLa2Ti4O12_1,1,triclinic,124,Na3TbTi2Nb2O12_1
NaLiV(OF)2_4,4,monoclinic,152,RbTlI3_225
NaLiZrWO6_216,216,cubic,82,K5Na3Ta5Nb3O24_1
NaMgF3_221,221,cubic,92,KNa3Mg4F12_6
NaMgF3_62,62,orthorhombic,129,NaMgF3_62
NaMgF3_63,63,orthorhombic,129,NaMgF3_62
NaMnF3_62,62,orthorhombic,136,NaVF3_62
NaNbInWO6_216,216,cubic,89,KLaHfFeO6_216
NaNbO3_221,221,cubic,82,K5Na3Ta5Nb3O24_1
NaNbO3_59,59,orthorhombic,123,Na3SrTa4O12_6
NaNbO3_62,62,orthorhombic,123,Na3SrTa4O12_6
NaNbO3_74,74,orthorhombic,123,Na3SrTa4O12_6
NaNd3Ti3MnO12_4,4,monoclinic,97,La3Mn3O10_1
NaNdCoWO6_4,4,monoclinic,124,Na3TbTi2Nb2O12_1
NaNdFeWO6_4,4,monoclinic,124,Na3TbTi2Nb2O12_1
NaNdHf2O6_225,225,cubic,133,NaSrEuSeO6_216
NaNdHfNbO6_216,216,cubic,133,NaSrEuSeO6_216
NaNdHfTiO6_216,216,cubic,89,KLaHfFeO6_216
NaNdMgWO6_4,4,monoclinic,124,Na3TbTi2Nb2O12_1
NaNiF3_62,62,orthorhombic,111,MgFeO3_221
NaNiO3_221,221,cubic,111,MgFeO3_221
NaOsO3_221,221,cubic,123,Na3SrTa4O12_6
NaPb2IO6_14,14,monoclinic,170,TlCuF3_123
NaPb2IO6_225,225,cubic,170,TlCuF3_123
NaPr2Ti2MnO9_1,1,triclinic,97,La3Mn3O10_1
NaPrDyFeO6_216,216,cubic,89,KLaHfFeO6_216
NaPrEuWO6_216,216,cubic,11,BaCaDyNbO6_216
NaPrHf2O6_225,225,cubic,133,NaSrEuSeO6_216
NaPrHfNbO6_216,216,cubic,133,NaSrEuSeO6_216
NaPrNb2O6_225,225,cubic,89,KLaHfFeO6_216
NaPrTi2O6_31,31,orthorhombic,19,CaHo(FeO3)2_31
NaPrYFeO6_216,216,cubic,89,KLaHfFeO6_216
NaPrYSbO6_216,216,cubic,130,NaPrYSbO6_216
NaPrZrFeO6_216,216,cubic,89,KLaHfFeO6_216
NaPrZrTiO6_216,216,cubic,89,KLaHfFeO6_216
NaPuO3_221,221,cubic,128,NaCaDyWO6_216
NaRuO3_221,221,cubic,123,Na3SrTa4O12_6
NaSc(NF3)2_225,225,cubic,131,NaSc(NF3)2_225
NaScTl2F6_225,225,cubic,66,K2CrAgF6_225
NaSmMnWO6_216,216,cubic,89,KLaHfFeO6_216
NaSr2IO6_225,225,cubic,130,NaPrYSbO6_216
NaSr2OsO6_225,225,cubic,132,NaSr2OsO6_225
NaSr2ReO6_225,225,cubic,132,NaSr2OsO6_225
NaSr4(SbO4)3_14,14,monoclinic,166,SrPrZnBiO6_216
NaSrCaMnO6_216,216,cubic,130,NaPrYSbO6_216
NaSrCeBiO6_216,216,cubic,134,NaSrNdWO6_216
NaSrCeBiO6_48,48,orthorhombic,134,NaSrNdWO6_216
NaSrCeSbO6_216,216,cubic,11,BaCaDyNbO6_216
NaSrDyFeO6_216,216,cubic,133,NaSrEuSeO6_216
NaSrDyMnO6_216,216,cubic,133,NaSrEuSeO6_216
NaSrEuMnO6_216,216,cubic,159,Sr2HfCrO6_12
NaSrEuSeO6_216,216,cubic,133,NaSrEuSeO6_216
NaSrEuWO6_216,216,cubic,132,NaSr2OsO6_225
NaSrHfBiO6_216,216,cubic,128,NaCaDyWO6_216
NaSrHfSbO6_216,216,cubic,133,NaSrEuSeO6_216
NaSrHfWO6_216,216,cubic,133,NaSrEuSeO6_216
NaSrInWO6_216,216,cubic,133,NaSrEuSeO6_216
NaSrLaMnO6_216,216,cubic,130,NaPrYSbO6_216
NaSrLaSeO6_216,216,cubic,130,NaPrYSbO6_216
NaSrLaWO6_216,216,cubic,134,NaSrNdWO6_216
NaSrNbBiO6_216,216,cubic,134,NaSrNdWO6_216
NaSrNdWO6_216,216,cubic,134,NaSrNdWO6_216
NaSrNdWO6_48,48,orthorhombic,134,NaSrNdWO6_216
NaSrPrBiO6_216,216,cubic,63,K2AgAuF6_225
NaSrPrFeO6_216,216,cubic,130,NaPrYSbO6_216
NaSrPrMnO6_216,216,cubic,130,NaPrYSbO6_216
NaSrPrSbO6_216,216,cubic,134,NaSrNdWO6_216
NaSrPrWO6_216,216,cubic,134,NaSrNdWO6_216
NaSrSbWO6_216,216,cubic,134,NaSrNdWO6_216
NaSrSmMnO6_216,216,cubic,130,NaPrYSbO6_216
NaSrSnWO6_216,216,cubic,133,NaSrEuSeO6_216
NaSrTiBiO6_216,216,cubic,82,K5Na3Ta5Nb3O24_1
NaSrYSeO6_216,216,cubic,159,Sr2HfCrO6_12
NaSrYWO6_216,216,cubic,134,NaSrNdWO6_216
NaSrZrNbO6_216,216,cubic,166,SrPrZnBiO6_216
NaTaO3_62,62,orthorhombic,123,Na3SrTa4O12_6
NaTaO3_63,63,orthorhombic,123,Na3SrTa4O12_6
NaTbEuSbO6_216,216,cubic,130,NaPrYSbO6_216
NaTbEuWO6_216,216,cubic,130,NaPrYSbO6_216
NaTbMnWO6_216,216,cubic,89,KLaHfFeO6_216
NaTeO3_221,221,cubic,82,K5Na3Ta5Nb3O24_1
NaTi4(CuO4)3_204,204,cubic,54,EuNiO3_62
NaTi5Se8_12,12,monoclinic,169,TlCr5Se8_12
NaTl(NF3)2_225,225,cubic,81,K3YbF6_225
NaTl2GaF6_225,225,cubic,144,Rb2LiRhF6_225
NaTl2InF6_225,225,cubic,12,BaCaLaSbO6_216
NaTl2MoF6_225,225,cubic,12,BaCaLaSbO6_216
NaV4(CuO4)3_204,204,cubic,54,EuNiO3_62
NaV4Cd3O12_6,6,monoclinic,171,TmRhO3_62
NaVF3_221,221,cubic,135,NaVF3_221
NaVF3_62,62,orthorhombic,136,NaVF3_62
NaZnO3_221,221,cubic,123,Na3SrTa4O12_6
Nb2Co(PbO3)3_164,164,trigonal,170,TlCuF3_123
Nb5PbSe8_12,12,monoclinic,137,Nb5PbSe8_12
Nb5SnSe8_12,12,monoclinic,137,Nb5PbSe8_12
NbAgO3_26,26,orthorhombic,96,La2NiMoO6_225
NbAgO3_57,57,orthorhombic,96,La2NiMoO6_225
NbBiO3_221,221,cubic,53,EuMoO3_221
NbBRh3_221,221,cubic,49,ErRu3C_221
NbCo(PbO3)2_225,225,cubic,158,Sr2CrSbO6_12
NbCr3(AgS4)2_26,26,orthorhombic,164,Sr8MgMn6O20_1
NbCr3(AgS4)2_31,31,orthorhombic,164,Sr8MgMn6O20_1
NbFe(PbO3)2_123,123,tetragonal,158,Sr2CrSbO6_12
NbFe(PbO3)2_225,225,cubic,170,TlCuF3_123
NbGa(PbO3)2_225,225,cubic,158,Sr2CrSbO6_12
NbMoS3_11,11,monoclinic,138,NbMoS3_11
Nd2CoRuO6_14,14,monoclinic,161,Sr3La7Mn7(FeO10)3_1
Nd2MgIrO6_14,14,monoclinic,89,KLaHfFeO6_216
Nd2MgPtO6_14,14,monoclinic,89,KLaHfFeO6_216
Nd2MnCoO6_14,14,monoclinic,161,Sr3La7Mn7(FeO10)3_1
Nd2MnFeO6_14,14,monoclinic,97,La3Mn3O10_1
Nd2MnGaO6_14,14,monoclinic,97,La3Mn3O10_1
Nd2MnNiO6_14,14,monoclinic,161,Sr3La7Mn7(FeO10)3_1
Nd2NiPtO6_14,14,monoclinic,97,La3Mn3O10_1
Nd2NiRuO6_14,14,monoclinic,161,Sr3La7Mn7(FeO10)3_1
Nd2ZnPtO6_14,14,monoclinic,158,Sr2CrSbO6_12
Nd3GaC_221,221,cubic,65,K2CeCuBr6_225
Nd3InC_221,221,cubic,152,RbTlI3_225
Nd3InN_221,221,cubic,152,RbTlI3_225
Nd3PbC_221,221,cubic,57,Gd3PbC_221
Nd3Sm(GaO3)4_6,6,monoclinic,161,Sr3La7Mn7(FeO10)3_1
Nd3SnN_221,221,cubic,58,Gd3SnC_221
Nd3TlC_221,221,cubic,57,Gd3PbC_221
Nd3TlN_221,221,cubic,57,Gd3PbC_221
Nd4Co3O10_14,14,monoclinic,161,Sr3La7Mn7(FeO10)3_1
Nd4Mn(NiO4)3_2,2,triclinic,99,LaFeO3_2
Nd4Ni3O10_14,14,monoclinic,161,Sr3La7Mn7(FeO10)3_1
Nd5Mn8(PbO8)3_221,221,cubic,161,Sr3La7Mn7(FeO10)3_1
Nd9Mn10O30_1,1,triclinic,97,La3Mn3O10_1
NdAlO3_221,221,cubic,50,ErVO3_62
NdBPd3_221,221,cubic,51,EuBPd3_221
NdCoO3_62,62,orthorhombic,54,EuNiO3_62
NdCoSbPbO6_7,7,monoclinic,158,Sr2CrSbO6_12
NdCuO3_62,62,orthorhombic,59,GdMnO3_62
NdEu2SbO6_225,225,cubic,14,BaSrNdSbO6_216
NdEu2TaO6_225,225,cubic,14,BaSrNdSbO6_216
NdEuHfTiO6_216,216,cubic,158,Sr2CrSbO6_12
NdGaO3_221,221,cubic,36,Cs2NaNdF6_225
NdInO3_62,62,orthorhombic,96,La2NiMoO6_225
NdLuO3_62,62,orthorhombic,53,EuMoO3_221
NdMn4(CuO4)3_204,204,cubic,54,EuNiO3_62
NdMnO3_14,14,monoclinic,97,La3Mn3O10_1
NdMnO3_62,62,orthorhombic,161,Sr3La7Mn7(FeO10)3_1
NdNpO3_221,221,cubic,5,Ba2CePaO6_225
NdReO3_221,221,cubic,96,La2NiMoO6_225
NdRh3C_221,221,cubic,156,SmRh3C_221
NdRhO3_62,62,orthorhombic,161,Sr3La7Mn7(FeO10)3_1
NdSbO3_221,221,cubic,14,BaSrNdSbO6_216
NdScO3_62,62,orthorhombic,173,VBiO3_14
NdTiO3_62,62,orthorhombic,97,La3Mn3O10_1
NdVO3_221,221,cubic,161,Sr3La7Mn7(FeO10)3_1
Ni3SbN_123,123,tetragonal,139,Ni3SbN_123
NiAgF3_221,221,cubic,96,La2NiMoO6_225
NiAsO3_221,221,cubic,174,ZnCuO3_221
NiBiO3_11,11,monoclinic,173,VBiO3_14
NiBiO3_2,2,triclinic,173,VBiO3_14
NiBiO3_62,62,orthorhombic,173,VBiO3_14
NiNCl3_194,194,hexagonal,91,KMn2O4_1
NiNF3_194,194,hexagonal,119,Na2LiAuF6_225
NiNF3_221,221,cubic,117,MnNF3_221
NiO3_65,65,orthorhombic,140,NiO3_65
NiPb2WO6_225,225,cubic,158,Sr2CrSbO6_12
NiPtO3_221,221,cubic,173,VBiO3_14
NiRuO3_221,221,cubic,174,ZnCuO3_221
NiSeO3_62,62,orthorhombic,54,EuNiO3_62
NiTeO3_62,62,orthorhombic,99,LaFeO3_2
NiW3N_62,62,orthorhombic,141,NiW3N_62
NpBO3_221,221,cubic,15,BeAuO3_221
NpHgO3_221,221,cubic,14,BaSrNdSbO6_216
NpMoO3_221,221,cubic,158,Sr2CrSbO6_12
NpOsO3_221,221,cubic,96,La2NiMoO6_225
NpSnO3_221,221,cubic,8,Ba2TmMoO6_225
NpTaO3_221,221,cubic,53,EuMoO3_221
NpTcO3_221,221,cubic,159,Sr2HfCrO6_12
NpTiO3_221,221,cubic,173,VBiO3_14
PaBO3_221,221,cubic,103,LiCeO3_221
PaHgO3_221,221,cubic,14,BaSrNdSbO6_216
PaOsO3_221,221,cubic,96,La2NiMoO6_225
PaSiO3_221,221,cubic,50,ErVO3_62
PbAuO3_221,221,cubic,53,EuMoO3_221
PbCI3N_99,99,tetragonal,142,PbCI3N_99
PmEuO3_221,221,cubic,6,Ba2ErPaO6_225
PmMgO3_221,221,cubic,97,La3Mn3O10_1
PmTiO3_1,1,triclinic,161,Sr3La7Mn7(FeO10)3_1
PmWO3_221,221,cubic,53,EuMoO3_221
Pr12Mn11O36_14,14,monoclinic,97,La3Mn3O10_1
Pr2CoRuO6_14,14,monoclinic,161,Sr3La7Mn7(FeO10)3_1
Pr2MgIrO6_14,14,monoclinic,89,KLaHfFeO6_216
Pr2MgPtO6_14,14,monoclinic,89,KLaHfFeO6_216
Pr2MnNiO6_14,14,monoclinic,161,Sr3La7Mn7(FeO10)3_1
Pr2NiO4_64,64,orthorhombic,96,La2NiMoO6_225
Pr2NiPtO6_14,14,monoclinic,158,Sr2CrSbO6_12
Pr2ZnPtO6_14,14,monoclinic,158,Sr2CrSbO6_12
Pr3GaC_221,221,cubic,65,K2CeCuBr6_225
Pr3InC_221,221,cubic,57,Gd3PbC_221
Pr3InO_221,221,cubic,58,Gd3SnC_221
Pr3PbC_221,221,cubic,57,Gd3PbC_221
Pr3SnC_221,221,cubic,151,RbPbBr3_8
Pr3SnN_221,221,cubic,58,Gd3SnC_221
Pr7Mn8O24_8,8,monoclinic,97,La3Mn3O10_1
PrCoO3_62,62,orthorhombic,165,SrCa7Mn7CrO23_1
PrCrO3_221,221,cubic,161,Sr3La7Mn7(FeO10)3_1
PrCuO3_221,221,cubic,165,SrCa7Mn7CrO23_1
PrEu2SbO6_225,225,cubic,14,BaSrNdSbO6_216
PrEuHfCrO6_216,216,cubic,158,Sr2CrSbO6_12
PrEuHfFeO6_216,216,cubic,158,Sr2CrSbO6_12
PrEuNbFeO6_216,216,cubic,96,La2NiMoO6_225
PrEuZrMnO6_216,216,cubic,53,EuMoO3_221
PrFeO3_62,62,orthorhombic,97,La3Mn3O10_1
PrGaO3_62,62,orthorhombic,161,Sr3La7Mn7(FeO10)3_1
PrHfO3_221,221,cubic,53,EuMoO3_221
PrInO3_62,62,orthorhombic,96,La2NiMoO6_225
PrLuO3_62,62,orthorhombic,53,EuMoO3_221
PrMgTi2O6_31,31,orthorhombic,19,CaHo(FeO3)2_31
PrMn2ZnO6_31,31,orthorhombic,97,La3Mn3O10_1
PrNbO3_221,221,cubic,53,EuMoO3_221
PrNiO3_62,62,orthorhombic,165,SrCa7Mn7CrO23_1
PrRuO3_62,62,orthorhombic,161,Sr3La7Mn7(FeO10)3_1
PrScO3_62,62,orthorhombic,173,VBiO3_14
PrScS3_62,62,orthorhombic,157,SmScS3_62
PrTiGe3_194,194,hexagonal,23,CeTiGe3_194
PrTiO3_221,221,cubic,161,Sr3La7Mn7(FeO10)3_1
PrVO3_221,221,cubic,161,Sr3La7Mn7(FeO10)3_1
PrVO3_62,62,orthorhombic,97,La3Mn3O10_1
PrZnCr2O6_31,31,orthorhombic,97,La3Mn3O10_1
PuBO3_221,221,cubic,15,BeAuO3_221
PuCrO3_62,62,orthorhombic,173,VBiO3_14
PuCuO3_221,221,cubic,165,SrCa7Mn7CrO23_1
PuMgO3_221,221,cubic,50,ErVO3_62
PuNiO3_221,221,cubic,171,TmRhO3_62
PuPbO3_221,221,cubic,14,BaSrNdSbO6_216
PuPtO3_221,221,cubic,53,EuMoO3_221
PuRh3C_123,123,tetragonal,172,UBRh3_221
PuTiO3_221,221,cubic,173,VBiO3_14
PuVO3_62,62,orthorhombic,173,VBiO3_14
Rb2AgAsCl6_225,225,cubic,26,Cs2DyCuCl6_225
Rb2AgAuBr6_225,225,cubic,65,K2CeCuBr6_225
Rb2AgAuF6_225,225,cubic,12,BaCaLaSbO6_216
Rb2AgBiCl6_225,225,cubic,34,Cs2NaHoCl6_225
Rb2AgMoBr6_225,225,cubic,39,CsAgBr3_6
Rb2AgMoF6_225,225,cubic,6,Ba2ErPaO6_225
Rb2AgPdF6_225,225,cubic,14,BaSrNdSbO6_216
Rb2AgSbBr6_225,225,cubic,27,Cs2GaHgBr6_225
Rb2AgSbF6_225,225,cubic,41,CsEuF3_221
Rb2AlAgBr6_225,225,cubic,39,CsAgBr3_6
Rb2AlAgCl6_225,225,cubic,26,Cs2DyCuCl6_225
Rb2AlHgBr6_225,225,cubic,27,Cs2GaHgBr6_225
Rb2AlInI6_225,225,cubic,143,Rb2InGaI6_225
Rb2AlTlBr6_225,225,cubic,43,CsTlBr3_8
Rb2AlTlI6_225,225,cubic,143,Rb2InGaI6_225
Rb2BiAuBr6_225,225,cubic,43,CsTlBr3_8
Rb2BiAuF6_225,225,cubic,147,Rb2YHgF6_225
Rb2CeAgBr6_225,225,cubic,43,CsTlBr3_8
Rb2CeAgI6_225,225,cubic,143,Rb2InGaI6_225
Rb2CeCuBr6_225,225,cubic,27,Cs2GaHgBr6_225
Rb2CeCuCl6_225,225,cubic,26,Cs2DyCuCl6_225
Rb2CeCuF6_225,225,cubic,36,Cs2NaNdF6_225
Rb2CoHgF6_225,225,cubic,12,BaCaLaSbO6_216
Rb2CuAuCl6_225,225,cubic,67,K2ErCuCl6_225
Rb2CuBiCl6_225,225,cubic,32,Cs2LiLuCl6_225
Rb2CuBiF6_225,225,cubic,36,Cs2NaNdF6_225
Rb2CuBiI6_225,225,cubic,143,Rb2InGaI6_225
Rb2CuMoCl6_225,225,cubic,85,KCrCl3_161
Rb2CuPdF6_225,225,cubic,14,BaSrNdSbO6_216
Rb2CuRuF6_225,225,cubic,14,BaSrNdSbO6_216
Rb2CuSbCl6_225,225,cubic,26,Cs2DyCuCl6_225
Rb2CuSbI6_225,225,cubic,33,Cs2LiMoI6_225
Rb2DyCuCl6_225,225,cubic,32,Cs2LiLuCl6_225
Rb2ErAuCl6_225,225,cubic,34,Cs2NaHoCl6_225
Rb2EuAgCl6_225,225,cubic,29,Cs2InHgCl6_225
Rb2GaAgCl6_225,225,cubic,26,Cs2DyCuCl6_225
Rb2GaAuBr6_225,225,cubic,65,K2CeCuBr6_225
Rb2GaHgBr6_225,225,cubic,27,Cs2GaHgBr6_225
Rb2GaHgI6_225,225,cubic,143,Rb2InGaI6_225
Rb2GdAgCl6_225,225,cubic,29,Cs2InHgCl6_225
Rb2HgAsCl6_225,225,cubic,34,Cs2NaHoCl6_225
Rb2HgBiBr6_225,225,cubic,43,CsTlBr3_8
Rb2HgPdF6_225,225,cubic,5,Ba2CePaO6_225
Rb2HgSbI6_225,225,cubic,152,RbTlI3_225
Rb2InAgBr6_225,225,cubic,27,Cs2GaHgBr6_225
Rb2InAgCl6_225,225,cubic,26,Cs2DyCuCl6_225
Rb2InAgI6_225,225,cubic,143,Rb2InGaI6_225
Rb2InAsBr6_225,225,cubic,27,Cs2GaHgBr6_225
Rb2InAsCl6_225,225,cubic,29,Cs2InHgCl6_225
Rb2InAuCl6_225,225,cubic,32,Cs2LiLuCl6_225
Rb2InAuF6_225,225,cubic,36,Cs2NaNdF6_225
Rb2InBiCl6_225,225,cubic,30,Cs2KSmCl6_225
Rb2InGaCl6_225,225,cubic,29,Cs2InHgCl6_225
Rb2InGaI6_225,225,cubic,143,Rb2InGaI6_225
Rb2InHgCl6_225,225,cubic,34,Cs2NaHoCl6_225
Rb2InHgF6_225,225,cubic,148,Rb3MoF6_225
Rb2InHgI6_225,225,cubic,143,Rb2InGaI6_225
Rb2InSbI6_225,225,cubic,145,Rb2NaCeI6_225
Rb2IrAuF6_225,225,cubic,5,Ba2CePaO6_225
Rb2LaAgCl6_225,225,cubic,29,Cs2InHgCl6_225
Rb2LiAlF6_225,225,cubic,137,Nb5PbSe8_12
Rb2LiAuF6_225,225,cubic,63,K2AgAuF6_225
Rb2LiBiBr6_225,225,cubic,27,Cs2GaHgBr6_225
Rb2LiBiCl6_225,225,cubic,32,Cs2LiLuCl6_225
Rb2LiBiF6_225,225,cubic,63,K2AgAuF6_225
Rb2LiDyBr6_225,225,cubic,65,K2CeCuBr6_225
Rb2LiDyCl6_225,225,cubic,32,Cs2LiLuCl6_225
Rb2LiErCl6_225,225,cubic,32,Cs2LiLuCl6_225
Rb2LiGaF6_225,225,cubic,144,Rb2LiRhF6_225
Rb2LiGdCl6_225,225,cubic,32,Cs2LiLuCl6_225
Rb2LiHoCl6_225,225,cubic,32,Cs2LiLuCl6_225
Rb2LiIrF6_225,225,cubic,134,NaSrNdWO6_216
Rb2LiLuCl6_225,225,cubic,32,Cs2LiLuCl6_225
Rb2LiMoBr6_225,225,cubic,39,CsAgBr3_6
Rb2LiMoF6_225,225,cubic,144,Rb2LiRhF6_225
Rb2LiMoI6_225,225,cubic,35,Cs2NaNdBr6_225
Rb2LiNbF6_225,225,cubic,144,Rb2LiRhF6_225
Rb2LiNdCl6_225,225,cubic,32,Cs2LiLuCl6_225
Rb2LiPrBr6_225,225,cubic,31,Cs2LiCeBr6_225
Rb2LiPrF6_225,225,cubic,63,K2AgAuF6_225
Rb2LiPrI6_225,225,cubic,143,Rb2InGaI6_225
Rb2LiRhF6_225,225,cubic,144,Rb2LiRhF6_225
Rb2LiRuF6_225,225,cubic,144,Rb2LiRhF6_225
Rb2LiSbCl6_225,225,cubic,32,Cs2LiLuCl6_225
Rb2LiSbI6_225,225,cubic,33,Cs2LiMoI6_225
Rb2LiScCl6_225,225,cubic,25,Cs2BrCl6F_225
Rb2LiScF6_225,225,cubic,86,KCrF3_140
Rb2LiTaBr6_225,225,cubic,65,K2CeCuBr6_225
Rb2LiTaCl6_225,225,cubic,67,K2ErCuCl6_225
Rb2LiTaF6_225,225,cubic,134,NaSrNdWO6_216
Rb2LiTbCl6_225,225,cubic,32,Cs2LiLuCl6_225
Rb2LiTlF6_225,225,cubic,63,K2AgAuF6_225
Rb2LiTmCl6_225,225,cubic,32,Cs2LiLuCl6_225
Rb2LiVCl6_225,225,cubic,167,Tb3AlC_221
Rb2LiYbCl6_225,225,cubic,67,K2ErCuCl6_225
Rb2LiYCl6_225,225,cubic,25,Cs2BrCl6F_225
Rb2LuCuCl6_225,225,cubic,32,Cs2LiLuCl6_225
Rb2MnAgF6_225,225,cubic,93,KRb2AlF6_225
Rb2NaAlCl6_225,225,cubic,25,Cs2BrCl6F_225
Rb2NaAsF6_225,225,cubic,7,Ba2TmMgNbO6_71
Rb2NaAuBr6_225,225,cubic,65,K2CeCuBr6_225
Rb2NaAuCl6_225,225,cubic,32,Cs2LiLuCl6_225
Rb2NaBiBr6_225,225,cubic,43,CsTlBr3_8
Rb2NaBiCl6_225,225,cubic,75,K2NaCeCl6_225
Rb2NaCeBr6_225,225,cubic,35,Cs2NaNdBr6_225
Rb2NaCeCl6_225,225,cubic,34,Cs2NaHoCl6_225
Rb2NaCeF6_225,225,cubic,36,Cs2NaNdF6_225
Rb2NaCeI6_225,225,cubic,145,Rb2NaCeI6_225
Rb2NaCrCl6_225,225,cubic,25,Cs2BrCl6F_225
Rb2NaCuF6_225,225,cubic,7,Ba2TmMgNbO6_71
Rb2NaErCl6_225,225,cubic,34,Cs2NaHoCl6_225
Rb2NaEuCl6_225,225,cubic,34,Cs2NaHoCl6_225
Rb2NaGaCl6_225,225,cubic,25,Cs2BrCl6F_225
Rb2NaGaF6_225,225,cubic,7,Ba2TmMgNbO6_71
Rb2NaHoF6_225,225,cubic,77,K2RbTiF6_139
Rb2NaInCl6_225,225,cubic,32,Cs2LiLuCl6_225
Rb2NaInF6_225,225,cubic,12,BaCaLaSbO6_216
Rb2NaLaCl6_225,225,cubic,34,Cs2NaHoCl6_225
Rb2NaLuCl6_225,225,cubic,32,Cs2LiLuCl6_225
Rb2NaMnF6_139,139,tetragonal,7,Ba2TmMgNbO6_71
Rb2NaMnF6_225,225,cubic,7,Ba2TmMgNbO6_71
Rb2NaMoCl6_225,225,cubic,25,Cs2BrCl6F_225
Rb2NaNbF6_225,225,cubic,12,BaCaLaSbO6_216
Rb2NaNdCl6_225,225,cubic,34,Cs2NaHoCl6_225
Rb2NaNdF6_225,225,cubic,36,Cs2NaNdF6_225
Rb2NaPdF6_139,139,tetragonal,7,Ba2TmMgNbO6_71
Rb2NaPdF6_225,225,cubic,7,Ba2TmMgNbO6_71
Rb2NaPrBr6_225,225,cubic,35,Cs2NaNdBr6_225
Rb2NaPrI6_225,225,cubic,145,Rb2NaCeI6_225
Rb2NaRuF6_225,225,cubic,7,Ba2TmMgNbO6_71
Rb2NaSbBr6_225,225,cubic,31,Cs2LiCeBr6_225
Rb2NaScCl6_225,225,cubic,25,Cs2BrCl6F_225
Rb2NaScF6_225,225,cubic,93,KRb2AlF6_225
Rb2NaScI6_225,225,cubic,33,Cs2LiMoI6_225
Rb2NaSmF6_225,225,cubic,36,Cs2NaNdF6_225
Rb2NaTaI6_225,225,cubic,143,Rb2InGaI6_225
Rb2NaTbF6_225,225,cubic,77,K2RbTiF6_139
Rb2NaVCl6_225,225,cubic,25,Cs2BrCl6F_225
Rb2NaYbF6_225,225,cubic,66,K2CrAgF6_225
Rb2NaYBr6_225,225,cubic,31,Cs2LiCeBr6_225
Rb2NaYI6_225,225,cubic,146,Rb2NaYI6_225
Rb2NbTlF6_225,225,cubic,147,Rb2YHgF6_225
Rb2NdAgCl6_225,225,cubic,29,Cs2InHgCl6_225
Rb2NdAgF6_225,225,cubic,41,CsEuF3_221
Rb2NdCuBr6_225,225,cubic,27,Cs2GaHgBr6_225
Rb2NdCuCl6_225,225,cubic,26,Cs2DyCuCl6_225
Rb2NdCuF6_225,225,cubic,36,Cs2NaNdF6_225
Rb2NiAgF6_225,225,cubic,14,BaSrNdSbO6_216
Rb2PrAgBr6_225,225,cubic,43,CsTlBr3_8
Rb2PrAgI6_225,225,cubic,143,Rb2InGaI6_225
Rb2PrCuBr6_225,225,cubic,27,Cs2GaHgBr6_225
Rb2PrCuF6_225,225,cubic,36,Cs2NaNdF6_225
Rb2RhAuF6_225,225,cubic,12,BaCaLaSbO6_216
Rb2SbAuBr6_225,225,cubic,43,CsTlBr3_8
Rb2SbAuI6_225,225,cubic,143,Rb2InGaI6_225
Rb2ScAgCl6_225,225,cubic,26,Cs2DyCuCl6_225
Rb2ScAgF6_225,225,cubic,94,KRb2TiF6_225
Rb2ScHgBr6_225,225,cubic,43,CsTlBr3_8
Rb2ScInBr6_225,225,cubic,35,Cs2NaNdBr6_225
Rb2ScTlBr6_225,225,cubic,43,CsTlBr3_8
Rb2ScTlCl6_225,225,cubic,30,Cs2KSmCl6_225
Rb2SmAgCl6_225,225,cubic,29,Cs2InHgCl6_225
Rb2SmCuCl6_225,225,cubic,26,Cs2DyCuCl6_225
Rb2TaAgBr6_225,225,cubic,65,K2CeCuBr6_225
Rb2TaAgI6_225,225,cubic,143,Rb2InGaI6_225
Rb2TaCuBr6_225,225,cubic,88,KGeCl3_8
Rb2TaCuCl6_225,225,cubic,67,K2ErCuCl6_225
Rb2TaCuF6_225,225,cubic,12,BaCaLaSbO6_216
Rb2TbAuCl6_225,225,cubic,34,Cs2NaHoCl6_225
Rb2TlAgBr6_225,225,cubic,43,CsTlBr3_8
Rb2TlAgCl6_225,225,cubic,32,Cs2LiLuCl6_225
Rb2TlAgI6_225,225,cubic,143,Rb2InGaI6_225
Rb2TlAsF6_225,225,cubic,147,Rb2YHgF6_225
Rb2TlAuBr6_225,225,cubic,43,CsTlBr3_8
Rb2TlAuF6_225,225,cubic,148,Rb3MoF6_225
Rb2TlBiF6_225,225,cubic,28,Cs2InBiF6_225
Rb2TlGaBr6_225,225,cubic,43,CsTlBr3_8
Rb2TlGaI6_225,225,cubic,143,Rb2InGaI6_225
Rb2TlHgBr6_225,225,cubic,43,CsTlBr3_8
Rb2TlHgCl6_225,225,cubic,34,Cs2NaHoCl6_225
Rb2TlHgI6_225,225,cubic,152,RbTlI3_225
Rb2TlInBr6_225,225,cubic,43,CsTlBr3_8
Rb2TlInCl6_225,225,cubic,30,Cs2KSmCl6_225
Rb2TlInI6_225,225,cubic,152,RbTlI3_225
Rb2TlPdF6_225,225,cubic,36,Cs2NaNdF6_225
Rb2TlRhF6_225,225,cubic,148,Rb3MoF6_225
Rb2TlSbF6_225,225,cubic,147,Rb2YHgF6_225
Rb2TmAuCl6_225,225,cubic,32,Cs2LiLuCl6_225
Rb2TmCuCl6_225,225,cubic,32,Cs2LiLuCl6_225
Rb2YAgCl6_225,225,cubic,29,Cs2InHgCl6_225
Rb2YAgI6_225,225,cubic,143,Rb2InGaI6_225
Rb2YAuCl6_225,225,cubic,34,Cs2NaHoCl6_225
Rb2YCuF6_225,225,cubic,13,BaCaO3_221
Rb2YCuI6_225,225,cubic,33,Cs2LiMoI6_225
Rb2YHgF6_225,225,cubic,147,Rb2YHgF6_225
Rb2YInF6_225,225,cubic,41,CsEuF3_221
Rb3AlBr6_225,225,cubic,35,Cs2NaNdBr6_225
Rb3AlCl6_225,225,cubic,29,Cs2InHgCl6_225
Rb3AsF6_225,225,cubic,148,Rb3MoF6_225
Rb3AuCl6_225,225,cubic,75,K2NaCeCl6_225
Rb3AuO_221,221,cubic,38,Cs3Sc2Br9_194
Rb3BiF6_225,225,cubic,147,Rb2YHgF6_225
Rb3BrO_221,221,cubic,10,Ba3SnO_221
Rb3ClO_62,62,orthorhombic,60,In9Pb4S17_55
Rb3DyF6_225,225,cubic,147,Rb2YHgF6_225
Rb3ErF6_225,225,cubic,147,Rb2YHgF6_225
Rb3InCl6_225,225,cubic,30,Cs2KSmCl6_225
Rb3IO_194,194,hexagonal,38,Cs3Sc2Br9_194
Rb3IrF6_225,225,cubic,68,K2InHgF6_225
Rb3LuF6_225,225,cubic,147,Rb2YHgF6_225
Rb3MoF6_225,225,cubic,148,Rb3MoF6_225
Rb3NaRe2O9_194,194,hexagonal,152,RbTlI3_225
Rb3PdF6_225,225,cubic,41,CsEuF3_221
Rb3RuF6_139,139,tetragonal,148,Rb3MoF6_225
Rb3SbCl6_225,225,cubic,30,Cs2KSmCl6_225
Rb3Sc2Br9_194,194,hexagonal,38,Cs3Sc2Br9_194
Rb3TaF6_225,225,cubic,147,Rb2YHgF6_225
Rb3TlF6_225,225,cubic,147,Rb2YHgF6_225
RbAcO3_221,221,cubic,148,Rb3MoF6_225
RbAgBr3_8,8,monoclinic,39,CsAgBr3_6
RbAgF3_123,123,tetragonal,14,BaSrNdSbO6_216
RbAgF3_38,38,orthorhombic,14,BaSrNdSbO6_216
RbAgO3_221,221,cubic,14,BaSrNdSbO6_216
RbAlO3_221,221,cubic,161,Sr3La7Mn7(FeO10)3_1
RbAuBr3_221,221,cubic,65,K2CeCuBr6_225
RbAuCl3_221,221,cubic,34,Cs2NaHoCl6_225
RbBaO3_221,221,cubic,28,Cs2InBiF6_225
RbBO3_221,221,cubic,108,LuAlO3_221
RbCaBr3_221,221,cubic,31,Cs2LiCeBr6_225
RbCaBr3_62,62,orthorhombic,60,In9Pb4S17_55
RbCaCl3_1,1,triclinic,39,CsAgBr3_6
RbCaCl3_8,8,monoclinic,39,CsAgBr3_6
RbCaH3_221,221,cubic,5,Ba2CePaO6_225
RbCaI3_8,8,monoclinic,146,Rb2NaYI6_225
RbCaO3_221,221,cubic,94,KRb2TiF6_225
RbCdN3_221,221,cubic,148,Rb3MoF6_225
RbCoBr3_158,158,trigonal,149,RbCoBr3_158
RbCoBr3_165,165,trigonal,150,RbCoBr3_185
RbCoBr3_185,185,hexagonal,150,RbCoBr3_185
RbCoBr3_194,194,hexagonal,149,RbCoBr3_158
RbCr3S5_12,12,monoclinic,45,CsV5S8_12
RbCr5Te8_12,12,monoclinic,38,Cs3Sc2Br9_194
RbCrF3_123,123,tetragonal,86,KCrF3_140
RbDyBr3_62,62,orthorhombic,27,Cs2GaHgBr6_225
RbDyI3_62,62,orthorhombic,151,RbPbBr3_8
RbErO3_221,221,cubic,5,Ba2CePaO6_225
RbEuCl3_221,221,cubic,40,CsEuCl3_221
RbFe3O5_31,31,orthorhombic,164,Sr8MgMn6O20_1
RbFe3O5_6,6,monoclinic,164,Sr8MgMn6O20_1
RbFeCl3_194,194,hexagonal,95,KTiCl3_1
RbFeCl3_221,221,cubic,85,KCrCl3_161
RbFeF3_221,221,cubic,86,KCrF3_140
RbFeO3_221,221,cubic,96,La2NiMoO6_225
RbGeCl3_33,33,orthorhombic,25,Cs2BrCl6F_225
RbGeO3_221,221,cubic,96,La2NiMoO6_225
RbHgF3_221,221,cubic,36,Cs2NaNdF6_225
RbInCl3_225,225,cubic,29,Cs2InHgCl6_225
RbInO3_221,221,cubic,14,BaSrNdSbO6_216
RbLa2Ti3O9_164,164,trigonal,161,Sr3La7Mn7(FeO10)3_1
RbMgCl3_194,194,hexagonal,167,Tb3AlC_221
RbMgF3_194,194,hexagonal,137,Nb5PbSe8_12
RbMgH3_194,194,hexagonal,134,NaSrNdWO6_216
RbMnO3_221,221,cubic,96,La2NiMoO6_225
RbMoO3_221,221,cubic,53,EuMoO3_221
RbNaO3_221,221,cubic,94,KRb2TiF6_225
RbNiF3_194,194,hexagonal,9,Ba3FeRu2O9_194
RbNiO3_221,221,cubic,96,La2NiMoO6_225
RbNpO3_221,221,cubic,11,BaCaDyNbO6_216
RbPaO3_221,221,cubic,12,BaCaLaSbO6_216
RbPbBr3_8,8,monoclinic,151,RbPbBr3_8
RbPbCl3_221,221,cubic,30,Cs2KSmCl6_225
RbPbF3_221,221,cubic,147,Rb2YHgF6_225
RbPdBr3_1,1,triclinic,46,Dy3GaC_221
RbPdBr3_6,6,monoclinic,46,Dy3GaC_221
RbPdCl3_221,221,cubic,85,KCrCl3_161
RbPdF3_221,221,cubic,14,BaSrNdSbO6_216
RbPtO3_221,221,cubic,166,SrPrZnBiO6_216
RbPuO3_221,221,cubic,11,BaCaDyNbO6_216
RbRhO3_221,221,cubic,53,EuMoO3_221
RbRuO3_221,221,cubic,96,La2NiMoO6_225
RbSbO3_221,221,cubic,53,EuMoO3_221
RbScBr3_194,194,hexagonal,38,Cs3Sc2Br9_194
RbScCl3_194,194,hexagonal,42,CsPdBr3_1
RbSeBr3_99,99,tetragonal,39,CsAgBr3_6
RbSrCl3_11,11,monoclinic,40,CsEuCl3_221
RbSrCl3_127,127,tetragonal,40,CsEuCl3_221
RbSrCl3_221,221,cubic,40,CsEuCl3_221
RbSrCl3_8,8,monoclinic,40,CsEuCl3_221
RbTaO3_160,160,trigonal,166,SrPrZnBiO6_216
RbTbO3_221,221,cubic,5,Ba2CePaO6_225
RbTeO3_221,221,cubic,8,Ba2TmMoO6_225
RbTlBr3_8,8,monoclinic,43,CsTlBr3_8
RbTlI3_225,225,cubic,152,RbTlI3_225
RbTmBr3_62,62,orthorhombic,27,Cs2GaHgBr6_225
RbTmI3_62,62,orthorhombic,151,RbPbBr3_8
RbV5Se8_1,1,triclinic,169,TlCr5Se8_12
RbWO3_221,221,cubic,166,SrPrZnBiO6_216
RbYbF3_221,221,cubic,12,BaCaLaSbO6_216
RbYO3_221,221,cubic,5,Ba2CePaO6_225
RbZnF3_194,194,hexagonal,9,Ba3FeRu2O9_194
ReNi(PbO3)2_225,225,cubic,158,Sr2CrSbO6_12
ReSbO3_221,221,cubic,96,La2NiMoO6_225
RuPbO3_221,221,cubic,96,La2NiMoO6_225
SbPdO3_221,221,cubic,96,La2NiMoO6_225
Sc2CrReO6_225,225,cubic,123,Na3SrTa4O12_6
Sc3GaC_221,221,cubic,22,Ce3Co4Sn13_223
Sc3InN_221,221,cubic,153,Sc3InN_221
Sc3SnB_221,221,cubic,47,Er3AlN_221
Sc3SnC_221,221,cubic,153,Sc3InN_221
Sc3TlC_221,221,cubic,19,CaHo(FeO3)2_31
ScAlO3_62,62,orthorhombic,2,AlVO3_62
ScBiO3_221,221,cubic,170,TlCuF3_123
ScBPd3_221,221,cubic,172,UBRh3_221
ScBRh3_221,221,cubic,154,ScBRh3_221
ScCoO3_14,14,monoclinic,155,ScCoO3_14
ScCoO3_221,221,cubic,155,ScCoO3_14
ScCuO3_221,221,cubic,171,TmRhO3_62
ScFeO3_2,2,triclinic,155,ScCoO3_14
ScGaO3_62,62,orthorhombic,155,ScCoO3_14
ScMnO3_14,14,monoclinic,155,ScCoO3_14
ScPt3C_221,221,cubic,172,UBRh3_221
ScRh3C_221,221,cubic,154,ScBRh3_221
ScRhO3_62,62,orthorhombic,50,ErVO3_62
ScSb(PbO3)2_44,44,orthorhombic,170,TlCuF3_123
ScSnO3_221,221,cubic,9,Ba3FeRu2O9_194
ScTa(PbO3)2_225,225,cubic,166,SrPrZnBiO6_216
ScVO3_221,221,cubic,174,ZnCuO3_221
SiBO3_221,221,cubic,110,MgBO3_221
SiHgO3_221,221,cubic,108,LuAlO3_221
SiMoO3_221,221,cubic,155,ScCoO3_14
SiPbO3_221,221,cubic,50,ErVO3_62
SiSnO3_221,221,cubic,155,ScCoO3_14
Sm2CoPtO6_14,14,monoclinic,97,La3Mn3O10_1
Sm2CoRuO6_14,14,monoclinic,161,Sr3La7Mn7(FeO10)3_1
Sm2Mg(BiO4)2_1,1,triclinic,60,In9Pb4S17_55
Sm2MgPtO6_14,14,monoclinic,97,La3Mn3O10_1
Sm2NiPtO6_14,14,monoclinic,97,La3Mn3O10_1
Sm2NiRuO6_14,14,monoclinic,161,Sr3La7Mn7(FeO10)3_1
Sm2ZnPtO6_14,14,monoclinic,97,La3Mn3O10_1
Sm3AlN_221,221,cubic,167,Tb3AlC_221
Sm3InN_221,221,cubic,58,Gd3SnC_221
Sm3PbC_221,221,cubic,57,Gd3PbC_221
Sm3SnN_221,221,cubic,58,Gd3SnC_221
Sm3TlC_221,221,cubic,58,Gd3SnC_221
SmAgS2_4,4,monoclinic,60,In9Pb4S17_55
SmAlO3_62,62,orthorhombic,50,ErVO3_62
SmCoO3_221,221,cubic,54,EuNiO3_62
SmCuO3_221,221,cubic,165,SrCa7Mn7CrO23_1
SmEu2NbO6_201,201,cubic,53,EuMoO3_221
SmEu2SbO6_201,201,cubic,8,Ba2TmMoO6_225
SmEu2TaO6_225,225,cubic,14,BaSrNdSbO6_216
SmEu2VO6_225,225,cubic,53,EuMoO3_221
SmEuHfFeO6_216,216,cubic,158,Sr2CrSbO6_12
SmFeO3_221,221,cubic,161,Sr3La7Mn7(FeO10)3_1
SmFeO3_62,62,orthorhombic,59,GdMnO3_62
SmGaO3_221,221,cubic,99,LaFeO3_2
SmGePd3_221,221,cubic,107,Lu3InC_221
SmHoO3_62,62,orthorhombic,8,Ba2TmMoO6_225
SmLuO3_62,62,orthorhombic,53,EuMoO3_221
SmMnO3_221,221,cubic,161,Sr3La7Mn7(FeO10)3_1
SmMnO3_62,62,orthorhombic,59,GdMnO3_62
SmNiO3_62,62,orthorhombic,54,EuNiO3_62
SmRh3C_221,221,cubic,156,SmRh3C_221
SmSbO3_221,221,cubic,14,BaSrNdSbO6_216
SmScO3_62,62,orthorhombic,173,VBiO3_14
SmScS3_62,62,orthorhombic,157,SmScS3_62
SmTiO3_62,62,orthorhombic,97,La3Mn3O10_1
SmTlO3_62,62,orthorhombic,8,Ba2TmMoO6_225
SmVO3_221,221,cubic,161,Sr3La7Mn7(FeO10)3_1
SnCCl3_221,221,cubic,71,K2LiNdCl6_225
SnGeO3_221,221,cubic,163,Sr6Ca2Fe5(CoO8)3_3
SnH6CI3N_62,62,orthorhombic,152,RbTlI3_225
SnHgO3_221,221,cubic,53,EuMoO3_221
SnPbO3_221,221,cubic,53,EuMoO3_221
SnPbS3_62,62,orthorhombic,27,Cs2GaHgBr6_225
SnPd3C_221,221,cubic,156,SmRh3C_221
Sr12Ru11O36_14,14,monoclinic,158,Sr2CrSbO6_12
Sr16(Ru5O16)3_2,2,triclinic,158,Sr2CrSbO6_12
Sr16Fe16O47_139,139,tetragonal,163,Sr6Ca2Fe5(CoO8)3_3
Sr18Co14O45_5,5,monoclinic,164,Sr8MgMn6O20_1
Sr2AlBiO6_225,225,cubic,89,KLaHfFeO6_216
Sr2AlSbO6_225,225,cubic,161,Sr3La7Mn7(FeO10)3_1
Sr2Ca14Mn14Al2O45_1,1,triclinic,165,SrCa7Mn7CrO23_1
Sr2Ca2Fe(CoO4)3_6,6,monoclinic,163,Sr6Ca2Fe5(CoO8)3_3
Sr2Ca2Mn(FeO4)3_6,6,monoclinic,163,Sr6Ca2Fe5(CoO8)3_3
Sr2Ca2TiMn3O12_6,6,monoclinic,163,Sr6Ca2Fe5(CoO8)3_3
Sr2Ca6Co7CuO24_38,38,orthorhombic,165,SrCa7Mn7CrO23_1
Sr2Ca6FeCo7O24_38,38,orthorhombic,165,SrCa7Mn7CrO23_1
Sr2Ca6TiMn7O24_38,38,orthorhombic,163,Sr6Ca2Fe5(CoO8)3_3
Sr2CaCrO6_225,225,cubic,96,La2NiMoO6_225
Sr2CaMnO6_225,225,cubic,96,La2NiMoO6_225
Sr2CaOsO6_225,225,cubic,130,NaPrYSbO6_216
Sr2CaReO6_14,14,monoclinic,130,NaPrYSbO6_216
Sr2CaSbO6_14,14,monoclinic,160,Sr2NdMnO6_225
Sr2CaTi3O9_6,6,monoclinic,161,Sr3La7Mn7(FeO10)3_1
Sr2CaUO6_14,14,monoclinic,134,NaSrNdWO6_216
Sr2CaWO6_14,14,monoclinic,130,NaPrYSbO6_216
Sr2CaWO6_225,225,cubic,130,NaPrYSbO6_216
Sr2CdWO6_14,14,monoclinic,166,SrPrZnBiO6_216
Sr2CeBiO6_225,225,cubic,12,BaCaLaSbO6_216
Sr2CeCrO6_225,225,cubic,166,SrPrZnBiO6_216
Sr2CeMn3O9_12,12,monoclinic,161,Sr3La7Mn7(FeO10)3_1
Sr2CeNbO6_201,201,cubic,14,BaSrNdSbO6_216
Sr2CeSbO6_201,201,cubic,14,BaSrNdSbO6_216
Sr2CeSbO6_225,225,cubic,14,BaSrNdSbO6_216
Sr2CeSiO6_225,225,cubic,159,Sr2HfCrO6_12
Sr2CeZrO6_225,225,cubic,14,BaSrNdSbO6_216
Sr2CoBiO6_225,225,cubic,89,KLaHfFeO6_216
Sr2CoReO6_1,1,triclinic,159,Sr2HfCrO6_12
Sr2CoReO6_87,87,tetragonal,159,Sr2HfCrO6_12
Sr2CoSbO6_12,12,monoclinic,96,La2NiMoO6_225
Sr2CoSbO6_139,139,tetragonal,96,La2NiMoO6_225
Sr2CoSbO6_71,71,orthorhombic,158,Sr2CrSbO6_12
Sr2CoWO6_12,12,monoclinic,159,Sr2HfCrO6_12
Sr2CrBiO6_225,225,cubic,130,NaPrYSbO6_216
Sr2CrMoO6_225,225,cubic,96,La2NiMoO6_225
Sr2CrOsO6_148,148,trigonal,159,Sr2HfCrO6_12
Sr2CrOsO6_225,225,cubic,159,Sr2HfCrO6_12
Sr2CrReO6_225,225,cubic,159,Sr2HfCrO6_12
Sr2CrSbO6_12,12,monoclinic,158,Sr2CrSbO6_12
Sr2CrSbO6_225,225,cubic,158,Sr2CrSbO6_12
Sr2CrSbO6_87,87,tetragonal,158,Sr2CrSbO6_12
Sr2CrWO6_139,139,tetragonal,159,Sr2HfCrO6_12
Sr2CuWO6_225,225,cubic,159,Sr2HfCrO6_12
Sr2CuWO6_87,87,tetragonal,89,KLaHfFeO6_216
Sr2DyBiO6_14,14,monoclinic,11,BaCaDyNbO6_216
Sr2DyMoO6_14,14,monoclinic,166,SrPrZnBiO6_216
Sr2DyRuO6_14,14,monoclinic,166,SrPrZnBiO6_216
Sr2DySbO6_225,225,cubic,160,Sr2NdMnO6_225
Sr2DyTaO6_14,14,monoclinic,166,SrPrZnBiO6_216
Sr2DyUO6_225,225,cubic,12,BaCaLaSbO6_216
Sr2ErBiO6_14,14,monoclinic,11,BaCaDyNbO6_216
Sr2ErMoO6_14,14,monoclinic,166,SrPrZnBiO6_216
Sr2ErReO6_225,225,cubic,166,SrPrZnBiO6_216
Sr2ErRuO6_14,14,monoclinic,166,SrPrZnBiO6_216
Sr2ErTaO6_14,14,monoclinic,166,SrPrZnBiO6_216
Sr2ErUO6_225,225,cubic,12,BaCaLaSbO6_216
Sr2EuBiO6_14,14,monoclinic,11,BaCaDyNbO6_216
Sr2EuCrO6_225,225,cubic,166,SrPrZnBiO6_216
Sr2EuNbO6_225,225,cubic,14,BaSrNdSbO6_216
Sr2EuTaO6_14,14,monoclinic,11,BaCaDyNbO6_216
Sr2EuWO6_14,14,monoclinic,11,BaCaDyNbO6_216
Sr2EuWO6_225,225,cubic,12,BaCaLaSbO6_216
Sr2FeBiO6_225,225,cubic,130,NaPrYSbO6_216
Sr2FeCoO6_123,123,tetragonal,163,Sr6Ca2Fe5(CoO8)3_3
Sr2FeMoO6_87,87,tetragonal,96,La2NiMoO6_225
Sr2FeOsO6_139,139,tetragonal,159,Sr2HfCrO6_12
Sr2FeOsO6_166,166,trigonal,159,Sr2HfCrO6_12
Sr2FeRuO6_225,225,cubic,158,Sr2CrSbO6_12
Sr2FeSbO6_225,225,cubic,158,Sr2CrSbO6_12
Sr2FeSnO6_123,123,tetragonal,96,La2NiMoO6_225
Sr2FeSnO6_47,47,orthorhombic,96,La2NiMoO6_225
Sr2FeSnO6_69,69,orthorhombic,158,Sr2CrSbO6_12
Sr2GaBiO6_225,225,cubic,166,SrPrZnBiO6_216
Sr2GaOsO6_225,225,cubic,159,Sr2HfCrO6_12
Sr2GaReO6_225,225,cubic,159,Sr2HfCrO6_12
Sr2GdBiO6_14,14,monoclinic,11,BaCaDyNbO6_216
Sr2GdBiO6_225,225,cubic,12,BaCaLaSbO6_216
Sr2GdCrO6_225,225,cubic,166,SrPrZnBiO6_216
Sr2GdMoO6_14,14,monoclinic,160,Sr2NdMnO6_225
Sr2GdReO6_225,225,cubic,160,Sr2NdMnO6_225
Sr2GdRuO6_12,12,monoclinic,166,SrPrZnBiO6_216
Sr2GdSbO6_201,201,cubic,160,Sr2NdMnO6_225
Sr2GdSbO6_225,225,cubic,8,Ba2TmMoO6_225
Sr2GdTaO6_14,14,monoclinic,166,SrPrZnBiO6_216
Sr2GdVO6_225,225,cubic,166,SrPrZnBiO6_216
Sr2GdWO6_201,201,cubic,160,Sr2NdMnO6_225
Sr2GdWO6_225,225,cubic,11,BaCaDyNbO6_216
Sr2HfCoO6_225,225,cubic,159,Sr2HfCrO6_12
Sr2HfCrO6_12,12,monoclinic,159,Sr2HfCrO6_12
Sr2HfSnO6_225,225,cubic,166,SrPrZnBiO6_216
Sr2HfTiO6_12,12,monoclinic,89,KLaHfFeO6_216
Sr2HfTiO6_225,225,cubic,89,KLaHfFeO6_216
Sr2HfWO6_225,225,cubic,166,SrPrZnBiO6_216
Sr2HoBiO6_14,14,monoclinic,11,BaCaDyNbO6_216
Sr2HoMoO6_14,14,monoclinic,166,SrPrZnBiO6_216
Sr2HoRuO6_14,14,monoclinic,166,SrPrZnBiO6_216
Sr2HoTaO6_14,14,monoclinic,166,SrPrZnBiO6_216
Sr2HoUO6_225,225,cubic,12,BaCaLaSbO6_216
Sr2InBiO6_225,225,cubic,11,BaCaDyNbO6_216
Sr2InOsO6_14,14,monoclinic,166,SrPrZnBiO6_216
Sr2InOsO6_225,225,cubic,166,SrPrZnBiO6_216
Sr2InReO6_225,225,cubic,166,SrPrZnBiO6_216
Sr2InSbO6_225,225,cubic,53,EuMoO3_221
Sr2InWO6_225,225,cubic,166,SrPrZnBiO6_216
Sr2La(FeO3)3_164,164,trigonal,161,Sr3La7Mn7(FeO10)3_1
Sr2La14Mg2Ga14O45_1,1,triclinic,158,Sr2CrSbO6_12
Sr2La14Mg4(Ga4O15)3_1,1,triclinic,161,Sr3La7Mn7(FeO10)3_1
Sr2La14Mg4Ga12O43_1,1,triclinic,161,Sr3La7Mn7(FeO10)3_1
Sr2La2Mg(RuO4)3_1,1,triclinic,158,Sr2CrSbO6_12
Sr2La2MgTi3O12_14,14,monoclinic,161,Sr3La7Mn7(FeO10)3_1
Sr2La3FeCo4O15_160,160,trigonal,99,LaFeO3_2
Sr2LaNbO6_225,225,cubic,14,BaSrNdSbO6_216
Sr2LaSbO6_225,225,cubic,14,BaSrNdSbO6_216
Sr2LaTaO6_225,225,cubic,12,BaCaLaSbO6_216
Sr2LiLaTi4O12_139,139,tetragonal,97,La3Mn3O10_1
Sr2LiOsO6_225,225,cubic,89,KLaHfFeO6_216
Sr2LiPr2Fe2(RuO6)2_1,1,triclinic,158,Sr2CrSbO6_12
Sr2LiReO6_225,225,cubic,89,KLaHfFeO6_216
Sr2LiTeO6_14,14,monoclinic,89,KLaHfFeO6_216
Sr2LiZrCrO6_71,71,orthorhombic,9,Ba3FeRu2O9_194
Sr2LuBiO6_14,14,monoclinic,11,BaCaDyNbO6_216
Sr2LuIrO6_14,14,monoclinic,166,SrPrZnBiO6_216
Sr2LuNbO6_14,14,monoclinic,166,SrPrZnBiO6_216
Sr2LuNbO6_225,225,cubic,160,Sr2NdMnO6_225
Sr2LuRuO6_14,14,monoclinic,166,SrPrZnBiO6_216
Sr2LuTaO6_225,225,cubic,166,SrPrZnBiO6_216
Sr2LuTaO6_44,44,orthorhombic,166,SrPrZnBiO6_216
Sr2LuUO6_225,225,cubic,11,BaCaDyNbO6_216
Sr2MgMoO6_225,225,cubic,159,Sr2HfCrO6_12
Sr2MgMoO6_87,87,tetragonal,159,Sr2HfCrO6_12
Sr2MgOsO6_87,87,tetragonal,89,KLaHfFeO6_216
Sr2MgReO6_225,225,cubic,89,KLaHfFeO6_216
Sr2MgTeO6_12,12,monoclinic,159,Sr2HfCrO6_12
Sr2MgUO6_14,14,monoclinic,132,NaSr2OsO6_225
Sr2MgWO6_225,225,cubic,89,KLaHfFeO6_216
Sr2MnCrO6_25,25,orthorhombic,163,Sr6Ca2Fe5(CoO8)3_3
Sr2MnMoO6_14,14,monoclinic,53,EuMoO3_221
Sr2MnNbO6_139,139,tetragonal,96,La2NiMoO6_225
Sr2MnReO6_225,225,cubic,89,KLaHfFeO6_216
Sr2MnTeO6_14,14,monoclinic,166,SrPrZnBiO6_216
Sr2MnWO6_14,14,monoclinic,133,NaSrEuSeO6_216
Sr2MnWO6_225,225,cubic,133,NaSrEuSeO6_216
Sr2NbAlO6_225,225,cubic,161,Sr3La7Mn7(FeO10)3_1
Sr2NbBiO6_225,225,cubic,12,BaCaLaSbO6_216
Sr2NbCoO6_1,1,triclinic,96,La2NiMoO6_225
Sr2NbCoO6_139,139,tetragonal,96,La2NiMoO6_225
Sr2NbCoO6_5,5,monoclinic,96,La2NiMoO6_225
Sr2NbCrO6_225,225,cubic,96,La2NiMoO6_225
Sr2NbGaO6_87,87,tetragonal,96,La2NiMoO6_225
Sr2NbInO6_14,14,monoclinic,53,EuMoO3_221
Sr2NbInO6_225,225,cubic,53,EuMoO3_221
Sr2NbWO6_225,225,cubic,166,SrPrZnBiO6_216
Sr2NdCu2RuO9_164,164,trigonal,161,Sr3La7Mn7(FeO10)3_1
Sr2NdMnO6_225,225,cubic,160,Sr2NdMnO6_225
Sr2NdNbO6_225,225,cubic,14,BaSrNdSbO6_216
Sr2NdSbO6_225,225,cubic,14,BaSrNdSbO6_216
Sr2NdTaO6_14,14,monoclinic,11,BaCaDyNbO6_216
Sr2NdUO6_225,225,cubic,12,BaCaLaSbO6_216
Sr2NiTeO6_12,12,monoclinic,158,Sr2CrSbO6_12
Sr2PrCoO6_225,225,cubic,166,SrPrZnBiO6_216
Sr2PrGeO6_201,201,cubic,160,Sr2NdMnO6_225
Sr2PrGeO6_225,225,cubic,8,Ba2TmMoO6_225
Sr2PrNbO6_225,225,cubic,14,BaSrNdSbO6_216
Sr2PrSbO6_201,201,cubic,14,BaSrNdSbO6_216
Sr2PrSnO6_225,225,cubic,14,BaSrNdSbO6_216
Sr2PrTaO6_225,225,cubic,12,BaCaLaSbO6_216
Sr2PrVO6_225,225,cubic,160,Sr2NdMnO6_225
Sr2ReNiO6_87,87,tetragonal,159,Sr2HfCrO6_12
Sr2RhO4_15,15,monoclinic,9,Ba3FeRu2O9_194
Sr2ScBiO6_225,225,cubic,130,NaPrYSbO6_216
Sr2ScNbO6_14,14,monoclinic,53,EuMoO3_221
Sr2ScOsO6_225,225,cubic,89,KLaHfFeO6_216
Sr2ScReO6_225,225,cubic,89,KLaHfFeO6_216
Sr2ScSbO6_14,14,monoclinic,166,SrPrZnBiO6_216
Sr2ScTaO6_14,14,monoclinic,133,NaSrEuSeO6_216
Sr2SmBiO6_14,14,monoclinic,11,BaCaDyNbO6_216
Sr2SmBiO6_225,225,cubic,12,BaCaLaSbO6_216
Sr2SmNbO6_14,14,monoclinic,160,Sr2NdMnO6_225
Sr2SmSbO6_201,201,cubic,8,Ba2TmMoO6_225
Sr2SmSbO6_225,225,cubic,14,BaSrNdSbO6_216
Sr2SmTaO6_14,14,monoclinic,11,BaCaDyNbO6_216
Sr2SmUO6_225,225,cubic,12,BaCaLaSbO6_216
Sr2SnO4_56,56,orthorhombic,9,Ba3FeRu2O9_194
Sr2SnO4_64,64,orthorhombic,9,Ba3FeRu2O9_194
Sr2TaAlO6_123,123,tetragonal,126,Na9Sr2Nd9Ti20O60_6
Sr2TaAlO6_225,225,cubic,97,La3Mn3O10_1
Sr2TaCoO6_139,139,tetragonal,159,Sr2HfCrO6_12
Sr2TaCrO6_225,225,cubic,159,Sr2HfCrO6_12
Sr2TaFeO6_225,225,cubic,159,Sr2HfCrO6_12
Sr2TaInO6_225,225,cubic,166,SrPrZnBiO6_216
Sr2TaMnO6_139,139,tetragonal,159,Sr2HfCrO6_12
Sr2TaVO6_87,87,tetragonal,159,Sr2HfCrO6_12
Sr2TbCoO6_225,225,cubic,166,SrPrZnBiO6_216
Sr2TbFeO6_225,225,cubic,166,SrPrZnBiO6_216
Sr2TbGeO6_225,225,cubic,166,SrPrZnBiO6_216
Sr2TbIrO6_14,14,monoclinic,166,SrPrZnBiO6_216
Sr2TbNbO6_225,225,cubic,8,Ba2TmMoO6_225
Sr2TbNiO6_225,225,cubic,158,Sr2CrSbO6_12
Sr2TbReO6_225,225,cubic,160,Sr2NdMnO6_225
Sr2TbSbO6_201,201,cubic,160,Sr2NdMnO6_225
Sr2TbSbO6_225,225,cubic,160,Sr2NdMnO6_225
Sr2TbSnO6_225,225,cubic,14,BaSrNdSbO6_216
Sr2TbTaO6_14,14,monoclinic,166,SrPrZnBiO6_216
Sr2TbTiO6_225,225,cubic,166,SrPrZnBiO6_216
Sr2TbZrO6_225,225,cubic,14,BaSrNdSbO6_216
Sr2TiBiO6_225,225,cubic,130,NaPrYSbO6_216
Sr2TiFeO6_225,225,cubic,161,Sr3La7Mn7(FeO10)3_1
Sr2TiMnO6_225,225,cubic,163,Sr6Ca2Fe5(CoO8)3_3
Sr2TiMnO6_87,87,tetragonal,163,Sr6Ca2Fe5(CoO8)3_3
Sr2TiMoO6_225,225,cubic,96,La2NiMoO6_225
Sr2TiSnO6_225,225,cubic,158,Sr2CrSbO6_12
Sr2TmBiO6_14,14,monoclinic,11,BaCaDyNbO6_216
Sr2TmRuO6_14,14,monoclinic,166,SrPrZnBiO6_216
Sr2TmTaO6_14,14,monoclinic,166,SrPrZnBiO6_216
Sr2UCrO6_225,225,cubic,130,NaPrYSbO6_216
Sr2UInO6_225,225,cubic,11,BaCaDyNbO6_216
Sr2UNiO6_14,14,monoclinic,130,NaPrYSbO6_216
Sr2UZnO6_14,14,monoclinic,130,NaPrYSbO6_216
Sr2VInO6_225,225,cubic,96,La2NiMoO6_225
Sr2VMoO6_123,123,tetragonal,96,La2NiMoO6_225
Sr2VMoO6_65,65,orthorhombic,96,La2NiMoO6_225
Sr2VSnO6_225,225,cubic,158,Sr2CrSbO6_12
Sr2YBiO6_225,225,cubic,12,BaCaLaSbO6_216
Sr2YbUO6_225,225,cubic,11,BaCaDyNbO6_216
Sr2YMn2O7_11,11,monoclinic,161,Sr3La7Mn7(FeO10)3_1
Sr2YNbO6_201,201,cubic,8,Ba2TmMoO6_225
Sr2YNbO6_225,225,cubic,8,Ba2TmMoO6_225
Sr2YReO6_225,225,cubic,166,SrPrZnBiO6_216
Sr2YRuO6_14,14,monoclinic,53,EuMoO3_221
Sr2YSbO6_14,14,monoclinic,8,Ba2TmMoO6_225
Sr2YVO6_225,225,cubic,53,EuMoO3_221
Sr2YWO6_225,225,cubic,11,BaCaDyNbO6_216
Sr2ZnMoO6_225,225,cubic,96,La2NiMoO6_225
Sr2ZnReO6_14,14,monoclinic,159,Sr2HfCrO6_12
Sr2ZnReO6_87,87,tetragonal,159,Sr2HfCrO6_12
Sr2ZnWO6_2,2,triclinic,159,Sr2HfCrO6_12
Sr2ZnWO6_225,225,cubic,159,Sr2HfCrO6_12
Sr2ZrMnO6_225,225,cubic,96,La2NiMoO6_225
Sr2ZrNbO6_225,225,cubic,53,EuMoO3_221
Sr2ZrTiO6_99,99,tetragonal,53,EuMoO3_221
Sr2ZrVO6_1,1,triclinic,96,La2NiMoO6_225
Sr3AsP_221,221,cubic,64,K2AgMoI6_225
Sr3BiAs_221,221,cubic,152,RbTlI3_225
Sr3BiP_221,221,cubic,142,PbCI3N_99
Sr3Ca(FeO3)4_1,1,triclinic,161,Sr3La7Mn7(FeO10)3_1
Sr3Ca(FeO3)4_123,123,tetragonal,163,Sr6Ca2Fe5(CoO8)3_3
Sr3Ca(SnO3)4_6,6,monoclinic,53,EuMoO3_221
Sr3Ca5Fe4(CoO6)4_8,8,monoclinic,163,Sr6Ca2Fe5(CoO8)3_3
Sr3Ca5Fe5(CoO8)3_1,1,triclinic,163,Sr6Ca2Fe5(CoO8)3_3
Sr3Ca5Mn7FeO24_8,8,monoclinic,163,Sr6Ca2Fe5(CoO8)3_3
Sr3Ca5Mn8O23_1,1,triclinic,163,Sr6Ca2Fe5(CoO8)3_3
Sr3Ca5Mn8O23_6,6,monoclinic,163,Sr6Ca2Fe5(CoO8)3_3
Sr3Ca5Mn8O24_123,123,tetragonal,163,Sr6Ca2Fe5(CoO8)3_3
Sr3Ca5TiMn7O24_8,8,monoclinic,163,Sr6Ca2Fe5(CoO8)3_3
Sr3CaIr2O9_14,14,monoclinic,133,NaSrEuSeO6_216
Sr3CaRu2O9_14,14,monoclinic,158,Sr2CrSbO6_12
Sr3CaV4O12_1,1,triclinic,163,Sr6Ca2Fe5(CoO8)3_3
Sr3CaV4O12_47,47,orthorhombic,163,Sr6Ca2Fe5(CoO8)3_3
Sr3Fe2RuO9_123,123,tetragonal,161,Sr3La7Mn7(FeO10)3_1
Sr3Fe2TeO9_164,164,trigonal,158,Sr2CrSbO6_12
Sr3GeO_62,62,orthorhombic,58,Gd3SnC_221
Sr3La2Fe4CoO15_12,12,monoclinic,161,Sr3La7Mn7(FeO10)3_1
Sr3La2FeCo4O15_160,160,trigonal,163,Sr6Ca2Fe5(CoO8)3_3
Sr3La2Mn6(O2F)6_1,1,triclinic,164,Sr8MgMn6O20_1
Sr3La4O9_146,146,trigonal,6,Ba2ErPaO6_225
Sr3La7Mn7(FeO10)3_1,1,triclinic,161,Sr3La7Mn7(FeO10)3_1
Sr3La9Mn11NiO36_1,1,triclinic,161,Sr3La7Mn7(FeO10)3_1
Sr3LaMn2(WO6)2_1,1,triclinic,166,SrPrZnBiO6_216
Sr3LaMn2(WO6)2_4,4,monoclinic,166,SrPrZnBiO6_216
Sr3LaTaAl3O12_38,38,orthorhombic,126,Na9Sr2Nd9Ti20O60_6
Sr3LaTaAl3O12_65,65,orthorhombic,126,Na9Sr2Nd9Ti20O60_6
Sr3LaTi2Mn2O12_1,1,triclinic,161,Sr3La7Mn7(FeO10)3_1
Sr3MoO6_225,225,cubic,14,BaSrNdSbO6_216
Sr3Nb2ZnO9_164,164,trigonal,53,EuMoO3_221
Sr3NbO6_225,225,cubic,14,BaSrNdSbO6_216
Sr3PbO_221,221,cubic,162,Sr3SnO_221
Sr3PN_221,221,cubic,167,Tb3AlC_221
Sr3SbAs_221,221,cubic,35,Cs2NaNdBr6_225
Sr3SbN_221,221,cubic,142,PbCI3N_99
Sr3SnO_221,221,cubic,162,Sr3SnO_221
Sr3Ta2ZnO9_164,164,trigonal,166,SrPrZnBiO6_216
Sr3TeO6_14,14,monoclinic,160,Sr2NdMnO6_225
Sr3Ti2Mn2BiO12_166,166,trigonal,161,Sr3La7Mn7(FeO10)3_1
Sr3V5S11_15,15,monoclinic,45,CsV5S8_12
Sr3WO6_14,14,monoclinic,166,SrPrZnBiO6_216
Sr4BiO7_4,4,monoclinic,66,K2CrAgF6_225
Sr4Ca(FeO3)5_83,83,tetragonal,163,Sr6Ca2Fe5(CoO8)3_3
Sr4Ca4Co7CuO24_8,8,monoclinic,165,SrCa7Mn7CrO23_1
Sr4Ca4Fe3Co5O24_1,1,triclinic,163,Sr6Ca2Fe5(CoO8)3_3
Sr4Ca4Mn7FeO24_8,8,monoclinic,163,Sr6Ca2Fe5(CoO8)3_3
Sr4Ca4TiMn7O24_8,8,monoclinic,163,Sr6Ca2Fe5(CoO8)3_3
Sr4CaY2(RuO6)2_1,1,triclinic,160,Sr2NdMnO6_225
Sr4CeMn4CoO15_8,8,monoclinic,163,Sr6Ca2Fe5(CoO8)3_3
Sr4Co(IrO4)3_2,2,triclinic,159,Sr2HfCrO6_12
Sr4Co3ReO12_123,123,tetragonal,159,Sr2HfCrO6_12
Sr4Fe3MoO12_229,229,cubic,161,Sr3La7Mn7(FeO10)3_1
Sr4Hf3TiO12_2,2,triclinic,166,SrPrZnBiO6_216
Sr4HfTi3O12_65,65,orthorhombic,159,Sr2HfCrO6_12
Sr4La13Cu17O35F16_25,25,orthorhombic,161,Sr3La7Mn7(FeO10)3_1
Sr4LaFe2(CoO5)3_2,2,triclinic,161,Sr3La7Mn7(FeO10)3_1
Sr4LaMn5O15_12,12,monoclinic,163,Sr6Ca2Fe5(CoO8)3_3
Sr4LiSm2Ta2O12_1,1,triclinic,11,BaCaDyNbO6_216
Sr4LiTb2(RuO6)2_1,1,triclinic,160,Sr2NdMnO6_225
Sr4LiY2(RuO6)2_1,1,triclinic,160,Sr2NdMnO6_225
Sr4MgFe4O11_2,2,triclinic,96,La2NiMoO6_225
Sr4NdMn5O15_12,12,monoclinic,163,Sr6Ca2Fe5(CoO8)3_3
Sr4Sm2MgTa2O12_1,1,triclinic,11,BaCaDyNbO6_216
Sr4Ta2O9_14,14,monoclinic,166,SrPrZnBiO6_216
Sr4Tb2Mg(RuO6)2_1,1,triclinic,166,SrPrZnBiO6_216
Sr4U2O9_14,14,monoclinic,12,BaCaLaSbO6_216
Sr4Zr3O10_61,61,orthorhombic,8,Ba2TmMoO6_225
Sr5(BiO4)3_123,123,tetragonal,12,BaCaLaSbO6_216
Sr5Ca3FeCo7O24_8,8,monoclinic,163,Sr6Ca2Fe5(CoO8)3_3
Sr5Ca3Mn4(FeO6)4_8,8,monoclinic,163,Sr6Ca2Fe5(CoO8)3_3
Sr5Ca3Mn7FeO24_8,8,monoclinic,163,Sr6Ca2Fe5(CoO8)3_3
Sr5Ca3Ti5Mn3O24_1,1,triclinic,161,Sr3La7Mn7(FeO10)3_1
Sr5Fe4MoO15_12,12,monoclinic,161,Sr3La7Mn7(FeO10)3_1
Sr5Fe4MoO15_8,8,monoclinic,161,Sr3La7Mn7(FeO10)3_1
Sr5La2Mn8(O3F)6_1,1,triclinic,159,Sr2HfCrO6_12
Sr5La3Mn8(O2F)8_1,1,triclinic,158,Sr2CrSbO6_12
Sr5La3Mn8(O5F)4_1,1,triclinic,96,La2NiMoO6_225
Sr5Ti4FeO15_12,12,monoclinic,161,Sr3La7Mn7(FeO10)3_1
Sr5ZrTi4O15_123,123,tetragonal,96,La2NiMoO6_225
Sr5ZrTi4O15_166,166,trigonal,96,La2NiMoO6_225
Sr6Ca2Fe5(CoO8)3_3,3,monoclinic,163,Sr6Ca2Fe5(CoO8)3_3
Sr6La14Mn17(CuO20)3_1,1,triclinic,161,Sr3La7Mn7(FeO10)3_1
Sr6La14Ti3Mn17O60_1,1,triclinic,161,Sr3La7Mn7(FeO10)3_1
Sr6La2Ta3Al5O24_166,166,trigonal,97,La3Mn3O10_1
Sr6Sn2NF_225,225,cubic,98,La3TlC_221
Sr7CaFe4(CoO6)4_160,160,trigonal,163,Sr6Ca2Fe5(CoO8)3_3
Sr7CaFe5(CoO8)3_8,8,monoclinic,163,Sr6Ca2Fe5(CoO8)3_3
Sr7CaFe7CoO24_160,160,trigonal,163,Sr6Ca2Fe5(CoO8)3_3
Sr7CaMn4(FeO6)4_160,160,trigonal,163,Sr6Ca2Fe5(CoO8)3_3
Sr7CaTi8O24_221,221,cubic,161,Sr3La7Mn7(FeO10)3_1
Sr7SmFe4(MoO6)4_1,1,triclinic,158,Sr2CrSbO6_12
Sr8Fe7CoO24_221,221,cubic,163,Sr6Ca2Fe5(CoO8)3_3
Sr8MgMn6O20_1,1,triclinic,164,Sr8MgMn6O20_1
Sr8MgZn4(WO6)4_1,1,triclinic,166,SrPrZnBiO6_216
Sr8MnFe7O24_221,221,cubic,163,Sr6Ca2Fe5(CoO8)3_3
Sr8Nd2Fe5(MoO6)5_14,14,monoclinic,158,Sr2CrSbO6_12
SrAgO3_221,221,cubic,53,EuMoO3_221
SrAlO3_221,221,cubic,163,Sr6Ca2Fe5(CoO8)3_3
SrBiO3_14,14,monoclinic,11,BaCaDyNbO6_216
SrCa(RuO3)2_26,26,orthorhombic,161,Sr3La7Mn7(FeO10)3_1
SrCa3(CoO3)4_123,123,tetragonal,165,SrCa7Mn7CrO23_1
SrCa3(RuO3)4_6,6,monoclinic,173,VBiO3_14
SrCa3La2(SbO6)2_1,1,triclinic,130,NaPrYSbO6_216
SrCa3Mn4O12_123,123,tetragonal,165,SrCa7Mn7CrO23_1
SrCa3Mn4O12_6,6,monoclinic,165,SrCa7Mn7CrO23_1
SrCa3Ti4O12_6,6,monoclinic,163,Sr6Ca2Fe5(CoO8)3_3
SrCa7Fe2(CoO4)6_38,38,orthorhombic,165,SrCa7Mn7CrO23_1
SrCa7FeCo7O24_160,160,trigonal,165,SrCa7Mn7CrO23_1
SrCa7Mn6Al2O23_1,1,triclinic,165,SrCa7Mn7CrO23_1
SrCa7Mn6Cr2O22_1,1,triclinic,165,SrCa7Mn7CrO23_1
SrCa7Mn7CrO22_8,8,monoclinic,163,Sr6Ca2Fe5(CoO8)3_3
SrCa7Mn7CrO23_1,1,triclinic,165,SrCa7Mn7CrO23_1
SrCa7Mn7CrO24_1,1,triclinic,165,SrCa7Mn7CrO23_1
SrCa7Mn7CrO24_160,160,trigonal,165,SrCa7Mn7CrO23_1
SrCa7Mn7FeO24_160,160,trigonal,165,SrCa7Mn7CrO23_1
SrCa7Mn8O22_1,1,triclinic,165,SrCa7Mn7CrO23_1
SrCa7Mn8O24_221,221,cubic,165,SrCa7Mn7CrO23_1
SrCa7Ti2Mn6O22_1,1,triclinic,163,Sr6Ca2Fe5(CoO8)3_3
SrCa7Ti2Mn6O24_38,38,orthorhombic,165,SrCa7Mn7CrO23_1
SrCa7Ti3Mn5O23_1,1,triclinic,165,SrCa7Mn7CrO23_1
SrCa7TiMn7O23_1,1,triclinic,165,SrCa7Mn7CrO23_1
SrCa7TiMn7O23_8,8,monoclinic,165,SrCa7Mn7CrO23_1
SrCa7TiMn7O24_1,1,triclinic,165,SrCa7Mn7CrO23_1
SrCaCr2O6_123,123,tetragonal,163,Sr6Ca2Fe5(CoO8)3_3
SrCaDyFeO6_216,216,cubic,89,KLaHfFeO6_216
SrCaDyVO6_216,216,cubic,133,NaSrEuSeO6_216
SrCaEuBiO6_216,216,cubic,134,NaSrNdWO6_216
SrCaEuFeO6_216,216,cubic,158,Sr2CrSbO6_12
SrCaEuMnO6_216,216,cubic,170,TlCuF3_123
SrCaEuSbO6_216,216,cubic,160,Sr2NdMnO6_225
SrCaEuSbO6_48,48,orthorhombic,166,SrPrZnBiO6_216
SrCaFeSnO6_216,216,cubic,159,Sr2HfCrO6_12
SrCaGaBiO6_216,216,cubic,133,NaSrEuSeO6_216
SrCaHf2O6_26,26,orthorhombic,133,NaSrEuSeO6_216
SrCaHfCoO6_216,216,cubic,89,KLaHfFeO6_216
SrCaHfVO6_216,216,cubic,89,KLaHfFeO6_216
SrCaInBiO6_216,216,cubic,11,BaCaDyNbO6_216
SrCaLaSbO6_216,216,cubic,11,BaCaDyNbO6_216
SrCaNbCrO6_7,7,monoclinic,158,Sr2CrSbO6_12
SrCaNbVO6_216,216,cubic,159,Sr2HfCrO6_12
SrCaNbWO6_216,216,cubic,133,NaSrEuSeO6_216
SrCaNdFeO6_216,216,cubic,130,NaPrYSbO6_216
SrCaPrSbO6_216,216,cubic,160,Sr2NdMnO6_225
SrCaSmFeO6_216,216,cubic,158,Sr2CrSbO6_12
SrCaSmNbO6_216,216,cubic,11,BaCaDyNbO6_216
SrCaSmSbO6_16,16,orthorhombic,166,SrPrZnBiO6_216
SrCaTbBiO6_216,216,cubic,134,NaSrNdWO6_216
SrCaTbFeO6_216,216,cubic,89,KLaHfFeO6_216
SrCaTbNiO6_216,216,cubic,89,KLaHfFeO6_216
SrCaTbVO6_216,216,cubic,133,NaSrEuSeO6_216
SrCaTi2O6_26,26,orthorhombic,161,Sr3La7Mn7(FeO10)3_1
SrCaTiMnO6_25,25,orthorhombic,163,Sr6Ca2Fe5(CoO8)3_3
SrCaTiMnO6_4,4,monoclinic,163,Sr6Ca2Fe5(CoO8)3_3
SrCaTiMnO6_8,8,monoclinic,163,Sr6Ca2Fe5(CoO8)3_3
SrCaTiNbO6_216,216,cubic,159,Sr2HfCrO6_12
SrCaVInO6_216,216,cubic,159,Sr2HfCrO6_12
SrCaVWO6_216,216,cubic,89,KLaHfFeO6_216
SrCaYBiO6_216,216,cubic,11,BaCaDyNbO6_216
SrCaYNbO6_216,216,cubic,160,Sr2NdMnO6_225
SrCaYVO6_216,216,cubic,166,SrPrZnBiO6_216
SrCaZrFeO6_216,216,cubic,159,Sr2HfCrO6_12
SrCaZrNbO6_216,216,cubic,166,SrPrZnBiO6_216
SrCaZrSnO6_216,216,cubic,166,SrPrZnBiO6_216
SrCeEuCrO6_216,216,cubic,166,SrPrZnBiO6_216
SrCeO3_62,62,orthorhombic,14,BaSrNdSbO6_216
SrCePrCoO6_216,216,cubic,53,EuMoO3_221
SrCeScO4_36,36,orthorhombic,166,SrPrZnBiO6_216
SrCoBiRuO6_7,7,monoclinic,89,KLaHfFeO6_216
SrCoO3_127,127,tetragonal,165,SrCa7Mn7CrO23_1
SrCoO3_2,2,triclinic,164,Sr8MgMn6O20_1
SrCoO3_25,25,orthorhombic,163,Sr6Ca2Fe5(CoO8)3_3
SrCrBiSbO6_216,216,cubic,159,Sr2HfCrO6_12
SrCrHO2_123,123,tetragonal,165,SrCa7Mn7CrO23_1
SrCrO3_194,194,hexagonal,59,GdMnO3_62
SrCrO3_221,221,cubic,163,Sr6Ca2Fe5(CoO8)3_3
SrCrO3_40,40,orthorhombic,59,GdMnO3_62
SrDyO3_221,221,cubic,6,Ba2ErPaO6_225
SrErO3_221,221,cubic,12,BaCaLaSbO6_216
SrEu(CoO3)2_123,123,tetragonal,171,TmRhO3_62
SrEu(WO3)2_26,26,orthorhombic,53,EuMoO3_221
SrEuBiSbO6_216,216,cubic,14,BaSrNdSbO6_216
SrEuCrBiO6_216,216,cubic,166,SrPrZnBiO6_216
SrEuCrInO6_216,216,cubic,158,Sr2CrSbO6_12
SrEuCrSbO6_216,216,cubic,158,Sr2CrSbO6_12
SrEuCrSnO6_216,216,cubic,158,Sr2CrSbO6_12
SrEuCuBiO6_216,216,cubic,166,SrPrZnBiO6_216
SrEuDyCrO6_216,216,cubic,166,SrPrZnBiO6_216
SrEuDyNbO6_216,216,cubic,8,Ba2TmMoO6_225
SrEuDyWO6_216,216,cubic,160,Sr2NdMnO6_225
SrEuFeBiO6_216,216,cubic,166,SrPrZnBiO6_216
SrEuFeSnO6_216,216,cubic,158,Sr2CrSbO6_12
SrEuFeWO6_216,216,cubic,159,Sr2HfCrO6_12
SrEuGdSbO6_216,216,cubic,8,Ba2TmMoO6_225
SrEuHfCrO6_216,216,cubic,159,Sr2HfCrO6_12
SrEuHfInO6_216,216,cubic,8,Ba2TmMoO6_225
SrEuHfMnO6_216,216,cubic,159,Sr2HfCrO6_12
SrEuHfSbO6_216,216,cubic,8,Ba2TmMoO6_225
SrEuHfSnO6_216,216,cubic,166,SrPrZnBiO6_216
SrEuHfTiO6_216,216,cubic,159,Sr2HfCrO6_12
SrEuHfZrO6_216,216,cubic,160,Sr2NdMnO6_225
SrEuInSnO6_216,216,cubic,8,Ba2TmMoO6_225
SrEuInWO6_216,216,cubic,166,SrPrZnBiO6_216
SrEuMgBiO6_216,216,cubic,130,NaPrYSbO6_216
SrEuMgWO6_216,216,cubic,89,KLaHfFeO6_216
SrEuNbBiO6_216,216,cubic,14,BaSrNdSbO6_216
SrEuNbGaO6_216,216,cubic,96,La2NiMoO6_225
SrEuNiWO6_216,216,cubic,159,Sr2HfCrO6_12
SrEuO3_221,221,cubic,6,Ba2ErPaO6_225
SrEuTiInO6_216,216,cubic,166,SrPrZnBiO6_216
SrEuTiSnO6_216,216,cubic,158,Sr2CrSbO6_12
SrEuYNbO6_216,216,cubic,8,Ba2TmMoO6_225
SrEuYWO6_216,216,cubic,160,Sr2NdMnO6_225
SrEuZnWO6_216,216,cubic,159,Sr2HfCrO6_12
SrEuZrCrO6_216,216,cubic,158,Sr2CrSbO6_12
SrEuZrGeO6_216,216,cubic,96,La2NiMoO6_225
SrEuZrMnO6_216,216,cubic,158,Sr2CrSbO6_12
SrEuZrSbO6_216,216,cubic,8,Ba2TmMoO6_225
SrEuZrTiO6_216,216,cubic,166,SrPrZnBiO6_216
SrEuZrVO6_216,216,cubic,158,Sr2CrSbO6_12
SrFe5Bi4O15_1,1,triclinic,173,VBiO3_14
SrFeO3_221,221,cubic,163,Sr6Ca2Fe5(CoO8)3_3
SrGdFeCoO6_216,216,cubic,165,SrCa7Mn7CrO23_1
SrH3Pd_221,221,cubic,99,LaFeO3_2
SrHfO3_221,221,cubic,166,SrPrZnBiO6_216
SrHfO3_99,99,tetragonal,166,SrPrZnBiO6_216
SrHfS3_62,62,orthorhombic,79,K2YInF6_225
SrHgO3_221,221,cubic,11,BaCaDyNbO6_216
SrHoMn2O6_31,31,orthorhombic,97,La3Mn3O10_1
SrInO3_221,221,cubic,8,Ba2TmMoO6_225
SrIrO3_5,5,monoclinic,89,KLaHfFeO6_216
SrIrO3_62,62,orthorhombic,158,Sr2CrSbO6_12
SrIrO3_63,63,orthorhombic,89,KLaHfFeO6_216
SrLa(CoO3)2_225,225,cubic,165,SrCa7Mn7CrO23_1
SrLa2(CoO3)3_1,1,triclinic,99,LaFeO3_2
SrLa2Mn3O9_156,156,trigonal,161,Sr3La7Mn7(FeO10)3_1
SrLa2Mn3O9_164,164,trigonal,161,Sr3La7Mn7(FeO10)3_1
SrLa3Cr4O12_1,1,triclinic,161,Sr3La7Mn7(FeO10)3_1
SrLa3Mn2Cr2O12_3,3,monoclinic,161,Sr3La7Mn7(FeO10)3_1
SrLa3Mn4O12_167,167,trigonal,161,Sr3La7Mn7(FeO10)3_1
SrLa3Mn4O12_3,3,monoclinic,161,Sr3La7Mn7(FeO10)3_1
SrLa4Cr5O15_12,12,monoclinic,161,Sr3La7Mn7(FeO10)3_1
SrLa4TiAl4O15_65,65,orthorhombic,97,La3Mn3O10_1
SrLa4TiCr4O15_1,1,triclinic,161,Sr3La7Mn7(FeO10)3_1
SrLaAlCuO5_57,57,orthorhombic,126,Na9Sr2Nd9Ti20O60_6
SrLaCoRuO6_7,7,monoclinic,158,Sr2CrSbO6_12
SrLaCuRuO6_1,1,triclinic,158,Sr2CrSbO6_12
SrLaCuRuO6_7,7,monoclinic,158,Sr2CrSbO6_12
SrLaEuSbO6_2,2,triclinic,14,BaSrNdSbO6_216
SrLaFeRuO6_7,7,monoclinic,158,Sr2CrSbO6_12
SrLaMnFeO6_1,1,triclinic,161,Sr3La7Mn7(FeO10)3_1
SrLaMnSnO6_7,7,monoclinic,158,Sr2CrSbO6_12
SrLaTaMnO6_7,7,monoclinic,166,SrPrZnBiO6_216
SrLaTaNiO6_216,216,cubic,159,Sr2HfCrO6_12
SrLaTiMnO6_1,1,triclinic,161,Sr3La7Mn7(FeO10)3_1
SrLaVFeO6_1,1,triclinic,161,Sr3La7Mn7(FeO10)3_1
SrLaVFeO6_8,8,monoclinic,161,Sr3La7Mn7(FeO10)3_1
SrLaZnRuO6_7,7,monoclinic,158,Sr2CrSbO6_12
SrLiO3_221,221,cubic,100,LaMgO3_221
SrLiPrTeO6_8,8,monoclinic,89,KLaHfFeO6_216
SrMgInWO6_216,216,cubic,89,KLaHfFeO6_216
SrMn2BiO6_1,1,triclinic,97,La3Mn3O10_1
SrMnInWO6_216,216,cubic,166,SrPrZnBiO6_216
SrMnNbBiO6_216,216,cubic,166,SrPrZnBiO6_216
SrMnO3_186,186,hexagonal,59,GdMnO3_62
SrMnO3_194,194,hexagonal,163,Sr6Ca2Fe5(CoO8)3_3
SrMnO3_47,47,orthorhombic,163,Sr6Ca2Fe5(CoO8)3_3
SrMoO3_2,2,triclinic,96,La2NiMoO6_225
SrMoO3_221,221,cubic,53,EuMoO3_221
SrNbNO2_123,123,tetragonal,53,EuMoO3_221
SrNbO3_62,62,orthorhombic,53,EuMoO3_221
SrNd2Mn3O9_62,62,orthorhombic,99,LaFeO3_2
SrNdCoRuO6_7,7,monoclinic,158,Sr2CrSbO6_12
SrNdCoSbO6_216,216,cubic,158,Sr2CrSbO6_12
SrNdEuSbO6_48,48,orthorhombic,14,BaSrNdSbO6_216
SrNdHfMnO6_216,216,cubic,159,Sr2HfCrO6_12
SrNdHfTiO6_216,216,cubic,159,Sr2HfCrO6_12
SrNdMgRuO6_7,7,monoclinic,89,KLaHfFeO6_216
SrNdMgWO6_216,216,cubic,89,KLaHfFeO6_216
SrNdNiSbO6_216,216,cubic,158,Sr2CrSbO6_12
SrNdZnRuO6_7,7,monoclinic,158,Sr2CrSbO6_12
SrNdZrCrO6_216,216,cubic,158,Sr2CrSbO6_12
SrNiO3_123,123,tetragonal,163,Sr6Ca2Fe5(CoO8)3_3
SrNiO3_221,221,cubic,163,Sr6Ca2Fe5(CoO8)3_3
SrOsO3_221,221,cubic,158,Sr2CrSbO6_12
SrPdO3_221,221,cubic,53,EuMoO3_221
SrPr(FeO3)2_31,31,orthorhombic,161,Sr3La7Mn7(FeO10)3_1
SrPrEuNbO6_2,2,triclinic,14,BaSrNdSbO6_216
SrPrEuSbO6_48,48,orthorhombic,14,BaSrNdSbO6_216
SrPrGdNiO6_216,216,cubic,158,Sr2CrSbO6_12
SrPrMnNbO6_216,216,cubic,166,SrPrZnBiO6_216
SrPrNiRuO6_7,7,monoclinic,158,Sr2CrSbO6_12
SrPrYMnO6_216,216,cubic,53,EuMoO3_221
SrPrZnBiO6_216,216,cubic,166,SrPrZnBiO6_216
SrPrZnRuO6_7,7,monoclinic,158,Sr2CrSbO6_12
SrPtO3_221,221,cubic,166,SrPrZnBiO6_216
SrPuO3_221,221,cubic,12,BaCaLaSbO6_216
SrReO3_221,221,cubic,158,Sr2CrSbO6_12
SrRhO3_140,140,tetragonal,96,La2NiMoO6_225
SrRhO3_221,221,cubic,96,La2NiMoO6_225
SrRhO3_62,62,orthorhombic,96,La2NiMoO6_225
SrRhO3_74,74,orthorhombic,96,La2NiMoO6_225
SrRuO3_62,62,orthorhombic,96,La2NiMoO6_225
SrSbO3_221,221,cubic,8,Ba2TmMoO6_225
SrSm3Mn4O12_6,6,monoclinic,97,La3Mn3O10_1
SrSmEuNiO6_216,216,cubic,166,SrPrZnBiO6_216
SrSmEuVO6_216,216,cubic,166,SrPrZnBiO6_216
SrSmHfTiO6_216,216,cubic,159,Sr2HfCrO6_12
SrSmMn2O6_31,31,orthorhombic,97,La3Mn3O10_1
SrSmScO4_36,36,orthorhombic,166,SrPrZnBiO6_216
SrSmTiNbO6_216,216,cubic,96,La2NiMoO6_225
SrSnO3_221,221,cubic,53,EuMoO3_221
SrSnO3_62,62,orthorhombic,53,EuMoO3_221
SrSnO3_74,74,orthorhombic,53,EuMoO3_221
SrTaNO2_1,1,triclinic,166,SrPrZnBiO6_216
SrTaNO2_25,25,orthorhombic,166,SrPrZnBiO6_216
SrTaNO2_6,6,monoclinic,166,SrPrZnBiO6_216
SrTbEuNiO6_216,216,cubic,158,Sr2CrSbO6_12
SrTbEuWO6_216,216,cubic,160,Sr2NdMnO6_225
SrTbPrMnO6_216,216,cubic,166,SrPrZnBiO6_216
SrTcO3_221,221,cubic,96,La2NiMoO6_225
SrTcO3_74,74,orthorhombic,96,La2NiMoO6_225
SrTiFe4Bi4O15_8,8,monoclinic,173,VBiO3_14
SrTiMnBiO6_216,216,cubic,97,La3Mn3O10_1
SrTiO3_140,140,tetragonal,163,Sr6Ca2Fe5(CoO8)3_3
SrTiO3_194,194,hexagonal,96,La2NiMoO6_225
SrTiO3_221,221,cubic,163,Sr6Ca2Fe5(CoO8)3_3
SrTiS3_194,194,hexagonal,45,CsV5S8_12
SrTmO3_221,221,cubic,12,BaCaLaSbO6_216
SrVO3_221,221,cubic,163,Sr6Ca2Fe5(CoO8)3_3
SrWNO2_123,123,tetragonal,166,SrPrZnBiO6_216
SrYbO3_221,221,cubic,14,BaSrNdSbO6_216
SrYCoO4_1,1,triclinic,161,Sr3La7Mn7(FeO10)3_1
SrZrO3_221,221,cubic,6,Ba2ErPaO6_225
Ta2Se3_11,11,monoclinic,138,NbMoS3_11
TaCr3(AgS4)2_26,26,orthorhombic,157,SmScS3_62
TaCr3(CuS4)2_31,31,orthorhombic,157,SmScS3_62
TaNb(AgO3)2_18,18,orthorhombic,158,Sr2CrSbO6_12
TaSnO3_221,221,cubic,53,EuMoO3_221
Tb2CoPtO6_14,14,monoclinic,97,La3Mn3O10_1
Tb2MgTiO6_14,14,monoclinic,173,VBiO3_14
Tb3AlC_221,221,cubic,167,Tb3AlC_221
Tb3GaC_221,221,cubic,58,Gd3SnC_221
Tb3PbC_221,221,cubic,57,Gd3PbC_221
Tb3SnC_221,221,cubic,65,K2CeCuBr6_225
Tb3TlC_221,221,cubic,78,K2TlAgBr6_225
TbBeO3_221,221,cubic,15,BeAuO3_221
TbBRh3_221,221,cubic,156,SmRh3C_221
TbCoO3_62,62,orthorhombic,171,TmRhO3_62
TbCrO3_62,62,orthorhombic,50,ErVO3_62
TbErO3_221,221,cubic,14,BaSrNdSbO6_216
TbEu2NbO6_225,225,cubic,8,Ba2TmMoO6_225
TbEu2TaO6_225,225,cubic,8,Ba2TmMoO6_225
TbEu2VO6_225,225,cubic,166,SrPrZnBiO6_216
TbGdO3_62,62,orthorhombic,8,Ba2TmMoO6_225
TbGeO3_221,221,cubic,161,Sr3La7Mn7(FeO10)3_1
TbInO3_62,62,orthorhombic,96,La2NiMoO6_225
TbLuO3_62,62,orthorhombic,53,EuMoO3_221
TbMn4(CuO4)3_204,204,cubic,48,ErMn4(CuO4)3_204
TbNiO3_221,221,cubic,54,EuNiO3_62
TbNiO3_62,62,orthorhombic,171,TmRhO3_62
TbRh3C_221,221,cubic,156,SmRh3C_221
TbRhO3_62,62,orthorhombic,171,TmRhO3_62
TbScS3_62,62,orthorhombic,157,SmScS3_62
TbSiO3_221,221,cubic,50,ErVO3_62
TbTiO3_62,62,orthorhombic,59,GdMnO3_62
TbVO3_221,221,cubic,165,SrCa7Mn7CrO23_1
TbVO3_62,62,orthorhombic,50,ErVO3_62
ThBO3_221,221,cubic,103,LiCeO3_221
ThBRh3_221,221,cubic,172,UBRh3_221
ThSiO3_221,221,cubic,125,Na7La7Th2Ti18O54_42
ThTaN3_221,221,cubic,53,EuMoO3_221
ThWO3_221,221,cubic,53,EuMoO3_221
Ti3AlC_221,221,cubic,49,ErRu3C_221
Ti3TlN_221,221,cubic,109,Mg3SbN_221
Ti4Zn3SnO12_229,229,cubic,163,Sr6Ca2Fe5(CoO8)3_3
TiBeO3_221,221,cubic,56,GaBO3_221
TiCdO3_221,221,cubic,161,Sr3La7Mn7(FeO10)3_1
TiCdO3_26,26,orthorhombic,99,LaFeO3_2
TiCdO3_33,33,orthorhombic,165,SrCa7Mn7CrO23_1
TiCdO3_62,62,orthorhombic,99,LaFeO3_2
TiCrO3_62,62,orthorhombic,155,ScCoO3_14
TiFe3N_221,221,cubic,175,ZnNi3N_221
TiFeO3_62,62,orthorhombic,54,EuNiO3_62
TiMnO3_62,62,orthorhombic,54,EuNiO3_62
TiPbO3_221,221,cubic,173,VBiO3_14
TiSnO3_221,221,cubic,161,Sr3La7Mn7(FeO10)3_1
TiTeO3_221,221,cubic,161,Sr3La7Mn7(FeO10)3_1
TiZn(BiO3)2_123,123,tetragonal,159,Sr2HfCrO6_12
TiZnO3_221,221,cubic,163,Sr6Ca2Fe5(CoO8)3_3
TiZnO3_62,62,orthorhombic,54,EuNiO3_62
Tl2F3_221,221,cubic,148,Rb3MoF6_225
Tl2SnO3_62,62,orthorhombic,168,Tl2SnO3_62
TlAgF3_1,1,triclinic,6,Ba2ErPaO6_225
TlAgF3_8,8,monoclinic,14,BaSrNdSbO6_216
TlBO3_221,221,cubic,15,BeAuO3_221
TlCdF3_8,8,monoclinic,6,Ba2ErPaO6_225
TlCoF3_221,221,cubic,160,Sr2NdMnO6_225
TlCoO3_2,2,triclinic,59,GdMnO3_62
TlCr5Se8_12,12,monoclinic,169,TlCr5Se8_12
TlCr5Te8_1,1,triclinic,38,Cs3Sc2Br9_194
TlCrO3_62,62,orthorhombic,173,VBiO3_14
TlCuF3_123,123,tetragonal,170,TlCuF3_123
TlFeF3_221,221,cubic,160,Sr2NdMnO6_225
TlFeO3_62,62,orthorhombic,173,VBiO3_14
TlGaO3_221,221,cubic,161,Sr3La7Mn7(FeO10)3_1
TlGeBr3_8,8,monoclinic,38,Cs3Sc2Br9_194
TlGeO3_221,221,cubic,99,LaFeO3_2
TlInCl3_8,8,monoclinic,29,Cs2InHgCl6_225
TlIO3_221,221,cubic,8,Ba2TmMoO6_225
TlNiCl3_194,194,hexagonal,128,NaCaDyWO6_216
TlNiF3_221,221,cubic,170,TlCuF3_123
TlNiO3_14,14,monoclinic,59,GdMnO3_62
TlNiO3_8,8,monoclinic,171,TmRhO3_62
TlPdF3_1,1,triclinic,14,BaSrNdSbO6_216
TlSiO3_221,221,cubic,108,LuAlO3_221
TlTcO3_221,221,cubic,96,La2NiMoO6_225
TlV2Cr3S8_8,8,monoclinic,157,SmScS3_62
TlV5S8_5,5,monoclinic,157,SmScS3_62
TlV5Se8_12,12,monoclinic,169,TlCr5Se8_12
TlVCl3_194,194,hexagonal,128,NaCaDyWO6_216
TlZnF3_6,6,monoclinic,170,TlCuF3_123
Tm2MgTiO6_14,14,monoclinic,173,VBiO3_14
Tm2NiRuO6_14,14,monoclinic,171,TmRhO3_62
Tm2PbS4_36,36,orthorhombic,60,In9Pb4S17_55
Tm3InC_221,221,cubic,65,K2CeCuBr6_225
Tm3SnC_221,221,cubic,65,K2CeCuBr6_225
TmBeO3_221,221,cubic,15,BeAuO3_221
TmBPd3_221,221,cubic,51,EuBPd3_221
TmBRh3_221,221,cubic,49,ErRu3C_221
TmCoO3_62,62,orthorhombic,50,ErVO3_62
TmCrO3_221,221,cubic,165,SrCa7Mn7CrO23_1
TmCrO3_62,62,orthorhombic,50,ErVO3_62
TmFeO3_62,62,orthorhombic,59,GdMnO3_62
TmInO3_62,62,orthorhombic,96,La2NiMoO6_225
TmNiO3_14,14,monoclinic,171,TmRhO3_62
TmNiO3_62,62,orthorhombic,171,TmRhO3_62
TmRhO3_62,62,orthorhombic,171,TmRhO3_62
TmRu3C_221,221,cubic,49,ErRu3C_221
TmSb(PbO3)2_15,15,monoclinic,53,EuMoO3_221
TmScO3_221,221,cubic,159,Sr2HfCrO6_12
TmScO3_62,62,orthorhombic,173,VBiO3_14
TmVO3_62,62,orthorhombic,50,ErVO3_62
UBO3_221,221,cubic,15,BeAuO3_221
UBRh3_221,221,cubic,172,UBRh3_221
UCd(PbO3)2_14,14,monoclinic,14,BaSrNdSbO6_216
UCrS3_62,62,orthorhombic,157,SmScS3_62
UCrSe3_62,62,orthorhombic,19,CaHo(FeO3)2_31
UHgO3_221,221,cubic,14,BaSrNdSbO6_216
UIrO3_221,221,cubic,96,La2NiMoO6_225
UPdO3_221,221,cubic,160,Sr2NdMnO6_225
URuS3_62,62,orthorhombic,66,K2CrAgF6_225
USiO3_221,221,cubic,50,ErVO3_62
UTiO3_221,221,cubic,173,VBiO3_14
UTlO3_221,221,cubic,14,BaSrNdSbO6_216
UVSe3_62,62,orthorhombic,19,CaHo(FeO3)2_31
V3AuN_221,221,cubic,74,K2LiTlF6_225
VAg3F6_225,225,cubic,14,BaSrNdSbO6_216
VBiO3_14,14,monoclinic,173,VBiO3_14
VCdO3_221,221,cubic,165,SrCa7Mn7CrO23_1
VGaO3_62,62,orthorhombic,54,EuNiO3_62
VHgO3_221,221,cubic,97,La3Mn3O10_1
VIrO3_221,221,cubic,123,Na3SrTa4O12_6
VNCl3_194,194,hexagonal,118,Mo2(NCl3)3_194
VOsO3_221,221,cubic,123,Na3SrTa4O12_6
VPtO3_221,221,cubic,165,SrCa7Mn7CrO23_1
VSnO3_62,62,orthorhombic,173,VBiO3_14
VZnO3_221,221,cubic,174,ZnCuO3_221
Y2MgTiO6_14,14,monoclinic,59,GdMnO3_62
Y2NiRuO6_14,14,monoclinic,165,SrCa7Mn7CrO23_1
Y3GaC_221,221,cubic,58,Gd3SnC_221
Y3PbC_221,221,cubic,58,Gd3SnC_221
Y3SnC_221,221,cubic,58,Gd3SnC_221
YAlO3_62,62,orthorhombic,155,ScCoO3_14
Yb2MgTiO6_14,14,monoclinic,50,ErVO3_62
Yb3AlC_221,221,cubic,47,Er3AlN_221
Yb3GaC_221,221,cubic,107,Lu3InC_221
Yb3InC_221,221,cubic,107,Lu3InC_221
Yb3PbC_221,221,cubic,107,Lu3InC_221
Yb3SnC_221,221,cubic,65,K2CeCuBr6_225
Yb3SnO_221,221,cubic,107,Lu3InC_221
Yb3TlC_221,221,cubic,78,K2TlAgBr6_225
YbAuO3_221,221,cubic,53,EuMoO3_221
YbBRh3_221,221,cubic,49,ErRu3C_221
YbCrO3_221,221,cubic,171,TmRhO3_62
YbCuO3_221,221,cubic,155,ScCoO3_14
YbEu2TaO6_225,225,cubic,53,EuMoO3_221
YbGeO3_221,221,cubic,165,SrCa7Mn7CrO23_1
YbInO3_221,221,cubic,53,EuMoO3_221
YbNiH3_221,221,cubic,20,CaNiH3_221
YbNiO3_221,221,cubic,155,ScCoO3_14
YBPd3_221,221,cubic,51,EuBPd3_221
YbPuO3_221,221,cubic,14,BaSrNdSbO6_216
YBRh3_221,221,cubic,156,SmRh3C_221
YbRh3C_221,221,cubic,49,ErRu3C_221
YbRu3C_221,221,cubic,49,ErRu3C_221
YbSiO3_221,221,cubic,108,LuAlO3_221
YbTa(PbO3)2_225,225,cubic,53,EuMoO3_221
YbTaO3_221,221,cubic,96,La2NiMoO6_225
YbWO3_221,221,cubic,96,La2NiMoO6_225
YCoO3_14,14,monoclinic,171,TmRhO3_62
YCrO3_221,221,cubic,163,Sr6Ca2Fe5(CoO8)3_3
YCrO3_62,62,orthorhombic,171,TmRhO3_62
YCuO3_221,221,cubic,174,ZnCuO3_221
YFeO3_221,221,cubic,163,Sr6Ca2Fe5(CoO8)3_3
YMoO3_221,221,cubic,53,EuMoO3_221
YPt3C_221,221,cubic,51,EuBPd3_221
YRh3C_221,221,cubic,49,ErRu3C_221
YRhO3_62,62,orthorhombic,171,TmRhO3_62
YSbO3_221,221,cubic,14,BaSrNdSbO6_216
YSbO3_62,62,orthorhombic,8,Ba2TmMoO6_225
YScS3_62,62,orthorhombic,45,CsV5S8_12
YSiO3_221,221,cubic,155,ScCoO3_14
YSnO3_14,14,monoclinic,8,Ba2TmMoO6_225
YSnO3_221,221,cubic,53,EuMoO3_221
YTiO3_221,221,cubic,163,Sr6Ca2Fe5(CoO8)3_3
YV4(CuO4)3_148,148,trigonal,54,EuNiO3_62
YVO3_123,123,tetragonal,163,Sr6Ca2Fe5(CoO8)3_3
YVO3_14,14,monoclinic,171,TmRhO3_62
YWO3_221,221,cubic,166,SrPrZnBiO6_216
Zn(AgO2)2_62,62,orthorhombic,165,SrCa7Mn7CrO23_1
ZnAuO3_221,221,cubic,161,Sr3La7Mn7(FeO10)3_1
ZnBiO3_221,221,cubic,161,Sr3La7Mn7(FeO10)3_1
ZnCo3C_221,221,cubic,175,ZnNi3N_221
ZnCoO3_62,62,orthorhombic,2,AlVO3_62
ZnCuO3_221,221,cubic,174,ZnCuO3_221
ZnFe3C_221,221,cubic,175,ZnNi3N_221
ZnMoO3_62,62,orthorhombic,54,EuNiO3_62
ZnNF3_221,221,cubic,117,MnNF3_221
ZnNi3N_221,221,cubic,175,ZnNi3N_221
ZnSbO3_11,11,monoclinic,158,Sr2CrSbO6_12
ZnSiO3_221,221,cubic,1,AlNiO3_221
ZnSnO3_221,221,cubic,158,Sr2CrSbO6_12
ZnSnO3_62,62,orthorhombic,99,LaFeO3_2
Zr(TlS)4_2,2,triclinic,60,In9Pb4S17_55
ZrAlO3_221,221,cubic,155,ScCoO3_14
ZrBRh3_221,221,cubic,176,ZrBRh3_221
ZrNiO3_221,221,cubic,174,ZnCuO3_221
ZrOsO3_221,221,cubic,161,Sr3La7Mn7(FeO10)3_1
ZrRu3C_221,221,cubic,49,ErRu3C_221
ZrSiO3_221,221,cubic,155,ScCoO3_14
ZrTiO3_221,221,cubic,163,Sr6Ca2Fe5(CoO8)3_3
ZrZnO3_221,221,cubic,53,EuMoO3_221
